Order_ID,Order_Date,Customer_ID,Category,Product,Region,City,Quantity,Unit_Price,Discount,Sales,Cost,Profit,Payment_Method,Customer_Segment
ORD-03777,2025-01-01,CUST-0815,Furniture,Desk,West,Ahmedabad,7,176.1,0.05,1171.06,997.19,173.87,UPI,Small Business
ORD-03451,2025-01-01,CUST-0670,Office Supplies,Notebook,Central,Nagpur,7,36.04,0.1,227.05,170.12,56.93,Bank Transfer,Small Business
ORD-03201,2025-01-01,CUST-0669,Home & Kitchen,Vacuum Cleaner,North,Delhi,2,170.59,0.05,324.12,249.45,74.67,UPI,Small Business
ORD-00749,2025-01-01,CUST-0396,Office Supplies,Pen Set,North,Chandigarh,1,41.93,0.0,41.93,25.66,16.27,Bank Transfer,Consumer
ORD-04491,2025-01-01,CUST-0472,Furniture,Table,South,Bengaluru,2,284.65,0.05,540.83,373.17,167.66,Debit Card,Corporate
ORD-01098,2025-01-01,CUST-0806,Office Supplies,Printer Paper,East,Bhubaneswar,6,46.48,0.05,264.94,199.19,65.75,Cash,Small Business
ORD-01134,2025-01-01,CUST-0173,Furniture,Desk,South,Bengaluru,3,346.62,0.0,1039.86,680.06,359.8,Credit Card,Consumer
ORD-04215,2025-01-01,CUST-0522,Electronics,Laptop,Central,Bhopal,1,459.71,0.05,436.72,265.89,170.83,Cash,Small Business
ORD-03600,2025-01-01,CUST-0760,Office Supplies,Stapler,West,Ahmedabad,1,47.48,0.05,45.11,33.59,11.52,Bank Transfer,Corporate
ORD-01316,2025-01-01,CUST-0653,Electronics,Monitor,South,Hyderabad,5,406.94,0.1,1831.23,1443.01,388.22,Credit Card,Consumer
ORD-02038,2025-01-02,CUST-0529,Office Supplies,Calculator,East,Guwahati,6,39.62,0.1,213.95,162.85,51.1,Debit Card,Small Business
ORD-03489,2025-01-02,CUST-0648,Clothing,Backpack,South,Bengaluru,5,58.6,0.15,249.05,164.55,84.5,UPI,Small Business
ORD-04771,2025-01-02,CUST-0902,Home & Kitchen,Toaster,North,Jaipur,3,132.07,0.2,316.97,197.6,119.37,Credit Card,Consumer
ORD-04480,2025-01-02,CUST-0528,Electronics,Smartphone,Central,Nagpur,6,392.76,0.05,2238.73,1571.41,667.32,Cash,Corporate
ORD-01898,2025-01-02,CUST-0279,Clothing,T-Shirt,Central,Nagpur,5,45.47,0.15,193.25,136.78,56.47,Cash,Consumer
ORD-01821,2025-01-02,CUST-0798,Electronics,Smartphone,West,Ahmedabad,2,584.62,0.15,993.85,781.52,212.33,Credit Card,Consumer
ORD-04763,2025-01-02,CUST-0842,Office Supplies,Notebook,West,Mumbai,7,28.72,0.0,201.04,150.94,50.1,UPI,Small Business
ORD-01986,2025-01-02,CUST-0840,Electronics,Monitor,West,Ahmedabad,4,464.26,0.05,1764.19,1275.53,488.66,UPI,Corporate
ORD-00285,2025-01-02,CUST-0375,Home & Kitchen,Vacuum Cleaner,West,Ahmedabad,8,120.19,0.0,961.52,641.91,319.61,UPI,Small Business
ORD-02881,2025-01-02,CUST-0725,Office Supplies,Printer Paper,East,Guwahati,2,32.6,0.05,61.94,37.72,24.22,Cash,Consumer
ORD-02524,2025-01-02,CUST-0414,Furniture,Table,Central,Bhopal,5,219.79,0.05,1044.0,829.15,214.85,Debit Card,Corporate
ORD-01717,2025-01-02,CUST-0699,Office Supplies,Notebook,Central,Indore,1,40.08,0.0,40.08,23.97,16.11,Credit Card,Consumer
ORD-03202,2025-01-03,CUST-0448,Office Supplies,Calculator,South,Chennai,6,39.71,0.0,238.26,162.12,76.14,Credit Card,Small Business
ORD-02693,2025-01-03,CUST-0655,Clothing,Jacket,Central,Bhopal,1,51.5,0.05,48.92,39.57,9.35,UPI,Consumer
ORD-01189,2025-01-03,CUST-1166,Office Supplies,Stapler,North,Chandigarh,6,26.7,0.05,152.19,110.87,41.32,Cash,Consumer
ORD-04729,2025-01-03,CUST-0879,Electronics,Keyboard,Central,Indore,1,445.5,0.1,400.95,268.11,132.84,UPI,Small Business
ORD-03875,2025-01-03,CUST-0074,Furniture,Cabinet,West,Pune,4,391.66,0.1,1409.98,929.44,480.54,Debit Card,Small Business
ORD-03076,2025-01-03,CUST-0266,Clothing,Jeans,West,Pune,6,60.11,0.05,342.63,211.45,131.18,Bank Transfer,Consumer
ORD-04227,2025-01-03,CUST-0382,Electronics,Smartphone,South,Bengaluru,5,503.41,0.05,2391.2,1834.67,556.53,Debit Card,Consumer
ORD-03805,2025-01-03,CUST-1138,Clothing,Sneakers,East,Bhubaneswar,8,74.74,0.2,478.34,287.02,191.32,Debit Card,Consumer
ORD-02123,2025-01-03,CUST-0128,Clothing,T-Shirt,East,Bhubaneswar,2,99.56,0.0,199.12,141.29,57.83,UPI,Small Business
ORD-03317,2025-01-03,CUST-0395,Home & Kitchen,Toaster,North,Chandigarh,2,128.08,0.0,256.16,168.95,87.21,Cash,Corporate
ORD-00125,2025-01-03,CUST-0087,Office Supplies,Printer Paper,South,Hyderabad,7,50.19,0.0,351.33,209.71,141.62,UPI,Consumer
ORD-04959,2025-01-03,CUST-0677,Home & Kitchen,Vacuum Cleaner,South,Chennai,6,147.67,0.15,753.12,530.29,222.83,UPI,Consumer
ORD-00477,2025-01-04,CUST-0197,Clothing,T-Shirt,West,Ahmedabad,2,54.04,0.1,97.27,82.83,14.44,Credit Card,Consumer
ORD-03375,2025-01-04,CUST-0704,Clothing,Jacket,West,Mumbai,6,58.46,0.0,350.76,234.68,116.08,Bank Transfer,Corporate
ORD-00066,2025-01-04,CUST-0504,Home & Kitchen,Coffee Maker,West,Ahmedabad,7,103.64,0.15,616.66,402.19,214.47,UPI,Small Business
ORD-01948,2025-01-04,CUST-1120,Home & Kitchen,Vacuum Cleaner,East,Kolkata,5,122.93,0.1,553.19,472.77,80.42,Debit Card,Corporate
ORD-00894,2025-01-04,CUST-0997,Clothing,T-Shirt,East,Kolkata,5,55.41,0.05,263.2,179.2,84.0,UPI,Small Business
ORD-00888,2025-01-04,CUST-0771,Office Supplies,Notebook,East,Bhubaneswar,8,20.08,0.05,152.61,105.42,47.19,UPI,Consumer
ORD-03175,2025-01-04,CUST-0521,Furniture,Office Chair,East,Guwahati,3,251.09,0.0,753.27,527.5,225.77,UPI,Corporate
ORD-01156,2025-01-04,CUST-0511,Electronics,Keyboard,North,Delhi,5,427.83,0.0,2139.15,1260.58,878.57,UPI,Consumer
ORD-02222,2025-01-04,CUST-1129,Furniture,Table,West,Pune,7,168.44,0.0,1179.08,845.34,333.74,Credit Card,Small Business
ORD-00406,2025-01-04,CUST-0071,Furniture,Table,Central,Indore,1,254.95,0.1,229.46,177.95,51.51,UPI,Small Business
ORD-03573,2025-01-04,CUST-1097,Clothing,Jacket,Central,Bhopal,8,64.73,0.1,466.06,396.88,69.18,Credit Card,Consumer
ORD-03220,2025-01-05,CUST-0522,Office Supplies,Stapler,North,Chandigarh,1,29.23,0.05,27.77,23.22,4.55,Bank Transfer,Corporate
ORD-01876,2025-01-05,CUST-0518,Home & Kitchen,Toaster,Central,Nagpur,7,79.27,0.15,471.66,289.39,182.27,Credit Card,Corporate
ORD-03132,2025-01-05,CUST-0545,Home & Kitchen,Coffee Maker,North,Delhi,3,148.97,0.15,379.87,221.02,158.85,Bank Transfer,Consumer
ORD-03925,2025-01-05,CUST-0905,Electronics,Laptop,South,Bengaluru,6,615.41,0.15,3138.59,1998.64,1139.95,UPI,Small Business
ORD-03351,2025-01-05,CUST-1014,Clothing,Sneakers,East,Guwahati,6,61.58,0.0,369.48,289.43,80.05,UPI,Corporate
ORD-03089,2025-01-05,CUST-1170,Home & Kitchen,Vacuum Cleaner,West,Pune,2,132.69,0.0,265.38,178.5,86.88,Credit Card,Consumer
ORD-00235,2025-01-05,CUST-0883,Furniture,Table,Central,Indore,1,254.68,0.0,254.68,216.86,37.82,UPI,Small Business
ORD-02652,2025-01-05,CUST-0500,Electronics,Headphones,West,Mumbai,4,414.39,0.0,1657.56,1246.17,411.39,Debit Card,Consumer
ORD-04535,2025-01-05,CUST-1114,Clothing,Sneakers,Central,Indore,5,56.07,0.1,252.32,174.72,77.6,Debit Card,Consumer
ORD-02492,2025-01-05,CUST-0759,Electronics,Headphones,North,Chandigarh,4,428.73,0.05,1629.17,1250.09,379.08,Debit Card,Consumer
ORD-04117,2025-01-05,CUST-0113,Electronics,Smartphone,West,Pune,5,513.31,0.0,2566.55,1605.17,961.38,Credit Card,Consumer
ORD-01399,2025-01-05,CUST-0278,Clothing,T-Shirt,East,Bhubaneswar,1,54.17,0.15,46.04,29.45,16.59,Debit Card,Consumer
ORD-03611,2025-01-05,CUST-0619,Electronics,Headphones,North,Chandigarh,3,334.99,0.15,854.22,731.89,122.33,Bank Transfer,Consumer
ORD-00488,2025-01-05,CUST-0366,Clothing,T-Shirt,Central,Bhopal,3,62.72,0.15,159.94,120.69,39.25,Debit Card,Consumer
ORD-02347,2025-01-06,CUST-0680,Electronics,Monitor,Central,Indore,8,326.98,0.15,2223.46,1827.93,395.53,UPI,Consumer
ORD-01248,2025-01-06,CUST-0979,Electronics,Laptop,North,Jaipur,2,450.57,0.05,856.08,571.67,284.41,Bank Transfer,Corporate
ORD-03079,2025-01-06,CUST-1120,Electronics,Keyboard,Central,Bhopal,5,700.31,0.1,3151.4,1883.63,1267.77,Bank Transfer,Consumer
ORD-02727,2025-01-06,CUST-0174,Furniture,Cabinet,West,Mumbai,5,174.41,0.2,697.64,485.38,212.26,Credit Card,Small Business
ORD-04421,2025-01-06,CUST-1186,Clothing,T-Shirt,West,Ahmedabad,2,79.16,0.1,142.49,107.84,34.65,UPI,Consumer
ORD-01049,2025-01-06,CUST-0891,Home & Kitchen,Vacuum Cleaner,North,Chandigarh,3,124.94,0.05,356.08,235.67,120.41,Credit Card,Consumer
ORD-04089,2025-01-06,CUST-1023,Electronics,Headphones,South,Bengaluru,8,385.02,0.0,3080.16,2215.51,864.65,UPI,Small Business
ORD-03114,2025-01-07,CUST-0752,Office Supplies,Notebook,East,Guwahati,4,32.67,0.0,130.68,98.76,31.92,UPI,Consumer
ORD-03365,2025-01-07,CUST-0519,Office Supplies,Notebook,Central,Indore,1,39.31,0.0,39.31,26.22,13.09,Credit Card,Corporate
ORD-00405,2025-01-07,CUST-0381,Office Supplies,Printer Paper,North,Jaipur,6,32.4,0.0,194.4,127.04,67.36,Credit Card,Small Business
ORD-04354,2025-01-07,CUST-0063,Home & Kitchen,Coffee Maker,Central,Nagpur,4,129.49,0.2,414.37,275.84,138.53,Bank Transfer,Consumer
ORD-01065,2025-01-07,CUST-0423,Home & Kitchen,Toaster,East,Guwahati,6,139.56,0.1,753.62,484.01,269.61,UPI,Consumer
ORD-02299,2025-01-07,CUST-0259,Clothing,Jacket,North,Jaipur,7,64.47,0.1,406.16,347.12,59.04,Credit Card,Corporate
ORD-00517,2025-01-07,CUST-0325,Electronics,Keyboard,Central,Bhopal,5,331.3,0.0,1656.5,1071.51,584.99,UPI,Consumer
ORD-03848,2025-01-07,CUST-0304,Home & Kitchen,Coffee Maker,North,Jaipur,4,114.07,0.0,456.28,359.08,97.2,Cash,Consumer
ORD-00591,2025-01-07,CUST-0380,Home & Kitchen,Coffee Maker,South,Bengaluru,6,123.38,0.0,740.28,507.86,232.42,UPI,Small Business
ORD-03531,2025-01-07,CUST-0354,Electronics,Smartphone,West,Mumbai,6,457.87,0.0,2747.22,2243.32,503.9,Cash,Small Business
ORD-03262,2025-01-07,CUST-0086,Furniture,Desk,East,Bhubaneswar,4,265.98,0.15,904.33,737.93,166.4,Bank Transfer,Corporate
ORD-00227,2025-01-07,CUST-1007,Clothing,T-Shirt,South,Bengaluru,4,57.68,0.05,219.18,150.38,68.8,Credit Card,Consumer
ORD-02604,2025-01-07,CUST-0181,Electronics,Monitor,West,Pune,7,455.26,0.1,2868.14,1900.49,967.65,UPI,Consumer
ORD-01620,2025-01-07,CUST-0922,Clothing,T-Shirt,West,Ahmedabad,7,61.83,0.1,389.53,267.57,121.96,Bank Transfer,Consumer
ORD-03061,2025-01-08,CUST-0812,Electronics,Keyboard,Central,Nagpur,7,434.92,0.0,3044.44,1954.04,1090.4,UPI,Consumer
ORD-00397,2025-01-08,CUST-0212,Furniture,Desk,Central,Indore,5,210.96,0.1,949.32,727.8,221.52,UPI,Corporate
ORD-03448,2025-01-08,CUST-0790,Office Supplies,Stapler,West,Ahmedabad,6,40.28,0.05,229.6,166.49,63.11,Bank Transfer,Consumer
ORD-00048,2025-01-08,CUST-0698,Home & Kitchen,Vacuum Cleaner,West,Mumbai,2,96.98,0.0,193.96,137.68,56.28,Credit Card,Consumer
ORD-04373,2025-01-08,CUST-1063,Office Supplies,Calculator,Central,Bhopal,5,30.51,0.0,152.55,125.41,27.14,Debit Card,Consumer
ORD-00641,2025-01-08,CUST-0716,Home & Kitchen,Vacuum Cleaner,Central,Nagpur,2,122.95,0.15,209.02,124.15,84.87,UPI,Consumer
ORD-03241,2025-01-08,CUST-0424,Office Supplies,Notebook,North,Chandigarh,2,36.73,0.0,73.46,52.56,20.9,UPI,Consumer
ORD-01352,2025-01-08,CUST-0304,Clothing,T-Shirt,West,Pune,2,95.0,0.15,161.5,102.28,59.22,Cash,Corporate
ORD-00825,2025-01-08,CUST-1139,Office Supplies,Printer Paper,North,Chandigarh,5,49.8,0.05,236.55,165.8,70.75,Credit Card,Corporate
ORD-00805,2025-01-08,CUST-0655,Clothing,Backpack,South,Chennai,1,24.67,0.1,22.2,18.9,3.3,Credit Card,Corporate
ORD-01310,2025-01-08,CUST-0273,Office Supplies,Stapler,West,Ahmedabad,5,36.38,0.1,163.71,101.72,61.99,Credit Card,Consumer
ORD-03992,2025-01-08,CUST-0803,Furniture,Desk,West,Pune,6,276.68,0.0,1660.08,1029.51,630.57,Debit Card,Corporate
ORD-01000,2025-01-08,CUST-0293,Home & Kitchen,Vacuum Cleaner,North,Chandigarh,1,131.65,0.0,131.65,101.34,30.31,Debit Card,Consumer
ORD-04432,2025-01-08,CUST-0336,Furniture,Bookshelf,North,Chandigarh,4,264.76,0.05,1006.09,795.09,211.0,UPI,Consumer
ORD-00214,2025-01-08,CUST-0438,Clothing,T-Shirt,South,Bengaluru,5,77.43,0.1,348.44,210.12,138.32,UPI,Corporate
ORD-01186,2025-01-08,CUST-0669,Office Supplies,Notebook,East,Kolkata,8,27.22,0.0,217.76,157.01,60.75,Debit Card,Consumer
ORD-03379,2025-01-08,CUST-1024,Clothing,T-Shirt,East,Guwahati,5,58.39,0.1,262.76,199.76,63.0,UPI,Consumer
ORD-00107,2025-01-09,CUST-0975,Home & Kitchen,Blender,South,Chennai,7,139.76,0.0,978.32,679.31,299.01,Credit Card,Corporate
ORD-04176,2025-01-09,CUST-0321,Electronics,Keyboard,West,Mumbai,1,479.21,0.0,479.21,315.76,163.45,Credit Card,Consumer
ORD-01954,2025-01-09,CUST-0970,Home & Kitchen,Vacuum Cleaner,West,Mumbai,6,108.45,0.15,553.1,375.33,177.77,Cash,Consumer
ORD-04521,2025-01-09,CUST-0114,Home & Kitchen,Vacuum Cleaner,South,Hyderabad,8,98.31,0.05,747.16,467.92,279.24,Bank Transfer,Consumer
ORD-03811,2025-01-09,CUST-1004,Office Supplies,Stapler,East,Bhubaneswar,7,52.61,0.0,368.27,276.69,91.58,Credit Card,Consumer
ORD-02675,2025-01-09,CUST-0017,Office Supplies,Pen Set,East,Bhubaneswar,7,23.15,0.2,129.64,109.05,20.59,Debit Card,Consumer
ORD-04536,2025-01-09,CUST-1006,Office Supplies,Stapler,Central,Nagpur,2,36.59,0.15,62.2,42.93,19.27,Debit Card,Consumer
ORD-01019,2025-01-09,CUST-0059,Office Supplies,Printer Paper,Central,Nagpur,3,47.27,0.1,127.63,82.33,45.3,UPI,Consumer
ORD-03035,2025-01-09,CUST-0151,Electronics,Smartphone,West,Ahmedabad,5,280.69,0.05,1333.28,970.48,362.8,Debit Card,Consumer
ORD-03368,2025-01-09,CUST-0229,Furniture,Desk,South,Chennai,2,198.24,0.1,356.83,237.81,119.02,UPI,Consumer
ORD-04334,2025-01-09,CUST-1035,Home & Kitchen,Blender,North,Jaipur,7,139.6,0.15,830.62,653.27,177.35,UPI,Small Business
ORD-04028,2025-01-09,CUST-0320,Electronics,Monitor,Central,Indore,1,397.54,0.0,397.54,290.94,106.6,UPI,Consumer
ORD-02458,2025-01-09,CUST-0467,Electronics,Keyboard,Central,Indore,3,257.1,0.2,617.04,503.64,113.4,Bank Transfer,Consumer
ORD-02755,2025-01-09,CUST-0003,Office Supplies,Printer Paper,West,Ahmedabad,6,41.59,0.15,212.11,162.6,49.51,UPI,Corporate
ORD-00726,2025-01-10,CUST-0769,Office Supplies,Pen Set,South,Chennai,7,35.29,0.05,234.68,155.27,79.41,Credit Card,Small Business
ORD-02941,2025-01-10,CUST-0064,Clothing,Jeans,Central,Indore,1,55.02,0.0,55.02,42.81,12.21,Credit Card,Small Business
ORD-04524,2025-01-10,CUST-0306,Office Supplies,Calculator,North,Jaipur,3,35.69,0.05,101.72,60.27,41.45,UPI,Consumer
ORD-04658,2025-01-10,CUST-0517,Office Supplies,Notebook,North,Delhi,2,25.93,0.0,51.86,39.21,12.65,UPI,Consumer
ORD-00174,2025-01-10,CUST-0488,Clothing,Sneakers,South,Hyderabad,7,59.21,0.0,414.47,309.85,104.62,UPI,Consumer
ORD-00511,2025-01-10,CUST-1051,Electronics,Laptop,Central,Bhopal,7,416.58,0.0,2916.06,2110.07,805.99,UPI,Corporate
ORD-03639,2025-01-10,CUST-0675,Electronics,Laptop,West,Mumbai,7,516.96,0.05,3437.78,2492.29,945.49,Debit Card,Small Business
ORD-03691,2025-01-10,CUST-0544,Electronics,Monitor,West,Pune,4,551.36,0.0,2205.44,1416.35,789.09,UPI,Corporate
ORD-02336,2025-01-10,CUST-0011,Home & Kitchen,Coffee Maker,South,Hyderabad,1,171.92,0.2,137.54,103.77,33.77,Debit Card,Corporate
ORD-02330,2025-01-10,CUST-0770,Office Supplies,Calculator,West,Mumbai,4,35.36,0.0,141.44,112.0,29.44,UPI,Consumer
ORD-02519,2025-01-10,CUST-1122,Office Supplies,Notebook,Central,Bhopal,5,42.55,0.0,212.75,180.83,31.92,Debit Card,Consumer
ORD-04687,2025-01-10,CUST-0545,Home & Kitchen,Blender,Central,Bhopal,6,106.42,0.1,574.67,471.04,103.63,Cash,Consumer
ORD-01941,2025-01-10,CUST-0324,Furniture,Desk,West,Ahmedabad,1,321.73,0.15,273.47,164.73,108.74,Bank Transfer,Small Business
ORD-04901,2025-01-11,CUST-0529,Office Supplies,Stapler,Central,Nagpur,6,42.49,0.0,254.94,196.23,58.71,UPI,Consumer
ORD-03145,2025-01-11,CUST-0951,Office Supplies,Pen Set,East,Guwahati,5,30.62,0.1,137.79,92.52,45.27,UPI,Consumer
ORD-02027,2025-01-11,CUST-0087,Electronics,Laptop,Central,Indore,6,470.33,0.15,2398.68,1423.4,975.28,Cash,Small Business
ORD-02637,2025-01-11,CUST-1066,Furniture,Desk,Central,Nagpur,8,245.81,0.2,1573.18,1207.95,365.23,UPI,Corporate
ORD-01893,2025-01-11,CUST-1063,Clothing,Jacket,East,Kolkata,6,68.73,0.05,391.76,263.53,128.23,Credit Card,Consumer
ORD-00400,2025-01-11,CUST-0902,Office Supplies,Pen Set,South,Chennai,6,29.38,0.05,167.47,109.88,57.59,Debit Card,Consumer
ORD-02668,2025-01-11,CUST-0312,Clothing,Jeans,Central,Bhopal,4,47.4,0.15,161.16,106.56,54.6,Cash,Corporate
ORD-03238,2025-01-11,CUST-0245,Electronics,Monitor,West,Mumbai,3,750.48,0.0,2251.44,1369.75,881.69,UPI,Consumer
ORD-03064,2025-01-11,CUST-1026,Electronics,Keyboard,West,Pune,7,560.46,0.0,3923.22,2728.51,1194.71,UPI,Consumer
ORD-03134,2025-01-11,CUST-1038,Home & Kitchen,Toaster,South,Hyderabad,7,134.13,0.0,938.91,585.78,353.13,Debit Card,Corporate
ORD-02536,2025-01-12,CUST-0235,Office Supplies,Pen Set,North,Chandigarh,3,43.0,0.05,122.55,75.67,46.88,Debit Card,Consumer
ORD-00600,2025-01-12,CUST-1035,Clothing,T-Shirt,East,Guwahati,2,51.58,0.0,103.16,60.92,42.24,Debit Card,Consumer
ORD-01265,2025-01-12,CUST-0098,Office Supplies,Notebook,South,Hyderabad,7,41.57,0.1,261.89,185.58,76.31,UPI,Small Business
ORD-03872,2025-01-12,CUST-0954,Home & Kitchen,Coffee Maker,East,Bhubaneswar,5,89.08,0.2,356.32,288.07,68.25,Debit Card,Consumer
ORD-03551,2025-01-12,CUST-1168,Clothing,T-Shirt,East,Bhubaneswar,6,44.03,0.2,211.34,170.07,41.27,UPI,Consumer
ORD-04436,2025-01-12,CUST-0478,Office Supplies,Calculator,North,Delhi,7,41.47,0.1,261.26,176.28,84.98,Credit Card,Corporate
ORD-03436,2025-01-12,CUST-1172,Clothing,Jacket,East,Guwahati,5,54.53,0.05,259.02,156.17,102.85,Credit Card,Consumer
ORD-01551,2025-01-12,CUST-0029,Office Supplies,Printer Paper,West,Ahmedabad,4,31.88,0.0,127.52,77.43,50.09,UPI,Corporate
ORD-01711,2025-01-12,CUST-1117,Clothing,Jacket,North,Jaipur,6,57.91,0.2,277.97,207.86,70.11,Cash,Consumer
ORD-00386,2025-01-12,CUST-0962,Electronics,Monitor,Central,Nagpur,3,373.84,0.1,1009.37,753.38,255.99,Cash,Consumer
ORD-01021,2025-01-12,CUST-0506,Electronics,Smartphone,South,Hyderabad,3,593.9,0.05,1692.61,1287.1,405.51,Debit Card,Consumer
ORD-00824,2025-01-13,CUST-0448,Electronics,Smartphone,West,Ahmedabad,3,359.33,0.1,970.19,631.19,339.0,Bank Transfer,Consumer
ORD-03006,2025-01-13,CUST-0437,Office Supplies,Notebook,East,Guwahati,7,35.99,0.05,239.33,156.33,83.0,UPI,Consumer
ORD-02381,2025-01-13,CUST-0876,Home & Kitchen,Toaster,East,Bhubaneswar,1,93.75,0.0,93.75,72.39,21.36,Debit Card,Consumer
ORD-04243,2025-01-13,CUST-1023,Office Supplies,Calculator,South,Chennai,3,32.15,0.05,91.63,63.98,27.65,UPI,Consumer
ORD-00344,2025-01-13,CUST-0276,Electronics,Smartphone,West,Ahmedabad,5,351.34,0.15,1493.19,1197.43,295.76,Debit Card,Consumer
ORD-00166,2025-01-13,CUST-0338,Clothing,Jeans,Central,Bhopal,5,71.43,0.15,303.58,229.57,74.01,Credit Card,Consumer
ORD-00665,2025-01-13,CUST-0653,Electronics,Monitor,Central,Bhopal,4,534.4,0.0,2137.6,1753.8,383.8,UPI,Consumer
ORD-01457,2025-01-13,CUST-0106,Electronics,Keyboard,West,Ahmedabad,1,350.34,0.05,332.82,201.84,130.98,Credit Card,Consumer
ORD-01689,2025-01-13,CUST-0213,Clothing,Jacket,North,Chandigarh,3,78.46,0.1,211.84,156.68,55.16,Debit Card,Small Business
ORD-03911,2025-01-13,CUST-0206,Furniture,Desk,South,Bengaluru,6,182.46,0.1,985.28,597.87,387.41,Debit Card,Corporate
ORD-04359,2025-01-13,CUST-0586,Furniture,Cabinet,South,Chennai,7,296.34,0.05,1970.66,1341.8,628.86,Bank Transfer,Small Business
ORD-00027,2025-01-13,CUST-0512,Clothing,Jacket,South,Bengaluru,4,67.73,0.1,243.83,185.8,58.03,Debit Card,Consumer
ORD-01041,2025-01-13,CUST-0193,Home & Kitchen,Vacuum Cleaner,Central,Indore,7,103.7,0.1,653.31,385.13,268.18,UPI,Consumer
ORD-00570,2025-01-13,CUST-0371,Clothing,T-Shirt,East,Kolkata,3,91.69,0.1,247.56,154.48,93.08,UPI,Corporate
ORD-00336,2025-01-13,CUST-0166,Clothing,Sneakers,North,Delhi,8,53.06,0.2,339.58,213.13,126.45,Bank Transfer,Consumer
ORD-00944,2025-01-14,CUST-0872,Home & Kitchen,Toaster,West,Mumbai,8,138.89,0.1,1000.01,701.94,298.07,UPI,Corporate
ORD-03694,2025-01-14,CUST-0288,Office Supplies,Calculator,Central,Bhopal,1,38.0,0.1,34.2,22.63,11.57,Bank Transfer,Consumer
ORD-04068,2025-01-14,CUST-0834,Office Supplies,Pen Set,West,Ahmedabad,3,28.37,0.05,80.85,48.78,32.07,Credit Card,Corporate
ORD-00794,2025-01-14,CUST-0565,Furniture,Desk,Central,Bhopal,7,318.34,0.15,1894.12,1549.8,344.32,Credit Card,Consumer
ORD-01238,2025-01-14,CUST-0138,Home & Kitchen,Toaster,North,Delhi,5,111.75,0.0,558.75,337.81,220.94,UPI,Consumer
ORD-02205,2025-01-14,CUST-0081,Office Supplies,Printer Paper,Central,Bhopal,8,30.44,0.1,219.17,170.07,49.1,UPI,Consumer
ORD-00876,2025-01-14,CUST-0383,Furniture,Cabinet,Central,Indore,2,204.86,0.0,409.72,297.51,112.21,Credit Card,Consumer
ORD-01585,2025-01-14,CUST-1182,Home & Kitchen,Toaster,South,Hyderabad,6,150.38,0.1,812.05,545.51,266.54,Bank Transfer,Consumer
ORD-03608,2025-01-14,CUST-0659,Home & Kitchen,Coffee Maker,West,Pune,6,145.9,0.05,831.63,713.37,118.26,UPI,Small Business
ORD-03425,2025-01-14,CUST-0003,Clothing,Sneakers,East,Guwahati,6,37.92,0.0,227.52,167.6,59.92,Debit Card,Consumer
ORD-00047,2025-01-14,CUST-0971,Home & Kitchen,Coffee Maker,North,Delhi,7,184.6,0.05,1227.59,1021.75,205.84,Debit Card,Small Business
ORD-00165,2025-01-14,CUST-0405,Clothing,Jacket,East,Bhubaneswar,7,73.18,0.0,512.26,356.8,155.46,Credit Card,Consumer
ORD-03543,2025-01-14,CUST-0926,Clothing,Backpack,Central,Bhopal,2,65.73,0.05,124.89,103.77,21.12,Debit Card,Consumer
ORD-03119,2025-01-14,CUST-1196,Office Supplies,Pen Set,West,Ahmedabad,7,42.37,0.2,237.27,181.1,56.17,UPI,Corporate
ORD-02515,2025-01-14,CUST-0333,Electronics,Smartphone,West,Pune,4,526.58,0.05,2001.0,1568.18,432.82,UPI,Corporate
ORD-01568,2025-01-14,CUST-0023,Clothing,Jacket,North,Jaipur,1,69.83,0.1,62.85,47.26,15.59,UPI,Consumer
ORD-01913,2025-01-15,CUST-0087,Furniture,Table,East,Guwahati,8,300.9,0.0,2407.2,1644.16,763.04,UPI,Consumer
ORD-01622,2025-01-15,CUST-1067,Furniture,Cabinet,East,Kolkata,1,303.05,0.1,272.74,208.85,63.89,UPI,Consumer
ORD-01647,2025-01-15,CUST-1024,Electronics,Keyboard,West,Ahmedabad,6,490.55,0.1,2648.97,1921.54,727.43,Bank Transfer,Small Business
ORD-00942,2025-01-15,CUST-0035,Electronics,Monitor,East,Bhubaneswar,7,494.95,0.1,3118.18,2544.52,573.66,Debit Card,Consumer
ORD-00647,2025-01-15,CUST-1190,Electronics,Laptop,Central,Indore,5,502.11,0.05,2385.02,1643.95,741.07,UPI,Consumer
ORD-03374,2025-01-15,CUST-0853,Electronics,Laptop,Central,Bhopal,1,203.01,0.05,192.86,145.72,47.14,Credit Card,Consumer
ORD-04756,2025-01-15,CUST-0692,Office Supplies,Calculator,West,Mumbai,5,43.3,0.0,216.5,162.34,54.16,Credit Card,Consumer
ORD-00573,2025-01-15,CUST-0978,Clothing,Jeans,Central,Nagpur,4,55.9,0.0,223.6,177.47,46.13,Credit Card,Small Business
ORD-03908,2025-01-15,CUST-1175,Electronics,Headphones,South,Hyderabad,7,525.57,0.05,3495.04,2144.74,1350.3,Bank Transfer,Consumer
ORD-04396,2025-01-15,CUST-0409,Electronics,Headphones,West,Ahmedabad,1,331.26,0.0,331.26,201.33,129.93,Credit Card,Consumer
ORD-03927,2025-01-15,CUST-1130,Clothing,Backpack,West,Ahmedabad,7,58.16,0.0,407.12,255.15,151.97,Bank Transfer,Small Business
ORD-04559,2025-01-15,CUST-0971,Clothing,Jacket,North,Delhi,8,97.43,0.15,662.52,389.02,273.5,Debit Card,Corporate
ORD-00557,2025-01-16,CUST-0965,Office Supplies,Pen Set,North,Chandigarh,7,24.89,0.05,165.52,116.4,49.12,UPI,Corporate
ORD-00278,2025-01-16,CUST-0753,Electronics,Monitor,West,Ahmedabad,8,577.53,0.1,4158.22,3043.37,1114.85,Debit Card,Consumer
ORD-01500,2025-01-16,CUST-0114,Furniture,Bookshelf,West,Ahmedabad,5,150.29,0.05,713.88,442.46,271.42,UPI,Consumer
ORD-02539,2025-01-16,CUST-0006,Electronics,Smartphone,East,Guwahati,8,526.11,0.05,3998.44,3101.14,897.3,Credit Card,Consumer
ORD-04930,2025-01-16,CUST-0772,Clothing,Jacket,West,Mumbai,3,88.95,0.1,240.17,163.58,76.59,UPI,Corporate
ORD-03189,2025-01-16,CUST-0350,Electronics,Smartphone,South,Bengaluru,3,594.07,0.0,1782.21,1295.7,486.51,UPI,Consumer
ORD-03852,2025-01-16,CUST-0320,Office Supplies,Notebook,North,Delhi,5,29.42,0.15,125.04,79.09,45.95,UPI,Consumer
ORD-01920,2025-01-16,CUST-0773,Furniture,Table,West,Ahmedabad,4,276.87,0.1,996.73,713.71,283.02,Debit Card,Small Business
ORD-04098,2025-01-16,CUST-1090,Furniture,Table,South,Bengaluru,1,312.77,0.0,312.77,223.12,89.65,UPI,Consumer
ORD-00938,2025-01-16,CUST-0927,Office Supplies,Printer Paper,East,Guwahati,4,39.37,0.1,141.73,109.46,32.27,Debit Card,Corporate
ORD-01398,2025-01-16,CUST-1072,Furniture,Office Chair,Central,Bhopal,5,317.4,0.0,1587.0,1184.27,402.73,Cash,Corporate
ORD-01082,2025-01-17,CUST-1104,Furniture,Table,South,Hyderabad,5,231.68,0.0,1158.4,894.5,263.9,Cash,Consumer
ORD-03366,2025-01-17,CUST-0093,Office Supplies,Printer Paper,North,Delhi,1,14.69,0.0,14.69,10.1,4.59,UPI,Consumer
ORD-02957,2025-01-17,CUST-0062,Furniture,Table,North,Chandigarh,4,356.4,0.15,1211.76,803.33,408.43,UPI,Small Business
ORD-01026,2025-01-17,CUST-0499,Office Supplies,Printer Paper,North,Delhi,2,39.62,0.0,79.24,67.47,11.77,Credit Card,Corporate
ORD-03392,2025-01-17,CUST-0065,Electronics,Keyboard,North,Jaipur,7,680.09,0.05,4522.6,2841.5,1681.1,Debit Card,Consumer
ORD-00270,2025-01-17,CUST-0693,Home & Kitchen,Cookware Set,South,Chennai,2,76.1,0.2,121.76,83.79,37.97,Debit Card,Corporate
ORD-00774,2025-01-17,CUST-0838,Furniture,Table,North,Chandigarh,5,217.14,0.0,1085.7,730.12,355.58,Debit Card,Consumer
ORD-02547,2025-01-17,CUST-0690,Home & Kitchen,Blender,South,Chennai,7,105.98,0.2,593.49,476.68,116.81,UPI,Corporate
ORD-04007,2025-01-17,CUST-0812,Electronics,Monitor,Central,Nagpur,8,425.36,0.2,2722.3,2111.18,611.12,Bank Transfer,Consumer
ORD-03718,2025-01-17,CUST-0217,Office Supplies,Notebook,North,Jaipur,1,29.81,0.05,28.32,16.53,11.79,Credit Card,Consumer
ORD-03252,2025-01-18,CUST-0251,Office Supplies,Printer Paper,West,Ahmedabad,5,36.3,0.1,163.35,117.27,46.08,UPI,Corporate
ORD-01403,2025-01-18,CUST-0612,Office Supplies,Pen Set,West,Pune,5,34.84,0.0,174.2,108.87,65.33,Credit Card,Corporate
ORD-04497,2025-01-18,CUST-0692,Furniture,Bookshelf,North,Chandigarh,7,197.45,0.1,1243.94,1050.86,193.08,UPI,Corporate
ORD-02947,2025-01-18,CUST-1075,Clothing,Backpack,West,Pune,3,67.3,0.1,181.71,114.12,67.59,Credit Card,Consumer
ORD-01998,2025-01-18,CUST-0888,Clothing,Jacket,East,Guwahati,6,46.11,0.05,262.83,171.05,91.78,UPI,Consumer
ORD-04181,2025-01-18,CUST-0465,Electronics,Monitor,West,Pune,2,403.51,0.0,807.02,659.68,147.34,Credit Card,Consumer
ORD-01104,2025-01-19,CUST-0113,Home & Kitchen,Blender,Central,Nagpur,4,116.02,0.0,464.08,395.23,68.85,Bank Transfer,Corporate
ORD-00716,2025-01-19,CUST-1034,Home & Kitchen,Blender,West,Pune,4,123.78,0.05,470.36,292.31,178.05,Debit Card,Consumer
ORD-04718,2025-01-19,CUST-0116,Office Supplies,Printer Paper,North,Delhi,6,52.5,0.0,315.0,248.07,66.93,Credit Card,Consumer
ORD-04899,2025-01-19,CUST-0052,Furniture,Desk,East,Kolkata,3,342.37,0.05,975.75,610.04,365.71,Credit Card,Consumer
ORD-02075,2025-01-19,CUST-0954,Home & Kitchen,Toaster,South,Bengaluru,7,140.33,0.05,933.19,713.34,219.85,Cash,Consumer
ORD-02064,2025-01-19,CUST-0089,Home & Kitchen,Toaster,North,Delhi,2,173.69,0.0,347.38,218.94,128.44,Credit Card,Consumer
ORD-02188,2025-01-19,CUST-0289,Furniture,Desk,West,Ahmedabad,7,318.02,0.05,2114.83,1260.94,853.89,UPI,Small Business
ORD-01276,2025-01-19,CUST-0080,Clothing,T-Shirt,East,Bhubaneswar,1,63.08,0.0,63.08,41.35,21.73,Credit Card,Consumer
ORD-00853,2025-01-19,CUST-0662,Furniture,Desk,South,Chennai,1,281.26,0.05,267.2,198.15,69.05,UPI,Consumer
ORD-00505,2025-01-19,CUST-0552,Electronics,Smartphone,North,Delhi,8,527.39,0.15,3586.25,2473.92,1112.33,Credit Card,Consumer
ORD-03432,2025-01-19,CUST-0495,Furniture,Cabinet,Central,Bhopal,7,333.76,0.1,2102.69,1655.16,447.53,UPI,Consumer
ORD-01747,2025-01-19,CUST-0052,Electronics,Monitor,North,Delhi,4,489.37,0.1,1761.73,1387.09,374.64,Debit Card,Consumer
ORD-03322,2025-01-19,CUST-0904,Office Supplies,Printer Paper,South,Bengaluru,1,23.73,0.15,20.17,13.0,7.17,UPI,Corporate
ORD-01800,2025-01-19,CUST-0557,Home & Kitchen,Coffee Maker,Central,Nagpur,4,129.06,0.0,516.24,306.79,209.45,Bank Transfer,Small Business
ORD-00128,2025-01-20,CUST-0608,Home & Kitchen,Toaster,West,Pune,4,77.64,0.0,310.56,255.52,55.04,UPI,Consumer
ORD-04586,2025-01-20,CUST-0628,Office Supplies,Pen Set,Central,Bhopal,4,18.44,0.05,70.07,50.48,19.59,Bank Transfer,Consumer
ORD-00951,2025-01-20,CUST-0795,Electronics,Headphones,West,Mumbai,2,421.61,0.0,843.22,612.58,230.64,UPI,Consumer
ORD-03654,2025-01-20,CUST-0573,Furniture,Table,Central,Nagpur,1,296.91,0.0,296.91,248.39,48.52,UPI,Corporate
ORD-03592,2025-01-20,CUST-0594,Office Supplies,Pen Set,West,Ahmedabad,7,24.77,0.0,173.39,115.79,57.6,Debit Card,Consumer
ORD-03444,2025-01-20,CUST-0223,Furniture,Table,West,Mumbai,3,132.59,0.0,397.77,243.99,153.78,Cash,Consumer
ORD-03001,2025-01-20,CUST-0222,Home & Kitchen,Coffee Maker,North,Jaipur,5,104.06,0.1,468.27,398.81,69.46,Credit Card,Consumer
ORD-00549,2025-01-20,CUST-0520,Electronics,Smartphone,South,Hyderabad,2,432.8,0.1,779.04,503.5,275.54,UPI,Corporate
ORD-04292,2025-01-20,CUST-0348,Office Supplies,Stapler,East,Guwahati,3,29.37,0.15,74.89,54.75,20.14,UPI,Small Business
ORD-02574,2025-01-20,CUST-0941,Electronics,Keyboard,West,Mumbai,3,573.34,0.0,1720.02,1468.26,251.76,UPI,Corporate
ORD-04042,2025-01-20,CUST-0975,Furniture,Table,Central,Indore,6,358.61,0.0,2151.66,1557.15,594.51,UPI,Corporate
ORD-01401,2025-01-20,CUST-1177,Clothing,T-Shirt,East,Kolkata,4,62.98,0.0,251.92,203.87,48.05,Debit Card,Consumer
ORD-00607,2025-01-20,CUST-0503,Office Supplies,Pen Set,Central,Indore,8,24.35,0.05,185.06,156.08,28.98,Debit Card,Consumer
ORD-04917,2025-01-20,CUST-1168,Clothing,Backpack,East,Guwahati,5,100.43,0.0,502.15,362.91,139.24,UPI,Consumer
ORD-02788,2025-01-20,CUST-0901,Home & Kitchen,Blender,Central,Nagpur,8,120.99,0.15,822.73,664.33,158.4,Debit Card,Consumer
ORD-03709,2025-01-20,CUST-1171,Furniture,Cabinet,North,Delhi,1,269.25,0.05,255.79,215.74,40.05,Cash,Consumer
ORD-00181,2025-01-20,CUST-0698,Clothing,T-Shirt,South,Bengaluru,3,69.51,0.05,198.1,142.75,55.35,Debit Card,Consumer
ORD-03554,2025-01-21,CUST-0472,Furniture,Office Chair,South,Hyderabad,1,177.13,0.1,159.42,135.01,24.41,UPI,Consumer
ORD-04067,2025-01-21,CUST-0570,Electronics,Monitor,South,Chennai,1,581.89,0.15,494.61,344.59,150.02,Debit Card,Consumer
ORD-02930,2025-01-21,CUST-1009,Electronics,Monitor,Central,Bhopal,8,315.28,0.0,2522.24,2018.68,503.56,UPI,Consumer
ORD-03828,2025-01-21,CUST-0469,Office Supplies,Printer Paper,Central,Nagpur,8,21.98,0.05,167.05,117.66,49.39,Credit Card,Consumer
ORD-04093,2025-01-21,CUST-0033,Furniture,Bookshelf,West,Mumbai,7,356.52,0.05,2370.86,1910.1,460.76,Credit Card,Consumer
ORD-00001,2025-01-21,CUST-0872,Furniture,Cabinet,East,Kolkata,7,215.82,0.05,1435.2,966.52,468.68,UPI,Consumer
ORD-04393,2025-01-21,CUST-0160,Furniture,Desk,South,Bengaluru,2,233.83,0.0,467.66,353.81,113.85,UPI,Corporate
ORD-02087,2025-01-21,CUST-0618,Electronics,Headphones,Central,Nagpur,3,437.77,0.0,1313.31,781.49,531.82,UPI,Consumer
ORD-01939,2025-01-21,CUST-0117,Furniture,Cabinet,West,Pune,8,295.84,0.0,2366.72,1473.61,893.11,Credit Card,Small Business
ORD-02093,2025-01-21,CUST-0877,Office Supplies,Pen Set,Central,Nagpur,7,31.02,0.1,195.43,128.23,67.2,Cash,Consumer
ORD-00858,2025-01-21,CUST-0822,Office Supplies,Calculator,West,Ahmedabad,8,38.22,0.05,290.47,174.25,116.22,UPI,Small Business
ORD-04645,2025-01-21,CUST-0603,Clothing,Jacket,Central,Nagpur,2,43.8,0.05,83.22,65.65,17.57,Bank Transfer,Consumer
ORD-01770,2025-01-21,CUST-0555,Office Supplies,Pen Set,East,Kolkata,5,26.72,0.0,133.6,80.15,53.45,UPI,Consumer
ORD-04680,2025-01-21,CUST-0764,Electronics,Smartphone,South,Chennai,3,444.01,0.0,1332.03,1084.24,247.79,UPI,Corporate
ORD-04688,2025-01-21,CUST-0556,Office Supplies,Notebook,East,Bhubaneswar,5,26.92,0.0,134.6,80.33,54.27,Debit Card,Consumer
ORD-02028,2025-01-21,CUST-0156,Office Supplies,Calculator,East,Kolkata,1,28.52,0.05,27.09,16.01,11.08,Bank Transfer,Corporate
ORD-00914,2025-01-21,CUST-0414,Clothing,Jacket,South,Chennai,4,47.2,0.05,179.36,151.64,27.72,UPI,Consumer
ORD-01542,2025-01-21,CUST-0612,Furniture,Cabinet,North,Delhi,4,292.02,0.05,1109.68,786.3,323.38,UPI,Consumer
ORD-02251,2025-01-21,CUST-0859,Clothing,Sneakers,West,Mumbai,3,101.45,0.15,258.7,165.03,93.67,Credit Card,Consumer
ORD-04832,2025-01-21,CUST-0304,Office Supplies,Notebook,East,Guwahati,6,43.44,0.0,260.64,187.57,73.07,Bank Transfer,Corporate
ORD-00840,2025-01-21,CUST-0371,Office Supplies,Notebook,North,Chandigarh,7,32.39,0.0,226.73,141.54,85.19,UPI,Small Business
ORD-00737,2025-01-21,CUST-0739,Office Supplies,Pen Set,Central,Bhopal,1,22.13,0.2,17.7,13.26,4.44,Credit Card,Small Business
ORD-02315,2025-01-21,CUST-0058,Office Supplies,Calculator,West,Pune,5,35.05,0.0,175.25,120.9,54.35,Debit Card,Consumer
ORD-01218,2025-01-21,CUST-0202,Home & Kitchen,Cookware Set,West,Pune,5,183.5,0.0,917.5,753.26,164.24,Cash,Small Business
ORD-01051,2025-01-21,CUST-0390,Electronics,Monitor,Central,Nagpur,3,537.3,0.05,1531.3,1080.22,451.08,UPI,Small Business
ORD-04349,2025-01-22,CUST-0846,Office Supplies,Printer Paper,South,Hyderabad,1,43.3,0.0,43.3,36.32,6.98,Bank Transfer,Corporate
ORD-04110,2025-01-22,CUST-0304,Furniture,Office Chair,North,Jaipur,1,275.34,0.0,275.34,161.07,114.27,UPI,Consumer
ORD-04571,2025-01-22,CUST-0059,Home & Kitchen,Vacuum Cleaner,East,Kolkata,1,136.15,0.15,115.73,88.94,26.79,Credit Card,Consumer
ORD-03216,2025-01-22,CUST-0274,Clothing,Jacket,East,Bhubaneswar,4,70.06,0.1,252.22,184.7,67.52,Bank Transfer,Corporate
ORD-03218,2025-01-22,CUST-0373,Electronics,Monitor,North,Jaipur,1,511.88,0.0,511.88,414.19,97.69,Debit Card,Consumer
ORD-00635,2025-01-22,CUST-0168,Furniture,Table,East,Kolkata,2,305.85,0.0,611.7,396.67,215.03,Debit Card,Consumer
ORD-00520,2025-01-22,CUST-0442,Furniture,Bookshelf,East,Bhubaneswar,7,206.83,0.0,1447.81,1189.26,258.55,Bank Transfer,Small Business
ORD-00059,2025-01-22,CUST-1102,Electronics,Keyboard,South,Bengaluru,5,639.33,0.05,3036.82,2521.72,515.1,Debit Card,Consumer
ORD-03410,2025-01-22,CUST-0274,Electronics,Headphones,East,Kolkata,2,386.13,0.2,617.81,525.91,91.9,UPI,Consumer
ORD-03518,2025-01-22,CUST-1015,Electronics,Laptop,North,Chandigarh,3,441.37,0.1,1191.7,986.68,205.02,UPI,Small Business
ORD-04943,2025-01-22,CUST-0654,Electronics,Keyboard,West,Ahmedabad,7,377.98,0.15,2248.98,1814.77,434.21,UPI,Corporate
ORD-03537,2025-01-22,CUST-1046,Electronics,Keyboard,East,Guwahati,6,402.34,0.0,2414.04,1831.77,582.27,Credit Card,Small Business
ORD-04533,2025-01-22,CUST-0274,Clothing,Jeans,Central,Bhopal,2,47.2,0.15,80.24,49.58,30.66,UPI,Consumer
ORD-02950,2025-01-22,CUST-0925,Office Supplies,Stapler,West,Mumbai,4,40.52,0.0,162.08,132.23,29.85,Bank Transfer,Consumer
ORD-02001,2025-01-22,CUST-0377,Home & Kitchen,Coffee Maker,Central,Nagpur,2,80.53,0.15,136.9,92.36,44.54,UPI,Consumer
ORD-02447,2025-01-22,CUST-0736,Electronics,Laptop,East,Kolkata,8,343.06,0.0,2744.48,2177.25,567.23,Debit Card,Small Business
ORD-02593,2025-01-22,CUST-0956,Electronics,Headphones,South,Chennai,4,400.89,0.0,1603.56,956.64,646.92,Debit Card,Small Business
ORD-04015,2025-01-22,CUST-0174,Electronics,Keyboard,West,Mumbai,2,333.46,0.1,600.23,468.45,131.78,UPI,Consumer
ORD-01902,2025-01-23,CUST-1127,Clothing,Jacket,West,Ahmedabad,3,73.8,0.0,221.4,131.35,90.05,UPI,Consumer
ORD-02529,2025-01-23,CUST-0625,Electronics,Laptop,South,Bengaluru,8,600.14,0.15,4080.95,3128.21,952.74,UPI,Consumer
ORD-03948,2025-01-23,CUST-0387,Home & Kitchen,Cookware Set,East,Kolkata,7,110.81,0.05,736.89,515.04,221.85,Debit Card,Corporate
ORD-01979,2025-01-23,CUST-0405,Clothing,T-Shirt,Central,Nagpur,4,75.53,0.0,302.12,197.85,104.27,Cash,Consumer
ORD-02557,2025-01-23,CUST-0094,Clothing,Jacket,Central,Nagpur,4,50.51,0.0,202.04,149.98,52.06,Debit Card,Consumer
ORD-01163,2025-01-23,CUST-0278,Home & Kitchen,Toaster,Central,Nagpur,5,146.78,0.15,623.81,530.55,93.26,UPI,Consumer
ORD-03149,2025-01-23,CUST-0218,Office Supplies,Stapler,Central,Nagpur,4,27.85,0.0,111.4,94.8,16.6,Debit Card,Small Business
ORD-03740,2025-01-23,CUST-0608,Clothing,Sneakers,Central,Bhopal,7,57.15,0.15,340.04,220.82,119.22,Debit Card,Small Business
ORD-03682,2025-01-23,CUST-1046,Clothing,T-Shirt,North,Delhi,7,55.47,0.0,388.29,313.91,74.38,UPI,Consumer
ORD-00245,2025-01-23,CUST-0160,Office Supplies,Notebook,North,Chandigarh,8,54.14,0.1,389.81,233.92,155.89,UPI,Consumer
ORD-01529,2025-01-23,CUST-0547,Furniture,Office Chair,East,Guwahati,7,355.8,0.1,2241.54,1559.69,681.85,Bank Transfer,Corporate
ORD-03697,2025-01-23,CUST-0622,Office Supplies,Calculator,North,Delhi,2,40.91,0.2,65.46,45.22,20.24,Credit Card,Consumer
ORD-01165,2025-01-24,CUST-0242,Office Supplies,Pen Set,Central,Bhopal,5,27.69,0.0,138.45,82.31,56.14,UPI,Small Business
ORD-00119,2025-01-24,CUST-1017,Clothing,Jacket,Central,Bhopal,4,84.57,0.0,338.28,249.09,89.19,Credit Card,Corporate
ORD-04797,2025-01-24,CUST-1002,Furniture,Table,Central,Bhopal,6,327.12,0.1,1766.45,1372.78,393.67,Debit Card,Small Business
ORD-00452,2025-01-24,CUST-0951,Electronics,Laptop,North,Delhi,8,462.38,0.0,3699.04,2339.25,1359.79,Credit Card,Consumer
ORD-00250,2025-01-24,CUST-0793,Furniture,Bookshelf,Central,Bhopal,4,418.72,0.0,1674.88,1288.5,386.38,Debit Card,Consumer
ORD-01119,2025-01-24,CUST-0257,Home & Kitchen,Vacuum Cleaner,South,Bengaluru,8,161.9,0.0,1295.2,978.4,316.8,Credit Card,Small Business
ORD-02081,2025-01-24,CUST-0172,Clothing,T-Shirt,East,Guwahati,1,87.72,0.1,78.95,67.54,11.41,Cash,Small Business
ORD-02090,2025-01-24,CUST-0540,Furniture,Office Chair,East,Kolkata,6,173.38,0.1,936.25,557.81,378.44,Debit Card,Corporate
ORD-03553,2025-01-24,CUST-0302,Office Supplies,Printer Paper,North,Chandigarh,3,30.7,0.05,87.49,67.92,19.57,UPI,Consumer
ORD-00952,2025-01-24,CUST-0902,Home & Kitchen,Blender,West,Ahmedabad,7,100.81,0.1,635.1,442.36,192.74,UPI,Consumer
ORD-00833,2025-01-24,CUST-0829,Electronics,Keyboard,East,Guwahati,6,365.83,0.05,2085.23,1434.47,650.76,Debit Card,Consumer
ORD-00426,2025-01-25,CUST-0249,Electronics,Keyboard,North,Jaipur,2,407.92,0.0,815.84,586.55,229.29,Credit Card,Consumer
ORD-04390,2025-01-25,CUST-0013,Home & Kitchen,Coffee Maker,South,Hyderabad,1,121.89,0.0,121.89,73.92,47.97,Credit Card,Small Business
ORD-02530,2025-01-25,CUST-1125,Clothing,Jacket,South,Chennai,7,46.8,0.0,327.6,196.14,131.46,UPI,Consumer
ORD-04189,2025-01-25,CUST-0594,Electronics,Monitor,West,Ahmedabad,7,484.91,0.0,3394.37,2753.07,641.3,Credit Card,Corporate
ORD-03171,2025-01-25,CUST-0093,Furniture,Desk,East,Bhubaneswar,3,352.54,0.0,1057.62,755.46,302.16,Cash,Consumer
ORD-01341,2025-01-25,CUST-1187,Home & Kitchen,Cookware Set,East,Guwahati,3,177.06,0.2,424.94,299.0,125.94,UPI,Small Business
ORD-00293,2025-01-25,CUST-1188,Electronics,Keyboard,South,Chennai,5,424.19,0.05,2014.9,1311.43,703.47,Bank Transfer,Consumer
ORD-02355,2025-01-25,CUST-1113,Office Supplies,Stapler,West,Ahmedabad,4,28.75,0.0,115.0,68.1,46.9,Debit Card,Consumer
ORD-00041,2025-01-25,CUST-0109,Office Supplies,Calculator,Central,Nagpur,4,45.13,0.1,162.47,130.15,32.32,Bank Transfer,Small Business
ORD-03397,2025-01-25,CUST-1052,Home & Kitchen,Blender,North,Delhi,6,96.69,0.05,551.13,351.51,199.62,Credit Card,Corporate
ORD-03139,2025-01-25,CUST-0117,Electronics,Monitor,West,Mumbai,1,378.44,0.1,340.6,214.64,125.96,UPI,Small Business
ORD-03621,2025-01-25,CUST-0892,Office Supplies,Notebook,North,Chandigarh,6,32.59,0.0,195.54,129.2,66.34,UPI,Consumer
ORD-01571,2025-01-25,CUST-0990,Clothing,T-Shirt,Central,Indore,4,85.45,0.0,341.8,256.49,85.31,Bank Transfer,Corporate
ORD-00960,2025-01-25,CUST-0198,Clothing,T-Shirt,South,Chennai,2,43.77,0.0,87.54,56.35,31.19,UPI,Small Business
ORD-01757,2025-01-25,CUST-0882,Office Supplies,Pen Set,South,Chennai,3,20.79,0.05,59.25,37.08,22.17,Bank Transfer,Consumer
ORD-00419,2025-01-25,CUST-0175,Furniture,Cabinet,Central,Bhopal,4,314.73,0.1,1133.03,830.67,302.36,Bank Transfer,Consumer
ORD-02092,2025-01-25,CUST-0358,Office Supplies,Stapler,North,Delhi,7,38.04,0.15,226.34,132.15,94.19,UPI,Consumer
ORD-00719,2025-01-25,CUST-0623,Electronics,Monitor,Central,Nagpur,2,555.61,0.0,1111.22,825.04,286.18,Debit Card,Corporate
ORD-04574,2025-01-26,CUST-0274,Clothing,Sneakers,South,Chennai,5,70.55,0.05,335.11,195.88,139.23,Cash,Small Business
ORD-02304,2025-01-26,CUST-0938,Home & Kitchen,Cookware Set,West,Ahmedabad,6,106.85,0.1,576.99,436.25,140.74,UPI,Consumer
ORD-02973,2025-01-26,CUST-0491,Office Supplies,Notebook,East,Guwahati,7,32.88,0.0,230.16,153.59,76.57,Credit Card,Consumer
ORD-04670,2025-01-26,CUST-0274,Office Supplies,Calculator,Central,Bhopal,7,23.6,0.15,140.42,109.21,31.21,UPI,Corporate
ORD-00919,2025-01-26,CUST-0275,Clothing,Backpack,South,Bengaluru,6,58.13,0.0,348.78,284.52,64.26,UPI,Corporate
ORD-03761,2025-01-26,CUST-0840,Electronics,Laptop,East,Bhubaneswar,2,567.52,0.05,1078.29,846.04,232.25,UPI,Consumer
ORD-01511,2025-01-26,CUST-0799,Electronics,Laptop,North,Jaipur,2,651.12,0.1,1172.02,986.55,185.47,Credit Card,Consumer
ORD-01073,2025-01-26,CUST-0046,Office Supplies,Notebook,Central,Bhopal,8,32.31,0.15,219.71,155.12,64.59,Bank Transfer,Corporate
ORD-03595,2025-01-26,CUST-1015,Furniture,Bookshelf,North,Delhi,4,206.18,0.05,783.48,465.03,318.45,Credit Card,Corporate
ORD-03500,2025-01-26,CUST-1102,Office Supplies,Stapler,Central,Indore,2,41.52,0.2,66.43,50.81,15.62,Credit Card,Consumer
ORD-02187,2025-01-26,CUST-1051,Electronics,Laptop,Central,Nagpur,4,350.2,0.1,1260.72,940.93,319.79,Debit Card,Small Business
ORD-02088,2025-01-26,CUST-0922,Electronics,Laptop,North,Delhi,7,230.61,0.0,1614.27,1318.35,295.92,Bank Transfer,Consumer
ORD-02341,2025-01-26,CUST-0962,Office Supplies,Printer Paper,Central,Indore,8,41.19,0.0,329.52,236.09,93.43,Cash,Consumer
ORD-02127,2025-01-26,CUST-0369,Home & Kitchen,Cookware Set,South,Chennai,5,113.56,0.0,567.8,485.76,82.04,Debit Card,Consumer
ORD-04368,2025-01-26,CUST-0396,Electronics,Laptop,West,Mumbai,4,423.72,0.0,1694.88,1350.46,344.42,UPI,Corporate
ORD-04264,2025-01-26,CUST-0559,Office Supplies,Printer Paper,East,Kolkata,4,38.63,0.0,154.52,127.12,27.4,UPI,Consumer
ORD-03008,2025-01-27,CUST-0948,Electronics,Headphones,Central,Indore,4,556.33,0.0,2225.32,1891.55,333.77,Credit Card,Consumer
ORD-04415,2025-01-27,CUST-1130,Furniture,Office Chair,North,Chandigarh,3,371.51,0.2,891.62,639.67,251.95,Credit Card,Corporate
ORD-02371,2025-01-27,CUST-0603,Home & Kitchen,Toaster,West,Ahmedabad,5,171.55,0.15,729.09,624.91,104.18,Debit Card,Corporate
ORD-02658,2025-01-27,CUST-0724,Home & Kitchen,Coffee Maker,South,Bengaluru,8,192.68,0.05,1464.37,1086.11,378.26,Bank Transfer,Consumer
ORD-03142,2025-01-27,CUST-0884,Office Supplies,Stapler,East,Bhubaneswar,8,42.1,0.0,336.8,279.19,57.61,UPI,Consumer
ORD-02569,2025-01-27,CUST-0215,Electronics,Laptop,Central,Indore,2,407.34,0.0,814.68,565.11,249.57,Credit Card,Corporate
ORD-01544,2025-01-27,CUST-0543,Office Supplies,Calculator,North,Chandigarh,4,39.17,0.1,141.01,95.41,45.6,Bank Transfer,Consumer
ORD-03398,2025-01-27,CUST-1109,Clothing,T-Shirt,East,Bhubaneswar,8,39.68,0.2,253.95,147.6,106.35,Debit Card,Corporate
ORD-02457,2025-01-27,CUST-0568,Office Supplies,Calculator,East,Kolkata,1,49.5,0.0,49.5,37.23,12.27,Debit Card,Consumer
ORD-00556,2025-01-27,CUST-0413,Furniture,Bookshelf,East,Bhubaneswar,6,360.39,0.05,2054.22,1306.27,747.95,UPI,Corporate
ORD-03081,2025-01-27,CUST-0339,Office Supplies,Printer Paper,Central,Indore,5,34.36,0.05,163.21,137.43,25.78,UPI,Consumer
ORD-02054,2025-01-27,CUST-1090,Clothing,Jeans,West,Ahmedabad,2,58.65,0.0,117.3,88.0,29.3,UPI,Small Business
ORD-03190,2025-01-27,CUST-0108,Clothing,Jeans,East,Guwahati,2,6.11,0.05,11.61,7.17,4.44,Credit Card,Small Business
ORD-00732,2025-01-28,CUST-1080,Office Supplies,Calculator,South,Hyderabad,8,33.93,0.0,271.44,203.32,68.12,UPI,Consumer
ORD-02595,2025-01-28,CUST-1057,Office Supplies,Pen Set,Central,Indore,3,50.37,0.1,136.0,87.84,48.16,UPI,Consumer
ORD-01715,2025-01-28,CUST-0413,Furniture,Bookshelf,North,Chandigarh,8,298.31,0.0,2386.48,1709.1,677.38,Cash,Corporate
ORD-00971,2025-01-28,CUST-1018,Home & Kitchen,Toaster,North,Chandigarh,2,102.8,0.1,185.04,148.79,36.25,Bank Transfer,Consumer
ORD-00819,2025-01-28,CUST-1180,Office Supplies,Calculator,South,Chennai,2,34.94,0.0,69.88,41.71,28.17,Credit Card,Consumer
ORD-01234,2025-01-28,CUST-0856,Furniture,Desk,East,Guwahati,8,173.44,0.1,1248.77,865.45,383.32,Bank Transfer,Consumer
ORD-01847,2025-01-28,CUST-0903,Clothing,Jacket,East,Guwahati,7,39.68,0.15,236.1,174.32,61.78,UPI,Small Business
ORD-04516,2025-01-28,CUST-0994,Furniture,Table,Central,Bhopal,6,291.24,0.0,1747.44,1265.93,481.51,Bank Transfer,Consumer
ORD-00327,2025-01-28,CUST-1137,Office Supplies,Pen Set,South,Hyderabad,5,30.52,0.05,144.97,104.14,40.83,UPI,Small Business
ORD-04632,2025-01-28,CUST-0867,Electronics,Smartphone,Central,Bhopal,1,383.43,0.05,364.26,281.7,82.56,UPI,Consumer
ORD-03760,2025-01-29,CUST-0904,Electronics,Monitor,South,Chennai,5,265.73,0.05,1262.22,1003.48,258.74,Credit Card,Consumer
ORD-02274,2025-01-29,CUST-0869,Office Supplies,Printer Paper,North,Chandigarh,1,37.73,0.15,32.07,22.66,9.41,Credit Card,Consumer
ORD-04792,2025-01-29,CUST-0419,Home & Kitchen,Vacuum Cleaner,South,Bengaluru,4,111.4,0.05,423.32,322.41,100.91,Bank Transfer,Corporate
ORD-03511,2025-01-29,CUST-0251,Electronics,Laptop,West,Pune,6,406.65,0.1,2195.91,1375.45,820.46,Bank Transfer,Consumer
ORD-00326,2025-01-29,CUST-0573,Office Supplies,Notebook,West,Mumbai,7,40.51,0.1,255.21,196.34,58.87,Debit Card,Consumer
ORD-00574,2025-01-29,CUST-1177,Office Supplies,Stapler,East,Bhubaneswar,7,30.72,0.15,182.78,135.76,47.02,Credit Card,Consumer
ORD-04150,2025-01-29,CUST-0122,Office Supplies,Printer Paper,West,Mumbai,1,51.91,0.0,51.91,33.26,18.65,UPI,Consumer
ORD-03441,2025-01-29,CUST-0079,Office Supplies,Printer Paper,North,Jaipur,8,43.87,0.05,333.41,213.39,120.02,Debit Card,Consumer
ORD-04795,2025-01-29,CUST-1116,Office Supplies,Calculator,West,Pune,8,41.59,0.05,316.08,217.38,98.7,UPI,Corporate
ORD-04281,2025-01-29,CUST-0607,Furniture,Office Chair,South,Bengaluru,3,399.7,0.15,1019.23,597.01,422.22,Debit Card,Consumer
ORD-04956,2025-01-29,CUST-0371,Furniture,Table,West,Mumbai,7,357.75,0.0,2504.25,1559.29,944.96,UPI,Consumer
ORD-02399,2025-01-29,CUST-0212,Office Supplies,Notebook,North,Chandigarh,2,24.8,0.1,44.64,29.72,14.92,Credit Card,Small Business
ORD-02951,2025-01-29,CUST-0327,Clothing,Jeans,Central,Nagpur,6,47.83,0.15,243.93,170.23,73.7,Credit Card,Consumer
ORD-04385,2025-01-29,CUST-0742,Clothing,T-Shirt,North,Delhi,2,69.57,0.15,118.27,84.66,33.61,Credit Card,Consumer
ORD-03767,2025-01-29,CUST-0315,Office Supplies,Pen Set,West,Ahmedabad,6,30.37,0.05,173.11,110.31,62.8,Cash,Consumer
ORD-00965,2025-01-29,CUST-0776,Office Supplies,Calculator,West,Mumbai,2,26.01,0.0,52.02,42.92,9.1,Credit Card,Consumer
ORD-00727,2025-01-30,CUST-0330,Office Supplies,Pen Set,East,Kolkata,7,28.25,0.1,177.98,139.06,38.92,UPI,Consumer
ORD-01136,2025-01-30,CUST-0885,Office Supplies,Stapler,West,Ahmedabad,8,53.29,0.0,426.32,270.76,155.56,UPI,Corporate
ORD-04251,2025-01-30,CUST-0491,Electronics,Monitor,Central,Bhopal,4,472.73,0.0,1890.92,1351.37,539.55,Cash,Consumer
ORD-04027,2025-01-30,CUST-0185,Home & Kitchen,Toaster,South,Bengaluru,1,119.49,0.05,113.52,91.26,22.26,UPI,Consumer
ORD-02052,2025-01-30,CUST-0213,Clothing,Jacket,West,Ahmedabad,1,72.7,0.05,69.06,43.28,25.78,Credit Card,Small Business
ORD-03176,2025-01-30,CUST-0366,Electronics,Smartphone,South,Chennai,7,279.67,0.05,1859.81,1243.25,616.56,Bank Transfer,Consumer
ORD-02025,2025-01-30,CUST-0737,Clothing,Sneakers,East,Kolkata,2,48.42,0.15,82.31,47.8,34.51,Bank Transfer,Corporate
ORD-00725,2025-01-30,CUST-0293,Electronics,Headphones,Central,Bhopal,1,439.9,0.1,395.91,322.28,73.63,Debit Card,Corporate
ORD-02864,2025-01-30,CUST-0429,Home & Kitchen,Toaster,West,Mumbai,8,136.59,0.05,1038.08,639.09,398.99,Bank Transfer,Consumer
ORD-01064,2025-01-30,CUST-0684,Electronics,Headphones,Central,Indore,7,344.01,0.0,2408.07,1457.34,950.73,UPI,Consumer
ORD-00312,2025-01-30,CUST-0560,Office Supplies,Pen Set,Central,Indore,1,32.59,0.15,27.7,23.06,4.64,Credit Card,Consumer
ORD-01515,2025-01-30,CUST-0055,Office Supplies,Notebook,North,Delhi,8,38.68,0.1,278.5,216.17,62.33,Credit Card,Corporate
ORD-04265,2025-01-30,CUST-0738,Electronics,Keyboard,East,Bhubaneswar,7,492.16,0.05,3272.86,1959.26,1313.6,UPI,Consumer
ORD-04345,2025-01-30,CUST-0228,Electronics,Headphones,South,Chennai,6,599.09,0.0,3594.54,2947.1,647.44,UPI,Small Business
ORD-01539,2025-01-30,CUST-1104,Office Supplies,Printer Paper,West,Mumbai,4,46.35,0.15,157.59,108.07,49.52,UPI,Consumer
ORD-02453,2025-01-30,CUST-0101,Electronics,Laptop,West,Mumbai,5,306.64,0.0,1533.2,983.5,549.7,Bank Transfer,Consumer
ORD-03775,2025-01-30,CUST-0654,Office Supplies,Printer Paper,North,Jaipur,5,25.15,0.0,125.75,106.36,19.39,Credit Card,Consumer
ORD-04639,2025-01-30,CUST-0396,Clothing,Jacket,Central,Nagpur,5,64.46,0.0,322.3,260.19,62.11,Credit Card,Corporate
ORD-01607,2025-01-30,CUST-0448,Furniture,Table,Central,Bhopal,1,290.38,0.1,261.34,201.09,60.25,Cash,Consumer
ORD-02995,2025-01-30,CUST-0950,Clothing,T-Shirt,East,Guwahati,3,44.18,0.1,119.29,84.24,35.05,Cash,Consumer
ORD-01935,2025-01-30,CUST-0253,Furniture,Desk,North,Chandigarh,7,283.83,0.1,1788.13,1342.73,445.4,UPI,Consumer
ORD-02708,2025-01-30,CUST-0930,Home & Kitchen,Cookware Set,West,Ahmedabad,3,152.19,0.0,456.57,340.0,116.57,UPI,Consumer
ORD-03371,2025-01-30,CUST-0816,Office Supplies,Calculator,East,Kolkata,6,28.57,0.05,162.85,119.62,43.23,Debit Card,Consumer
ORD-02591,2025-01-30,CUST-1083,Home & Kitchen,Blender,Central,Indore,1,115.3,0.05,109.54,85.74,23.8,Bank Transfer,Consumer
ORD-03796,2025-01-30,CUST-0581,Clothing,Jeans,Central,Nagpur,5,57.69,0.15,245.18,171.41,73.77,Credit Card,Consumer
ORD-00534,2025-01-31,CUST-0502,Clothing,Sneakers,South,Chennai,2,29.7,0.0,59.4,43.54,15.86,Credit Card,Consumer
ORD-01166,2025-01-31,CUST-1162,Furniture,Desk,South,Hyderabad,4,303.15,0.05,1151.97,824.02,327.95,Credit Card,Consumer
ORD-02173,2025-01-31,CUST-1062,Clothing,Backpack,West,Mumbai,5,53.5,0.0,267.5,176.28,91.22,Debit Card,Consumer
ORD-00694,2025-01-31,CUST-1184,Clothing,Jeans,Central,Indore,3,55.22,0.0,165.66,122.81,42.85,Bank Transfer,Small Business
ORD-01705,2025-01-31,CUST-0023,Office Supplies,Pen Set,East,Bhubaneswar,1,36.31,0.1,32.68,18.96,13.72,Credit Card,Corporate
ORD-02516,2025-01-31,CUST-0669,Home & Kitchen,Cookware Set,Central,Nagpur,6,113.46,0.15,578.65,435.71,142.94,UPI,Small Business
ORD-02601,2025-01-31,CUST-0948,Clothing,Jacket,East,Bhubaneswar,2,64.42,0.1,115.96,83.99,31.97,UPI,Consumer
ORD-02640,2025-01-31,CUST-1069,Home & Kitchen,Cookware Set,South,Bengaluru,6,82.07,0.15,418.56,290.75,127.81,Credit Card,Corporate
ORD-02624,2025-01-31,CUST-0250,Electronics,Laptop,East,Bhubaneswar,6,324.09,0.0,1944.54,1514.34,430.2,UPI,Corporate
ORD-02565,2025-01-31,CUST-0343,Electronics,Monitor,South,Hyderabad,6,403.87,0.0,2423.22,1624.57,798.65,Debit Card,Consumer
ORD-01378,2025-01-31,CUST-0190,Furniture,Bookshelf,West,Mumbai,5,411.48,0.15,1748.79,1241.68,507.11,Cash,Consumer
ORD-01215,2025-01-31,CUST-0476,Furniture,Bookshelf,Central,Nagpur,7,232.65,0.05,1547.12,971.53,575.59,Bank Transfer,Consumer
ORD-00934,2025-01-31,CUST-0304,Home & Kitchen,Cookware Set,Central,Indore,4,107.56,0.0,430.24,316.1,114.14,UPI,Consumer
ORD-01153,2025-01-31,CUST-0562,Home & Kitchen,Coffee Maker,East,Kolkata,7,127.77,0.2,715.51,542.22,173.29,Credit Card,Corporate
ORD-04088,2025-01-31,CUST-0950,Electronics,Headphones,Central,Nagpur,8,483.4,0.1,3480.48,2158.76,1321.72,UPI,Corporate
ORD-02435,2025-02-01,CUST-0700,Office Supplies,Stapler,West,Pune,7,29.58,0.0,207.06,166.64,40.42,Credit Card,Consumer
ORD-00460,2025-02-01,CUST-1025,Office Supplies,Notebook,East,Bhubaneswar,7,36.6,0.15,217.77,130.52,87.25,UPI,Corporate
ORD-03669,2025-02-01,CUST-0478,Office Supplies,Printer Paper,Central,Indore,3,23.06,0.2,55.34,46.25,9.09,Debit Card,Corporate
ORD-00550,2025-02-01,CUST-0204,Electronics,Headphones,North,Jaipur,1,365.65,0.0,365.65,222.33,143.32,Cash,Consumer
ORD-00339,2025-02-01,CUST-1062,Clothing,Jeans,Central,Bhopal,1,21.85,0.1,19.67,14.49,5.18,Cash,Consumer
ORD-01862,2025-02-01,CUST-0017,Furniture,Desk,East,Kolkata,6,153.67,0.0,922.02,539.32,382.7,Credit Card,Corporate
ORD-01889,2025-02-01,CUST-0328,Electronics,Monitor,East,Bhubaneswar,6,561.01,0.05,3197.76,2002.65,1195.11,Credit Card,Corporate
ORD-00890,2025-02-01,CUST-0316,Office Supplies,Calculator,Central,Nagpur,1,30.44,0.2,24.35,14.33,10.02,Debit Card,Small Business
ORD-02990,2025-02-01,CUST-1045,Office Supplies,Pen Set,Central,Indore,8,29.89,0.1,215.21,149.36,65.85,Credit Card,Consumer
ORD-02717,2025-02-01,CUST-1016,Furniture,Cabinet,South,Bengaluru,3,270.21,0.05,770.1,524.5,245.6,UPI,Small Business
ORD-02469,2025-02-01,CUST-0209,Electronics,Smartphone,South,Chennai,4,379.87,0.05,1443.51,1110.79,332.72,Credit Card,Small Business
ORD-04049,2025-02-01,CUST-0269,Furniture,Office Chair,East,Kolkata,7,417.24,0.0,2920.68,2262.3,658.38,Cash,Consumer
ORD-02507,2025-02-01,CUST-0608,Home & Kitchen,Blender,Central,Indore,4,88.09,0.05,334.74,239.98,94.76,UPI,Consumer
ORD-00762,2025-02-01,CUST-0001,Office Supplies,Pen Set,North,Delhi,7,50.82,0.1,320.17,257.54,62.63,Debit Card,Consumer
ORD-04955,2025-02-01,CUST-0225,Home & Kitchen,Toaster,Central,Bhopal,5,173.4,0.1,780.3,612.82,167.48,Bank Transfer,Corporate
ORD-03623,2025-02-01,CUST-0640,Office Supplies,Calculator,West,Ahmedabad,3,39.71,0.05,113.17,68.23,44.94,UPI,Consumer
ORD-01874,2025-02-01,CUST-0957,Home & Kitchen,Coffee Maker,Central,Nagpur,8,120.82,0.0,966.56,826.32,140.24,UPI,Consumer
ORD-01197,2025-02-01,CUST-1002,Electronics,Laptop,West,Pune,3,508.95,0.05,1450.51,1081.54,368.97,UPI,Small Business
ORD-04962,2025-02-01,CUST-0973,Electronics,Laptop,East,Kolkata,5,410.82,0.05,1951.39,1258.74,692.65,Cash,Corporate
ORD-02263,2025-02-02,CUST-0224,Electronics,Headphones,East,Kolkata,3,396.84,0.05,1130.99,932.78,198.21,Bank Transfer,Consumer
ORD-00643,2025-02-02,CUST-1157,Furniture,Office Chair,South,Chennai,2,158.55,0.0,317.1,193.38,123.72,UPI,Consumer
ORD-00718,2025-02-02,CUST-0517,Furniture,Desk,Central,Nagpur,1,364.87,0.05,346.63,292.67,53.96,UPI,Small Business
ORD-03318,2025-02-02,CUST-0778,Office Supplies,Notebook,Central,Bhopal,6,38.81,0.15,197.93,121.67,76.26,Cash,Corporate
ORD-04309,2025-02-02,CUST-0555,Electronics,Headphones,Central,Indore,6,312.92,0.05,1783.64,1416.83,366.81,Bank Transfer,Corporate
ORD-02867,2025-02-02,CUST-0997,Electronics,Headphones,South,Hyderabad,4,607.07,0.0,2428.28,1985.69,442.59,UPI,Small Business
ORD-00009,2025-02-02,CUST-0726,Clothing,Sneakers,North,Jaipur,8,82.03,0.1,590.62,440.34,150.28,Bank Transfer,Consumer
ORD-04739,2025-02-02,CUST-0505,Electronics,Keyboard,Central,Nagpur,1,527.99,0.05,501.59,351.69,149.9,Debit Card,Consumer
ORD-00576,2025-02-03,CUST-0344,Office Supplies,Pen Set,East,Kolkata,4,27.84,0.05,105.79,90.34,15.45,Bank Transfer,Consumer
ORD-01216,2025-02-03,CUST-0366,Office Supplies,Stapler,North,Chandigarh,2,33.99,0.0,67.98,48.98,19.0,UPI,Consumer
ORD-04599,2025-02-03,CUST-1186,Electronics,Laptop,East,Bhubaneswar,6,355.52,0.1,1919.81,1381.57,538.24,Cash,Consumer
ORD-03002,2025-02-03,CUST-1167,Office Supplies,Printer Paper,North,Delhi,5,39.42,0.0,197.1,168.89,28.21,UPI,Corporate
ORD-02128,2025-02-03,CUST-1061,Office Supplies,Printer Paper,South,Bengaluru,4,21.91,0.1,78.88,62.85,16.03,UPI,Consumer
ORD-04557,2025-02-03,CUST-1188,Electronics,Keyboard,South,Hyderabad,3,310.03,0.05,883.59,751.6,131.99,Credit Card,Consumer
ORD-01532,2025-02-03,CUST-0908,Clothing,Jacket,North,Jaipur,2,68.36,0.1,123.05,97.91,25.14,Debit Card,Consumer
ORD-01809,2025-02-03,CUST-1149,Home & Kitchen,Blender,West,Mumbai,3,163.6,0.1,441.72,364.26,77.46,UPI,Consumer
ORD-00420,2025-02-04,CUST-0374,Furniture,Office Chair,East,Guwahati,7,242.53,0.0,1697.71,1400.28,297.43,UPI,Consumer
ORD-01776,2025-02-04,CUST-0171,Electronics,Keyboard,East,Kolkata,2,516.18,0.2,825.89,547.82,278.07,Credit Card,Consumer
ORD-00959,2025-02-04,CUST-0560,Electronics,Keyboard,Central,Indore,1,435.27,0.15,369.98,300.37,69.61,UPI,Consumer
ORD-00005,2025-02-04,CUST-0566,Clothing,Sneakers,Central,Nagpur,6,42.1,0.1,227.34,158.92,68.42,UPI,Consumer
ORD-04305,2025-02-04,CUST-0061,Clothing,Backpack,Central,Bhopal,1,61.31,0.05,58.24,48.61,9.63,UPI,Consumer
ORD-04619,2025-02-04,CUST-0359,Office Supplies,Stapler,South,Bengaluru,3,24.61,0.0,73.83,59.43,14.4,Debit Card,Consumer
ORD-04343,2025-02-04,CUST-0770,Home & Kitchen,Cookware Set,North,Chandigarh,4,124.49,0.0,497.96,312.11,185.85,Credit Card,Corporate
ORD-04126,2025-02-04,CUST-1007,Furniture,Table,East,Kolkata,6,302.97,0.05,1726.93,1007.04,719.89,UPI,Small Business
ORD-00795,2025-02-04,CUST-0608,Office Supplies,Stapler,East,Guwahati,7,32.08,0.0,224.56,177.14,47.42,Bank Transfer,Consumer
ORD-01778,2025-02-04,CUST-0979,Furniture,Table,West,Pune,4,245.93,0.0,983.72,701.93,281.79,UPI,Small Business
ORD-03840,2025-02-05,CUST-0412,Clothing,Jacket,West,Mumbai,1,57.21,0.0,57.21,43.3,13.91,Credit Card,Consumer
ORD-01823,2025-02-05,CUST-0757,Furniture,Table,East,Guwahati,1,347.42,0.05,330.05,263.27,66.78,Debit Card,Corporate
ORD-01710,2025-02-05,CUST-0070,Furniture,Bookshelf,West,Mumbai,6,321.95,0.0,1931.7,1597.18,334.52,Cash,Corporate
ORD-02782,2025-02-05,CUST-0797,Furniture,Office Chair,North,Chandigarh,6,397.54,0.0,2385.24,1561.06,824.18,Debit Card,Small Business
ORD-02101,2025-02-05,CUST-0627,Electronics,Laptop,West,Ahmedabad,6,418.48,0.1,2259.79,1837.7,422.09,Debit Card,Consumer
ORD-03716,2025-02-05,CUST-0682,Furniture,Cabinet,East,Guwahati,3,259.52,0.1,700.7,568.56,132.14,Debit Card,Consumer
ORD-03102,2025-02-05,CUST-0291,Electronics,Monitor,Central,Nagpur,1,421.83,0.0,421.83,324.78,97.05,UPI,Consumer
ORD-03358,2025-02-05,CUST-0661,Office Supplies,Pen Set,Central,Nagpur,5,22.77,0.15,96.77,80.23,16.54,Cash,Corporate
ORD-03335,2025-02-05,CUST-0740,Home & Kitchen,Blender,South,Bengaluru,8,137.53,0.05,1045.23,765.56,279.67,Cash,Corporate
ORD-02776,2025-02-05,CUST-1018,Home & Kitchen,Coffee Maker,Central,Nagpur,2,136.69,0.05,259.71,152.5,107.21,Cash,Consumer
ORD-04493,2025-02-05,CUST-0497,Furniture,Bookshelf,South,Hyderabad,2,231.41,0.0,462.82,392.49,70.33,Bank Transfer,Consumer
ORD-04388,2025-02-05,CUST-0717,Electronics,Headphones,East,Guwahati,4,593.81,0.0,2375.24,1439.09,936.15,UPI,Small Business
ORD-02673,2025-02-05,CUST-0058,Furniture,Table,West,Ahmedabad,3,228.62,0.2,548.69,396.66,152.03,Bank Transfer,Corporate
ORD-03529,2025-02-05,CUST-0279,Furniture,Desk,North,Jaipur,7,280.04,0.0,1960.28,1138.53,821.75,Credit Card,Corporate
ORD-04591,2025-02-05,CUST-0463,Electronics,Smartphone,West,Pune,7,435.69,0.0,3049.83,1951.9,1097.93,Credit Card,Corporate
ORD-04166,2025-02-05,CUST-0068,Electronics,Keyboard,North,Jaipur,8,205.77,0.0,1646.16,1056.83,589.33,Credit Card,Consumer
ORD-03945,2025-02-05,CUST-0192,Clothing,T-Shirt,North,Chandigarh,3,61.91,0.05,176.44,120.6,55.84,UPI,Consumer
ORD-04949,2025-02-05,CUST-1000,Clothing,T-Shirt,South,Chennai,6,33.4,0.05,190.38,151.55,38.83,Bank Transfer,Corporate
ORD-03888,2025-02-05,CUST-0815,Furniture,Office Chair,Central,Nagpur,1,229.84,0.0,229.84,147.7,82.14,Credit Card,Consumer
ORD-01881,2025-02-05,CUST-0051,Furniture,Cabinet,North,Jaipur,4,233.44,0.15,793.7,588.04,205.66,Cash,Consumer
ORD-00918,2025-02-05,CUST-0749,Office Supplies,Calculator,Central,Nagpur,7,44.81,0.0,313.67,245.03,68.64,UPI,Corporate
ORD-03057,2025-02-05,CUST-0307,Electronics,Headphones,Central,Indore,1,560.22,0.05,532.21,358.11,174.1,UPI,Corporate
ORD-01191,2025-02-05,CUST-0723,Office Supplies,Pen Set,West,Pune,6,34.77,0.05,198.19,119.33,78.86,UPI,Consumer
ORD-03577,2025-02-05,CUST-0654,Home & Kitchen,Vacuum Cleaner,North,Delhi,7,136.04,0.0,952.28,611.63,340.65,Credit Card,Corporate
ORD-01451,2025-02-05,CUST-0461,Clothing,Jacket,East,Guwahati,6,26.89,0.0,161.34,124.59,36.75,Credit Card,Corporate
ORD-00932,2025-02-06,CUST-0107,Clothing,T-Shirt,Central,Indore,8,53.34,0.0,426.72,281.92,144.8,Debit Card,Consumer
ORD-01930,2025-02-06,CUST-0618,Office Supplies,Calculator,West,Mumbai,1,40.36,0.1,36.32,31.18,5.14,Bank Transfer,Corporate
ORD-01933,2025-02-06,CUST-1178,Electronics,Keyboard,South,Chennai,3,477.92,0.05,1362.07,790.54,571.53,Cash,Consumer
ORD-02839,2025-02-06,CUST-0139,Home & Kitchen,Cookware Set,South,Bengaluru,6,120.52,0.0,723.12,494.12,229.0,Debit Card,Consumer
ORD-01608,2025-02-06,CUST-0466,Office Supplies,Calculator,North,Chandigarh,8,39.84,0.05,302.78,200.19,102.59,Bank Transfer,Small Business
ORD-03566,2025-02-06,CUST-0912,Office Supplies,Calculator,South,Chennai,3,34.9,0.0,104.7,66.03,38.67,UPI,Consumer
ORD-03648,2025-02-06,CUST-0919,Clothing,Jeans,East,Kolkata,7,66.17,0.15,393.71,338.3,55.41,UPI,Consumer
ORD-04426,2025-02-06,CUST-0353,Office Supplies,Stapler,East,Guwahati,5,24.59,0.1,110.66,73.15,37.51,Credit Card,Consumer
ORD-02035,2025-02-06,CUST-0956,Office Supplies,Calculator,North,Jaipur,1,26.69,0.0,26.69,22.18,4.51,Credit Card,Consumer
ORD-02578,2025-02-06,CUST-0316,Furniture,Cabinet,East,Bhubaneswar,5,388.71,0.05,1846.37,1533.56,312.81,Credit Card,Consumer
ORD-01091,2025-02-06,CUST-0105,Home & Kitchen,Vacuum Cleaner,North,Chandigarh,2,116.23,0.0,232.46,156.67,75.79,Debit Card,Small Business
ORD-04919,2025-02-06,CUST-1150,Furniture,Cabinet,North,Jaipur,4,291.69,0.0,1166.76,898.59,268.17,Credit Card,Corporate
ORD-03312,2025-02-07,CUST-0085,Electronics,Laptop,Central,Bhopal,7,336.57,0.05,2238.19,1463.37,774.82,Credit Card,Consumer
ORD-00297,2025-02-07,CUST-0603,Office Supplies,Printer Paper,South,Chennai,7,22.75,0.1,143.33,112.95,30.38,UPI,Consumer
ORD-02943,2025-02-07,CUST-0610,Office Supplies,Notebook,Central,Indore,6,45.17,0.0,271.02,188.76,82.26,Credit Card,Consumer
ORD-04135,2025-02-07,CUST-0264,Electronics,Smartphone,East,Kolkata,7,445.51,0.05,2962.64,2102.49,860.15,Debit Card,Corporate
ORD-03214,2025-02-07,CUST-0973,Clothing,T-Shirt,North,Delhi,1,61.54,0.05,58.46,35.7,22.76,UPI,Small Business
ORD-00983,2025-02-07,CUST-0023,Clothing,T-Shirt,North,Delhi,4,37.52,0.1,135.07,93.29,41.78,UPI,Consumer
ORD-03110,2025-02-07,CUST-0507,Home & Kitchen,Blender,East,Guwahati,4,117.49,0.2,375.97,299.2,76.77,Bank Transfer,Small Business
ORD-04526,2025-02-07,CUST-0275,Office Supplies,Calculator,Central,Indore,4,28.04,0.0,112.16,69.93,42.23,Cash,Consumer
ORD-02886,2025-02-07,CUST-0021,Home & Kitchen,Cookware Set,West,Pune,8,37.33,0.15,253.84,166.84,87.0,UPI,Consumer
ORD-01906,2025-02-07,CUST-1116,Electronics,Headphones,East,Guwahati,5,525.42,0.05,2495.74,2030.12,465.62,Credit Card,Corporate
ORD-01185,2025-02-07,CUST-0286,Clothing,Jacket,East,Bhubaneswar,5,85.94,0.1,386.73,296.51,90.22,UPI,Consumer
ORD-03736,2025-02-07,CUST-1088,Clothing,Backpack,West,Mumbai,5,63.16,0.05,300.01,246.07,53.94,Cash,Small Business
ORD-03831,2025-02-08,CUST-0749,Electronics,Monitor,West,Ahmedabad,1,574.02,0.05,545.32,451.06,94.26,Credit Card,Consumer
ORD-03785,2025-02-08,CUST-1090,Clothing,Jacket,Central,Nagpur,4,38.85,0.0,155.4,99.83,55.57,UPI,Consumer
ORD-01692,2025-02-08,CUST-0665,Office Supplies,Printer Paper,South,Hyderabad,5,36.6,0.0,183.0,143.98,39.02,UPI,Small Business
ORD-03180,2025-02-08,CUST-0989,Office Supplies,Stapler,North,Delhi,3,19.35,0.0,58.05,45.91,12.14,Bank Transfer,Small Business
ORD-03693,2025-02-08,CUST-1116,Office Supplies,Stapler,South,Bengaluru,8,40.09,0.0,320.72,202.67,118.05,Credit Card,Consumer
ORD-00208,2025-02-08,CUST-0210,Furniture,Table,West,Mumbai,1,238.41,0.1,214.57,164.4,50.17,UPI,Small Business
ORD-03879,2025-02-08,CUST-0135,Electronics,Headphones,North,Chandigarh,3,614.06,0.1,1657.96,1293.37,364.59,Credit Card,Corporate
ORD-03892,2025-02-08,CUST-0417,Furniture,Cabinet,North,Delhi,7,212.03,0.05,1410.0,838.5,571.5,UPI,Consumer
ORD-03578,2025-02-08,CUST-0403,Home & Kitchen,Cookware Set,Central,Nagpur,6,96.15,0.05,548.06,409.98,138.08,Debit Card,Corporate
ORD-02629,2025-02-08,CUST-0547,Electronics,Monitor,West,Mumbai,2,580.91,0.2,929.46,794.04,135.42,UPI,Corporate
ORD-04671,2025-02-08,CUST-0514,Clothing,Backpack,Central,Indore,3,55.14,0.0,165.42,134.56,30.86,Credit Card,Small Business
ORD-03655,2025-02-09,CUST-1086,Office Supplies,Calculator,West,Pune,1,31.31,0.15,26.61,21.7,4.91,Debit Card,Corporate
ORD-04610,2025-02-09,CUST-0734,Electronics,Monitor,North,Chandigarh,6,272.35,0.1,1470.69,1226.94,243.75,Credit Card,Corporate
ORD-03513,2025-02-09,CUST-0858,Electronics,Headphones,Central,Bhopal,2,325.37,0.1,585.67,502.03,83.64,Bank Transfer,Consumer
ORD-04282,2025-02-09,CUST-0798,Electronics,Smartphone,Central,Nagpur,5,298.56,0.0,1492.8,1018.49,474.31,UPI,Small Business
ORD-04317,2025-02-09,CUST-0689,Home & Kitchen,Toaster,South,Bengaluru,6,139.89,0.05,797.37,584.63,212.74,UPI,Consumer
ORD-03688,2025-02-09,CUST-0243,Electronics,Laptop,East,Kolkata,8,566.9,0.15,3854.92,2757.64,1097.28,Bank Transfer,Corporate
ORD-02634,2025-02-09,CUST-0642,Home & Kitchen,Blender,Central,Bhopal,1,145.47,0.0,145.47,98.19,47.28,UPI,Consumer
ORD-01140,2025-02-09,CUST-1143,Electronics,Smartphone,North,Delhi,6,227.57,0.05,1297.15,979.56,317.59,Debit Card,Consumer
ORD-04490,2025-02-09,CUST-0336,Clothing,Jacket,Central,Nagpur,3,65.46,0.0,196.38,133.66,62.72,Credit Card,Consumer
ORD-02646,2025-02-09,CUST-0926,Home & Kitchen,Toaster,East,Kolkata,4,133.57,0.0,534.28,358.67,175.61,Bank Transfer,Consumer
ORD-00596,2025-02-09,CUST-0298,Clothing,Jacket,West,Mumbai,8,79.54,0.15,540.87,379.15,161.72,UPI,Consumer
ORD-02254,2025-02-09,CUST-0991,Office Supplies,Notebook,Central,Bhopal,7,28.02,0.05,186.33,130.75,55.58,Debit Card,Consumer
ORD-03732,2025-02-09,CUST-0658,Clothing,Jacket,Central,Indore,3,44.44,0.05,126.65,97.26,29.39,Credit Card,Consumer
ORD-02089,2025-02-10,CUST-0439,Furniture,Cabinet,South,Chennai,4,173.16,0.0,692.64,443.53,249.11,Debit Card,Corporate
ORD-02008,2025-02-10,CUST-0053,Office Supplies,Printer Paper,South,Bengaluru,6,32.11,0.0,192.66,128.73,63.93,UPI,Consumer
ORD-03285,2025-02-10,CUST-0702,Clothing,Jeans,Central,Nagpur,3,49.12,0.05,139.99,92.61,47.38,Cash,Consumer
ORD-01857,2025-02-10,CUST-0688,Office Supplies,Pen Set,Central,Indore,3,34.84,0.05,99.29,71.42,27.87,UPI,Consumer
ORD-01182,2025-02-10,CUST-0845,Clothing,Backpack,North,Delhi,5,62.04,0.0,310.2,207.14,103.06,Debit Card,Consumer
ORD-00226,2025-02-10,CUST-0672,Clothing,Sneakers,West,Ahmedabad,7,86.63,0.0,606.41,502.78,103.63,Debit Card,Corporate
ORD-02643,2025-02-10,CUST-1187,Clothing,Backpack,East,Bhubaneswar,7,82.25,0.0,575.75,478.85,96.9,Cash,Consumer
ORD-02160,2025-02-10,CUST-1013,Furniture,Table,North,Jaipur,8,321.7,0.1,2316.24,1483.05,833.19,Debit Card,Consumer
ORD-04682,2025-02-10,CUST-0199,Clothing,Jeans,South,Hyderabad,7,63.15,0.15,375.74,284.67,91.07,Bank Transfer,Small Business
ORD-04403,2025-02-10,CUST-0900,Electronics,Headphones,North,Chandigarh,3,353.72,0.05,1008.1,691.86,316.24,Credit Card,Consumer
ORD-01749,2025-02-10,CUST-0162,Electronics,Keyboard,Central,Bhopal,3,325.67,0.0,977.01,654.23,322.78,Debit Card,Corporate
ORD-02615,2025-02-10,CUST-0225,Office Supplies,Stapler,East,Guwahati,4,28.27,0.0,113.08,90.41,22.67,UPI,Corporate
ORD-02644,2025-02-11,CUST-1073,Clothing,Jeans,North,Jaipur,7,23.24,0.0,162.68,128.6,34.08,UPI,Consumer
ORD-03856,2025-02-11,CUST-0408,Home & Kitchen,Coffee Maker,North,Chandigarh,6,104.58,0.1,564.73,483.16,81.57,UPI,Consumer
ORD-03503,2025-02-11,CUST-0104,Home & Kitchen,Coffee Maker,East,Kolkata,4,101.25,0.05,384.75,277.42,107.33,UPI,Consumer
ORD-02811,2025-02-11,CUST-0992,Furniture,Office Chair,South,Bengaluru,5,225.89,0.1,1016.5,823.59,192.91,UPI,Consumer
ORD-01092,2025-02-11,CUST-1071,Office Supplies,Stapler,East,Kolkata,3,16.49,0.05,47.0,29.74,17.26,Cash,Consumer
ORD-00453,2025-02-11,CUST-0398,Office Supplies,Pen Set,West,Pune,2,31.01,0.1,55.82,47.91,7.91,UPI,Small Business
ORD-03628,2025-02-11,CUST-0011,Clothing,Sneakers,Central,Nagpur,1,39.71,0.1,35.74,30.17,5.57,Bank Transfer,Consumer
ORD-00064,2025-02-11,CUST-0315,Office Supplies,Notebook,West,Ahmedabad,1,42.71,0.0,42.71,35.53,7.18,Bank Transfer,Corporate
ORD-03178,2025-02-11,CUST-0705,Home & Kitchen,Cookware Set,West,Pune,6,114.1,0.05,650.37,472.97,177.4,UPI,Small Business
ORD-03352,2025-02-11,CUST-0824,Clothing,Jeans,East,Bhubaneswar,8,45.63,0.15,310.28,222.15,88.13,Credit Card,Consumer
ORD-03835,2025-02-11,CUST-0990,Home & Kitchen,Coffee Maker,East,Bhubaneswar,5,110.03,0.0,550.15,472.23,77.92,UPI,Consumer
ORD-01455,2025-02-11,CUST-1047,Office Supplies,Notebook,North,Chandigarh,5,24.0,0.15,102.0,69.7,32.3,Cash,Corporate
ORD-04745,2025-02-11,CUST-0059,Home & Kitchen,Coffee Maker,East,Guwahati,5,156.46,0.0,782.3,469.16,313.14,Cash,Consumer
ORD-03199,2025-02-11,CUST-0059,Electronics,Smartphone,Central,Nagpur,5,386.24,0.05,1834.64,1187.27,647.37,UPI,Corporate
ORD-03977,2025-02-11,CUST-0289,Electronics,Headphones,Central,Indore,5,521.74,0.05,2478.26,2101.14,377.12,Credit Card,Small Business
ORD-03703,2025-02-11,CUST-0750,Home & Kitchen,Vacuum Cleaner,West,Ahmedabad,4,116.8,0.0,467.2,373.08,94.12,Credit Card,Corporate
ORD-00437,2025-02-11,CUST-0518,Furniture,Bookshelf,South,Hyderabad,1,334.8,0.15,284.58,225.99,58.59,UPI,Small Business
ORD-02285,2025-02-11,CUST-0811,Home & Kitchen,Vacuum Cleaner,South,Hyderabad,5,141.0,0.1,634.5,453.94,180.56,Debit Card,Consumer
ORD-00852,2025-02-11,CUST-1086,Clothing,Sneakers,West,Ahmedabad,3,58.09,0.05,165.56,122.18,43.38,Bank Transfer,Consumer
ORD-00646,2025-02-12,CUST-1154,Office Supplies,Stapler,South,Chennai,2,31.33,0.2,50.13,32.1,18.03,Credit Card,Consumer
ORD-00927,2025-02-12,CUST-0090,Clothing,Jeans,Central,Indore,1,72.15,0.2,57.72,44.74,12.98,Debit Card,Consumer
ORD-04742,2025-02-12,CUST-0085,Electronics,Monitor,North,Chandigarh,3,399.09,0.05,1137.41,811.41,326.0,Credit Card,Small Business
ORD-00143,2025-02-12,CUST-0021,Electronics,Headphones,West,Ahmedabad,8,632.74,0.1,4555.73,3307.21,1248.52,Credit Card,Consumer
ORD-03918,2025-02-12,CUST-0410,Clothing,Sneakers,South,Bengaluru,4,60.36,0.15,205.22,175.16,30.06,Cash,Small Business
ORD-03814,2025-02-12,CUST-1126,Clothing,T-Shirt,East,Guwahati,7,79.6,0.0,557.2,395.89,161.31,UPI,Small Business
ORD-01009,2025-02-12,CUST-0647,Electronics,Headphones,North,Chandigarh,8,500.39,0.1,3602.81,2279.48,1323.33,UPI,Consumer
ORD-04101,2025-02-12,CUST-0386,Office Supplies,Stapler,Central,Indore,7,38.71,0.05,257.42,179.69,77.73,Bank Transfer,Consumer
ORD-02706,2025-02-12,CUST-0548,Clothing,Jacket,West,Mumbai,5,87.84,0.1,395.28,268.58,126.7,Credit Card,Corporate
ORD-04034,2025-02-12,CUST-0183,Furniture,Office Chair,North,Chandigarh,1,298.05,0.1,268.24,220.06,48.18,Debit Card,Corporate
ORD-04897,2025-02-12,CUST-0210,Clothing,T-Shirt,North,Chandigarh,4,54.17,0.0,216.68,126.2,90.48,UPI,Corporate
ORD-04297,2025-02-12,CUST-1154,Home & Kitchen,Cookware Set,West,Mumbai,7,132.02,0.2,739.31,439.94,299.37,Bank Transfer,Consumer
ORD-01464,2025-02-12,CUST-0391,Clothing,T-Shirt,South,Bengaluru,5,80.62,0.0,403.1,317.24,85.86,Bank Transfer,Consumer
ORD-02694,2025-02-12,CUST-0685,Electronics,Monitor,East,Guwahati,8,521.71,0.1,3756.31,2422.97,1333.34,Cash,Corporate
ORD-02963,2025-02-12,CUST-0762,Clothing,Backpack,South,Chennai,6,56.05,0.1,302.67,210.45,92.22,Credit Card,Consumer
ORD-03426,2025-02-12,CUST-0595,Office Supplies,Printer Paper,Central,Indore,8,39.94,0.0,319.52,217.66,101.86,Debit Card,Consumer
ORD-01062,2025-02-12,CUST-0305,Clothing,Backpack,Central,Indore,5,31.42,0.05,149.24,101.65,47.59,Bank Transfer,Small Business
ORD-02964,2025-02-13,CUST-1115,Electronics,Laptop,West,Mumbai,8,395.48,0.0,3163.84,2157.15,1006.69,UPI,Consumer
ORD-03065,2025-02-13,CUST-0692,Clothing,T-Shirt,Central,Indore,2,69.29,0.0,138.58,113.7,24.88,UPI,Consumer
ORD-03585,2025-02-13,CUST-1023,Office Supplies,Stapler,East,Bhubaneswar,1,34.88,0.1,31.39,25.55,5.84,Debit Card,Consumer
ORD-04029,2025-02-13,CUST-0851,Furniture,Bookshelf,South,Chennai,5,228.49,0.0,1142.45,931.31,211.14,Cash,Consumer
ORD-03032,2025-02-13,CUST-0289,Electronics,Keyboard,Central,Nagpur,3,502.38,0.05,1431.78,1104.41,327.37,Cash,Consumer
ORD-02630,2025-02-13,CUST-0201,Electronics,Smartphone,Central,Nagpur,6,401.1,0.0,2406.6,1768.07,638.53,Cash,Consumer
ORD-01751,2025-02-13,CUST-0366,Clothing,Sneakers,North,Delhi,2,43.94,0.0,87.88,64.43,23.45,UPI,Consumer
ORD-04673,2025-02-13,CUST-0624,Clothing,Backpack,North,Jaipur,1,30.56,0.0,30.56,26.18,4.38,Credit Card,Consumer
ORD-03679,2025-02-13,CUST-0983,Office Supplies,Pen Set,Central,Bhopal,7,11.67,0.05,77.61,49.93,27.68,UPI,Small Business
ORD-00471,2025-02-13,CUST-0924,Office Supplies,Notebook,West,Pune,1,26.13,0.05,24.82,15.25,9.57,UPI,Consumer
ORD-03300,2025-02-13,CUST-0456,Office Supplies,Pen Set,Central,Indore,7,33.65,0.0,235.55,154.42,81.13,Debit Card,Small Business
ORD-01270,2025-02-13,CUST-0491,Furniture,Desk,South,Bengaluru,8,231.5,0.0,1852.0,1205.72,646.28,Credit Card,Consumer
ORD-03263,2025-02-13,CUST-0754,Home & Kitchen,Cookware Set,East,Bhubaneswar,8,77.68,0.05,590.37,367.24,223.13,Debit Card,Consumer
ORD-01648,2025-02-13,CUST-0302,Clothing,T-Shirt,South,Hyderabad,4,79.21,0.0,316.84,259.41,57.43,Bank Transfer,Corporate
ORD-03341,2025-02-13,CUST-0119,Clothing,T-Shirt,Central,Bhopal,1,25.34,0.1,22.81,18.41,4.4,Debit Card,Consumer
ORD-00516,2025-02-13,CUST-0515,Office Supplies,Calculator,South,Hyderabad,7,46.81,0.0,327.67,267.47,60.2,Credit Card,Small Business
ORD-03104,2025-02-13,CUST-1015,Office Supplies,Stapler,North,Jaipur,7,34.91,0.05,232.15,145.19,86.96,UPI,Corporate
ORD-00473,2025-02-13,CUST-0180,Clothing,Sneakers,East,Bhubaneswar,5,50.39,0.0,251.95,153.76,98.19,Cash,Corporate
ORD-01726,2025-02-14,CUST-1003,Furniture,Desk,East,Bhubaneswar,8,328.43,0.05,2496.07,2013.92,482.15,Bank Transfer,Consumer
ORD-00792,2025-02-14,CUST-0734,Electronics,Monitor,South,Bengaluru,8,379.99,0.1,2735.93,2239.94,495.99,UPI,Corporate
ORD-04726,2025-02-14,CUST-0258,Clothing,Backpack,South,Chennai,6,43.62,0.0,261.72,221.22,40.5,Debit Card,Consumer
ORD-04847,2025-02-14,CUST-0948,Clothing,Sneakers,East,Guwahati,8,64.29,0.15,437.17,330.82,106.35,Credit Card,Corporate
ORD-01773,2025-02-14,CUST-1164,Electronics,Smartphone,East,Bhubaneswar,7,670.29,0.15,3988.23,3179.62,808.61,Bank Transfer,Consumer
ORD-01427,2025-02-14,CUST-1190,Home & Kitchen,Toaster,Central,Indore,2,169.39,0.05,321.84,264.99,56.85,Debit Card,Small Business
ORD-03614,2025-02-14,CUST-1132,Electronics,Laptop,North,Chandigarh,7,535.01,0.05,3557.82,2083.33,1474.49,Bank Transfer,Corporate
ORD-03133,2025-02-14,CUST-0606,Home & Kitchen,Blender,Central,Indore,8,177.21,0.1,1275.91,1023.5,252.41,Bank Transfer,Consumer
ORD-02532,2025-02-14,CUST-0145,Electronics,Keyboard,Central,Bhopal,4,486.53,0.0,1946.12,1474.63,471.49,UPI,Consumer
ORD-00012,2025-02-14,CUST-1052,Clothing,Sneakers,South,Chennai,6,65.36,0.1,352.94,290.83,62.11,Credit Card,Consumer
ORD-04857,2025-02-14,CUST-0679,Clothing,Backpack,East,Kolkata,3,75.67,0.0,227.01,187.25,39.76,UPI,Corporate
ORD-04163,2025-02-14,CUST-1115,Furniture,Office Chair,South,Chennai,7,242.27,0.05,1611.1,1355.33,255.77,Debit Card,Small Business
ORD-00209,2025-02-15,CUST-0596,Electronics,Monitor,East,Bhubaneswar,6,385.62,0.0,2313.72,1609.36,704.36,Credit Card,Consumer
ORD-02230,2025-02-15,CUST-1196,Office Supplies,Calculator,West,Ahmedabad,4,46.63,0.05,177.19,143.75,33.44,Cash,Corporate
ORD-02639,2025-02-15,CUST-0629,Home & Kitchen,Cookware Set,East,Guwahati,3,144.57,0.1,390.34,264.12,126.22,UPI,Consumer
ORD-01968,2025-02-15,CUST-0234,Clothing,Sneakers,East,Guwahati,3,60.21,0.2,144.5,113.62,30.88,UPI,Corporate
ORD-04754,2025-02-15,CUST-0635,Clothing,Jeans,North,Delhi,8,49.41,0.05,375.52,276.17,99.35,UPI,Consumer
ORD-04429,2025-02-15,CUST-0016,Home & Kitchen,Cookware Set,North,Chandigarh,7,124.12,0.0,868.84,627.63,241.21,UPI,Consumer
ORD-03952,2025-02-15,CUST-0845,Home & Kitchen,Vacuum Cleaner,Central,Indore,7,114.83,0.0,803.81,559.42,244.39,Credit Card,Corporate
ORD-00024,2025-02-15,CUST-1061,Office Supplies,Notebook,West,Pune,5,45.26,0.15,192.36,151.84,40.52,Bank Transfer,Consumer
ORD-04710,2025-02-15,CUST-0983,Clothing,Backpack,Central,Bhopal,5,68.87,0.0,344.35,221.75,122.6,Bank Transfer,Consumer
ORD-04160,2025-02-15,CUST-0716,Electronics,Laptop,Central,Bhopal,6,484.37,0.1,2615.6,1753.84,861.76,Bank Transfer,Corporate
ORD-03666,2025-02-15,CUST-0285,Home & Kitchen,Blender,North,Delhi,3,141.87,0.15,361.77,263.31,98.46,Bank Transfer,Consumer
ORD-01755,2025-02-15,CUST-1027,Office Supplies,Printer Paper,South,Bengaluru,8,47.25,0.15,321.3,189.03,132.27,Credit Card,Small Business
ORD-04454,2025-02-15,CUST-1199,Electronics,Laptop,West,Ahmedabad,6,519.08,0.0,3114.48,1808.48,1306.0,UPI,Corporate
ORD-02044,2025-02-16,CUST-0637,Office Supplies,Calculator,East,Bhubaneswar,1,32.51,0.15,27.63,16.39,11.24,Credit Card,Consumer
ORD-04561,2025-02-16,CUST-0790,Home & Kitchen,Vacuum Cleaner,West,Pune,6,160.16,0.0,960.96,686.54,274.42,Credit Card,Consumer
ORD-04993,2025-02-16,CUST-0650,Electronics,Smartphone,South,Hyderabad,4,361.43,0.1,1301.15,1100.04,201.11,Debit Card,Consumer
ORD-02182,2025-02-16,CUST-0064,Electronics,Monitor,Central,Nagpur,7,478.45,0.1,3014.24,2005.05,1009.19,UPI,Consumer
ORD-02252,2025-02-16,CUST-1060,Office Supplies,Printer Paper,Central,Indore,5,26.83,0.1,120.73,101.51,19.22,Credit Card,Consumer
ORD-01575,2025-02-16,CUST-0649,Office Supplies,Pen Set,Central,Nagpur,6,36.14,0.15,184.31,112.64,71.67,Bank Transfer,Small Business
ORD-02847,2025-02-16,CUST-0078,Furniture,Table,South,Hyderabad,1,437.29,0.1,393.56,266.76,126.8,UPI,Small Business
ORD-01320,2025-02-16,CUST-0604,Office Supplies,Notebook,East,Guwahati,8,35.96,0.0,287.68,175.14,112.54,Credit Card,Consumer
ORD-03296,2025-02-16,CUST-0237,Clothing,Sneakers,North,Jaipur,8,51.74,0.0,413.92,352.28,61.64,UPI,Small Business
ORD-00060,2025-02-17,CUST-0008,Electronics,Laptop,East,Guwahati,5,717.93,0.0,3589.65,2954.73,634.92,UPI,Consumer
ORD-02440,2025-02-17,CUST-0932,Furniture,Cabinet,West,Mumbai,7,265.27,0.05,1764.05,1289.15,474.9,UPI,Consumer
ORD-02294,2025-02-17,CUST-0221,Electronics,Monitor,South,Bengaluru,1,537.66,0.0,537.66,400.81,136.85,Cash,Corporate
ORD-04065,2025-02-17,CUST-0790,Office Supplies,Stapler,Central,Indore,8,30.62,0.05,232.71,194.84,37.87,UPI,Consumer
ORD-02442,2025-02-17,CUST-0403,Clothing,Sneakers,Central,Indore,7,39.69,0.2,222.26,183.15,39.11,Cash,Corporate
ORD-02332,2025-02-17,CUST-0790,Electronics,Laptop,West,Mumbai,7,333.74,0.15,1985.75,1378.21,607.54,Bank Transfer,Consumer
ORD-02890,2025-02-17,CUST-0509,Electronics,Smartphone,South,Hyderabad,2,584.45,0.0,1168.9,745.8,423.1,Credit Card,Corporate
ORD-00731,2025-02-17,CUST-1161,Clothing,Backpack,South,Chennai,7,70.55,0.05,469.16,341.4,127.76,Cash,Consumer
ORD-04828,2025-02-17,CUST-0173,Office Supplies,Notebook,North,Jaipur,7,30.28,0.0,211.96,162.6,49.36,Credit Card,Consumer
ORD-01512,2025-02-17,CUST-0376,Furniture,Bookshelf,West,Pune,2,144.08,0.15,244.94,166.16,78.78,Credit Card,Corporate
ORD-02236,2025-02-17,CUST-1055,Clothing,Sneakers,North,Delhi,3,75.76,0.0,227.28,151.1,76.18,Cash,Consumer
ORD-03273,2025-02-17,CUST-0203,Clothing,Jeans,Central,Indore,1,76.55,0.05,72.72,52.98,19.74,UPI,Corporate
ORD-04679,2025-02-17,CUST-0201,Furniture,Bookshelf,West,Ahmedabad,7,365.62,0.05,2431.37,1889.09,542.28,UPI,Consumer
ORD-02210,2025-02-17,CUST-0369,Office Supplies,Stapler,East,Kolkata,5,45.47,0.0,227.35,178.08,49.27,Credit Card,Consumer
ORD-00975,2025-02-17,CUST-0033,Home & Kitchen,Blender,North,Delhi,1,138.08,0.05,131.18,96.46,34.72,Credit Card,Corporate
ORD-03026,2025-02-17,CUST-1182,Furniture,Bookshelf,East,Kolkata,3,194.6,0.05,554.61,421.26,133.35,Cash,Consumer
ORD-01473,2025-02-18,CUST-0133,Electronics,Keyboard,North,Jaipur,7,659.46,0.1,4154.6,2725.81,1428.79,Cash,Small Business
ORD-02290,2025-02-18,CUST-0924,Office Supplies,Pen Set,South,Bengaluru,1,57.89,0.0,57.89,47.61,10.28,UPI,Consumer
ORD-00158,2025-02-18,CUST-1182,Home & Kitchen,Coffee Maker,West,Ahmedabad,2,55.41,0.05,105.28,79.57,25.71,Bank Transfer,Small Business
ORD-00692,2025-02-18,CUST-0057,Office Supplies,Stapler,Central,Bhopal,4,36.73,0.0,146.92,95.77,51.15,UPI,Consumer
ORD-02277,2025-02-18,CUST-1067,Home & Kitchen,Blender,West,Ahmedabad,8,185.75,0.05,1411.7,1004.05,407.65,Bank Transfer,Corporate
ORD-00545,2025-02-18,CUST-0947,Office Supplies,Pen Set,North,Chandigarh,5,52.02,0.0,260.1,160.46,99.64,Cash,Consumer
ORD-01589,2025-02-18,CUST-0764,Clothing,Sneakers,Central,Nagpur,3,45.85,0.1,123.8,102.03,21.77,Debit Card,Corporate
ORD-03978,2025-02-18,CUST-1044,Office Supplies,Calculator,Central,Nagpur,5,39.08,0.0,195.4,139.38,56.02,Bank Transfer,Small Business
ORD-04585,2025-02-18,CUST-1091,Home & Kitchen,Coffee Maker,South,Bengaluru,1,133.8,0.15,113.73,76.62,37.11,UPI,Small Business
ORD-01833,2025-02-18,CUST-1012,Furniture,Cabinet,North,Jaipur,8,230.92,0.1,1662.62,1277.27,385.35,Credit Card,Consumer
ORD-02184,2025-02-18,CUST-1130,Furniture,Cabinet,North,Delhi,8,278.81,0.0,2230.48,1624.73,605.75,UPI,Consumer
ORD-04008,2025-02-18,CUST-0671,Electronics,Monitor,South,Chennai,5,356.36,0.05,1692.71,1145.51,547.2,Credit Card,Consumer
ORD-00964,2025-02-18,CUST-0222,Office Supplies,Calculator,Central,Nagpur,6,35.73,0.1,192.94,160.38,32.56,Bank Transfer,Corporate
ORD-03889,2025-02-18,CUST-0813,Home & Kitchen,Toaster,Central,Nagpur,4,104.89,0.05,398.58,282.43,116.15,Credit Card,Consumer
ORD-03898,2025-02-18,CUST-0627,Clothing,Jeans,North,Delhi,6,61.31,0.05,349.47,212.81,136.66,Cash,Consumer
ORD-03334,2025-02-18,CUST-0537,Electronics,Smartphone,Central,Indore,2,435.46,0.05,827.37,492.77,334.6,Bank Transfer,Consumer
ORD-04193,2025-02-18,CUST-0828,Clothing,Jacket,East,Kolkata,8,57.02,0.05,433.35,276.76,156.59,UPI,Small Business
ORD-01635,2025-02-18,CUST-0388,Electronics,Headphones,South,Bengaluru,4,317.62,0.0,1270.48,852.34,418.14,UPI,Consumer
ORD-04455,2025-02-19,CUST-0761,Furniture,Table,West,Ahmedabad,7,295.66,0.0,2069.62,1704.49,365.13,Credit Card,Consumer
ORD-04522,2025-02-19,CUST-0993,Home & Kitchen,Cookware Set,East,Kolkata,4,64.71,0.1,232.96,151.33,81.63,UPI,Small Business
ORD-03606,2025-02-19,CUST-0217,Electronics,Keyboard,North,Jaipur,1,434.32,0.05,412.6,262.75,149.85,UPI,Corporate
ORD-01292,2025-02-19,CUST-0111,Electronics,Smartphone,Central,Bhopal,7,556.53,0.05,3700.92,2147.2,1553.72,UPI,Small Business
ORD-04002,2025-02-19,CUST-0613,Clothing,Jacket,Central,Bhopal,7,45.01,0.05,299.32,251.79,47.53,Debit Card,Consumer
ORD-01461,2025-02-19,CUST-0412,Electronics,Laptop,West,Mumbai,3,563.05,0.05,1604.69,989.33,615.36,Debit Card,Consumer
ORD-01535,2025-02-19,CUST-0329,Furniture,Desk,East,Kolkata,7,345.89,0.15,2058.05,1746.17,311.88,Bank Transfer,Consumer
ORD-01687,2025-02-19,CUST-0381,Furniture,Office Chair,North,Chandigarh,7,278.78,0.0,1951.46,1579.76,371.7,UPI,Consumer
ORD-02949,2025-02-19,CUST-1020,Clothing,Jeans,South,Bengaluru,4,60.15,0.05,228.57,148.41,80.16,Credit Card,Consumer
ORD-03298,2025-02-19,CUST-0669,Electronics,Monitor,South,Chennai,6,294.29,0.05,1677.45,1290.74,386.71,Cash,Consumer
ORD-02954,2025-02-19,CUST-0189,Clothing,T-Shirt,North,Chandigarh,8,25.69,0.0,205.52,121.99,83.53,Cash,Consumer
ORD-02170,2025-02-20,CUST-0466,Office Supplies,Stapler,Central,Bhopal,2,47.22,0.15,80.27,63.28,16.99,Credit Card,Consumer
ORD-03996,2025-02-20,CUST-0371,Electronics,Headphones,West,Ahmedabad,7,507.18,0.1,3195.23,2585.34,609.89,UPI,Consumer
ORD-03598,2025-02-20,CUST-0435,Electronics,Keyboard,North,Delhi,8,592.35,0.0,4738.8,3540.72,1198.08,Bank Transfer,Consumer
ORD-03849,2025-02-20,CUST-1156,Office Supplies,Pen Set,East,Bhubaneswar,7,17.82,0.1,112.27,87.6,24.67,Credit Card,Consumer
ORD-02131,2025-02-20,CUST-0626,Office Supplies,Calculator,Central,Bhopal,7,40.87,0.05,271.79,162.18,109.61,UPI,Small Business
ORD-03369,2025-02-20,CUST-0129,Office Supplies,Notebook,South,Hyderabad,1,51.4,0.05,48.83,32.54,16.29,Bank Transfer,Consumer
ORD-00895,2025-02-20,CUST-0329,Electronics,Monitor,Central,Nagpur,1,387.14,0.0,387.14,256.11,131.03,Cash,Small Business
ORD-00144,2025-02-20,CUST-0787,Office Supplies,Stapler,North,Chandigarh,7,37.84,0.0,264.88,189.17,75.71,Credit Card,Consumer
ORD-04914,2025-02-20,CUST-0886,Clothing,Jacket,North,Jaipur,5,32.27,0.2,129.08,78.34,50.74,UPI,Corporate
ORD-01110,2025-02-20,CUST-1169,Office Supplies,Pen Set,Central,Nagpur,8,48.15,0.05,365.94,277.21,88.73,UPI,Small Business
ORD-02804,2025-02-20,CUST-1068,Electronics,Smartphone,West,Ahmedabad,4,511.96,0.15,1740.66,1296.74,443.92,UPI,Consumer
ORD-01870,2025-02-20,CUST-0107,Electronics,Headphones,Central,Bhopal,2,248.07,0.1,446.53,273.36,173.17,UPI,Corporate
ORD-02781,2025-02-20,CUST-0932,Clothing,Jeans,Central,Indore,4,58.47,0.05,222.19,158.41,63.78,Credit Card,Consumer
ORD-04947,2025-02-20,CUST-0648,Home & Kitchen,Blender,South,Hyderabad,1,104.54,0.1,94.09,61.27,32.82,Credit Card,Corporate
ORD-02337,2025-02-20,CUST-1139,Electronics,Keyboard,East,Bhubaneswar,7,560.78,0.05,3729.19,2400.12,1329.07,Debit Card,Consumer
ORD-01841,2025-02-20,CUST-0624,Electronics,Keyboard,East,Bhubaneswar,3,436.1,0.1,1177.47,976.63,200.84,Credit Card,Consumer
ORD-03763,2025-02-21,CUST-0403,Electronics,Monitor,North,Delhi,1,494.69,0.0,494.69,417.34,77.35,UPI,Corporate
ORD-02923,2025-02-21,CUST-0952,Home & Kitchen,Coffee Maker,Central,Indore,7,142.82,0.05,949.75,562.01,387.74,UPI,Small Business
ORD-00606,2025-02-21,CUST-0752,Clothing,Backpack,South,Chennai,3,46.27,0.1,124.93,77.37,47.56,UPI,Small Business
ORD-00401,2025-02-21,CUST-0046,Office Supplies,Notebook,East,Guwahati,6,43.84,0.0,263.04,221.91,41.13,UPI,Small Business
ORD-03899,2025-02-21,CUST-0136,Clothing,Sneakers,South,Chennai,5,55.17,0.15,234.47,142.61,91.86,Debit Card,Small Business
ORD-01944,2025-02-21,CUST-0846,Office Supplies,Calculator,Central,Bhopal,2,32.98,0.1,59.36,47.91,11.45,Credit Card,Corporate
ORD-01994,2025-02-21,CUST-0633,Furniture,Desk,Central,Indore,1,288.38,0.1,259.54,188.23,71.31,Debit Card,Consumer
ORD-02586,2025-02-21,CUST-0981,Electronics,Headphones,Central,Bhopal,1,451.83,0.1,406.65,258.86,147.79,UPI,Consumer
ORD-02316,2025-02-21,CUST-0584,Office Supplies,Printer Paper,Central,Nagpur,2,29.83,0.15,50.71,35.23,15.48,UPI,Consumer
ORD-04784,2025-02-21,CUST-1028,Electronics,Monitor,North,Jaipur,2,460.67,0.15,783.14,619.9,163.24,Bank Transfer,Consumer
ORD-02094,2025-02-21,CUST-0096,Home & Kitchen,Blender,Central,Indore,4,104.72,0.15,356.05,292.4,63.65,Debit Card,Consumer
ORD-00561,2025-02-21,CUST-0704,Electronics,Monitor,North,Chandigarh,2,413.61,0.15,703.14,478.45,224.69,UPI,Consumer
ORD-00807,2025-02-21,CUST-0363,Clothing,Jacket,West,Pune,7,39.27,0.0,274.89,229.83,45.06,UPI,Consumer
ORD-02058,2025-02-21,CUST-1068,Home & Kitchen,Vacuum Cleaner,East,Guwahati,8,125.12,0.05,950.91,581.38,369.53,UPI,Small Business
ORD-02414,2025-02-21,CUST-0573,Office Supplies,Stapler,South,Hyderabad,8,30.99,0.15,210.73,175.55,35.18,Bank Transfer,Consumer
ORD-01094,2025-02-21,CUST-0821,Furniture,Cabinet,East,Bhubaneswar,6,296.25,0.0,1777.5,1421.37,356.13,Bank Transfer,Consumer
ORD-03674,2025-02-21,CUST-0778,Furniture,Table,North,Chandigarh,5,300.86,0.15,1278.66,955.73,322.93,UPI,Consumer
ORD-04836,2025-02-21,CUST-0131,Furniture,Desk,Central,Bhopal,3,311.24,0.1,840.35,489.95,350.4,UPI,Consumer
ORD-04858,2025-02-22,CUST-0061,Clothing,Sneakers,East,Kolkata,2,84.72,0.05,160.97,104.6,56.37,Credit Card,Consumer
ORD-01695,2025-02-22,CUST-0182,Furniture,Bookshelf,East,Kolkata,8,304.45,0.05,2313.82,1918.16,395.66,Bank Transfer,Consumer
ORD-01496,2025-02-22,CUST-0188,Office Supplies,Calculator,Central,Bhopal,8,40.72,0.05,309.47,190.28,119.19,Credit Card,Consumer
ORD-04361,2025-02-22,CUST-0868,Office Supplies,Calculator,North,Jaipur,4,43.64,0.05,165.83,125.81,40.02,Debit Card,Small Business
ORD-00007,2025-02-22,CUST-0015,Home & Kitchen,Toaster,Central,Indore,8,79.6,0.05,604.96,374.75,230.21,Credit Card,Consumer
ORD-04255,2025-02-22,CUST-1091,Office Supplies,Notebook,South,Chennai,5,35.39,0.1,159.26,129.64,29.62,Debit Card,Consumer
ORD-04793,2025-02-22,CUST-0654,Clothing,Jacket,East,Kolkata,6,44.03,0.1,237.76,165.52,72.24,UPI,Corporate
ORD-01866,2025-02-22,CUST-0898,Office Supplies,Notebook,West,Mumbai,4,19.08,0.05,72.5,55.46,17.04,Debit Card,Small Business
ORD-02228,2025-02-22,CUST-0548,Office Supplies,Notebook,Central,Bhopal,7,33.0,0.1,207.9,151.32,56.58,Bank Transfer,Consumer
ORD-00244,2025-02-22,CUST-0437,Electronics,Monitor,Central,Nagpur,7,370.17,0.0,2591.19,1967.58,623.61,Credit Card,Consumer
ORD-01669,2025-02-22,CUST-1148,Electronics,Headphones,East,Kolkata,7,460.7,0.05,3063.66,2071.18,992.48,UPI,Consumer
ORD-03603,2025-02-22,CUST-0248,Clothing,Jeans,East,Bhubaneswar,2,78.16,0.0,156.32,101.88,54.44,UPI,Corporate
ORD-00474,2025-02-22,CUST-1093,Furniture,Bookshelf,West,Ahmedabad,3,536.04,0.0,1608.12,1093.05,515.07,Credit Card,Consumer
ORD-03093,2025-02-22,CUST-1141,Office Supplies,Stapler,West,Pune,6,34.66,0.1,187.16,128.1,59.06,UPI,Corporate
ORD-02725,2025-02-22,CUST-0619,Clothing,Jeans,West,Ahmedabad,7,62.3,0.1,392.49,333.73,58.76,Bank Transfer,Corporate
ORD-02962,2025-02-22,CUST-0703,Clothing,Sneakers,East,Kolkata,8,65.63,0.05,498.79,341.35,157.44,Debit Card,Consumer
ORD-01517,2025-02-23,CUST-0408,Home & Kitchen,Vacuum Cleaner,West,Mumbai,1,116.27,0.1,104.64,87.95,16.69,Bank Transfer,Consumer
ORD-01412,2025-02-23,CUST-1005,Home & Kitchen,Cookware Set,South,Chennai,2,132.62,0.0,265.24,190.95,74.29,Credit Card,Small Business
ORD-03641,2025-02-23,CUST-0681,Clothing,Jacket,West,Ahmedabad,1,48.43,0.15,41.17,34.77,6.4,UPI,Small Business
ORD-03415,2025-02-23,CUST-1082,Furniture,Desk,Central,Indore,4,289.39,0.1,1041.8,736.48,305.32,UPI,Small Business
ORD-03412,2025-02-23,CUST-1116,Home & Kitchen,Vacuum Cleaner,Central,Indore,6,128.35,0.1,693.09,439.6,253.49,Debit Card,Consumer
ORD-00105,2025-02-23,CUST-0419,Electronics,Monitor,Central,Bhopal,7,460.86,0.05,3064.72,2228.08,836.64,Cash,Corporate
ORD-02550,2025-02-23,CUST-0153,Clothing,Jacket,South,Chennai,2,57.23,0.0,114.46,96.02,18.44,UPI,Consumer
ORD-04954,2025-02-23,CUST-0585,Office Supplies,Calculator,West,Ahmedabad,2,24.3,0.0,48.6,31.53,17.07,Debit Card,Consumer
ORD-02186,2025-02-23,CUST-0724,Furniture,Office Chair,South,Bengaluru,4,344.72,0.0,1378.88,1183.58,195.3,Bank Transfer,Consumer
ORD-02257,2025-02-23,CUST-0054,Home & Kitchen,Coffee Maker,East,Bhubaneswar,4,177.88,0.1,640.37,512.16,128.21,UPI,Consumer
ORD-00699,2025-02-23,CUST-1104,Furniture,Bookshelf,North,Chandigarh,8,318.75,0.05,2422.5,1824.87,597.63,Credit Card,Consumer
ORD-00239,2025-02-23,CUST-0696,Electronics,Headphones,East,Guwahati,2,403.88,0.05,767.37,617.92,149.45,UPI,Corporate
ORD-03711,2025-02-24,CUST-1181,Electronics,Monitor,North,Chandigarh,2,473.56,0.05,899.76,631.19,268.57,Debit Card,Consumer
ORD-01883,2025-02-24,CUST-0994,Electronics,Monitor,North,Chandigarh,1,602.47,0.1,542.22,348.95,193.27,Credit Card,Consumer
ORD-01554,2025-02-24,CUST-0071,Electronics,Laptop,South,Bengaluru,8,563.96,0.1,4060.51,3305.41,755.1,UPI,Small Business
ORD-03966,2025-02-24,CUST-0700,Furniture,Table,South,Hyderabad,3,352.56,0.0,1057.68,647.83,409.85,Bank Transfer,Consumer
ORD-03887,2025-02-24,CUST-1111,Electronics,Smartphone,Central,Nagpur,2,493.19,0.05,937.06,617.47,319.59,Credit Card,Consumer
ORD-03407,2025-02-24,CUST-1026,Office Supplies,Printer Paper,South,Hyderabad,3,32.92,0.15,83.95,62.85,21.1,Bank Transfer,Consumer
ORD-01566,2025-02-24,CUST-0746,Furniture,Cabinet,Central,Bhopal,5,299.75,0.0,1498.75,1035.26,463.49,Credit Card,Corporate
ORD-03610,2025-02-24,CUST-0089,Home & Kitchen,Cookware Set,North,Chandigarh,5,152.04,0.0,760.2,502.2,258.0,Credit Card,Small Business
ORD-02866,2025-02-24,CUST-0367,Home & Kitchen,Cookware Set,West,Pune,6,160.53,0.15,818.7,662.57,156.13,Credit Card,Small Business
ORD-01574,2025-02-24,CUST-0781,Home & Kitchen,Toaster,East,Bhubaneswar,1,104.27,0.15,88.63,63.82,24.81,Credit Card,Corporate
ORD-02200,2025-02-24,CUST-0821,Clothing,T-Shirt,West,Mumbai,3,49.29,0.15,125.69,79.35,46.34,Cash,Corporate
ORD-04875,2025-02-24,CUST-0717,Home & Kitchen,Toaster,North,Chandigarh,2,142.52,0.0,285.04,199.57,85.47,Debit Card,Consumer
ORD-00079,2025-02-24,CUST-0313,Electronics,Laptop,North,Chandigarh,3,259.6,0.0,778.8,524.8,254.0,Credit Card,Consumer
ORD-02806,2025-02-24,CUST-0644,Office Supplies,Stapler,Central,Indore,8,30.69,0.0,245.52,192.89,52.63,Bank Transfer,Consumer
ORD-00468,2025-02-24,CUST-1070,Clothing,Jacket,East,Kolkata,2,66.27,0.05,125.91,101.02,24.89,UPI,Small Business
ORD-04077,2025-02-24,CUST-0535,Office Supplies,Printer Paper,West,Mumbai,6,26.69,0.0,160.14,102.98,57.16,Credit Card,Consumer
ORD-03802,2025-02-24,CUST-0531,Office Supplies,Stapler,Central,Bhopal,5,20.09,0.0,100.45,66.94,33.51,Bank Transfer,Small Business
ORD-04370,2025-02-25,CUST-0968,Clothing,Sneakers,East,Guwahati,5,70.15,0.1,315.68,190.55,125.13,Credit Card,Consumer
ORD-03748,2025-02-25,CUST-0270,Home & Kitchen,Blender,South,Hyderabad,6,189.71,0.05,1081.35,787.84,293.51,Bank Transfer,Consumer
ORD-00946,2025-02-25,CUST-0394,Furniture,Bookshelf,East,Bhubaneswar,6,260.51,0.05,1484.91,1262.91,222.0,Credit Card,Consumer
ORD-01905,2025-02-25,CUST-0839,Furniture,Bookshelf,West,Pune,5,267.16,0.0,1335.8,841.95,493.85,Cash,Corporate
ORD-00722,2025-02-25,CUST-0835,Clothing,Sneakers,Central,Bhopal,2,63.39,0.15,107.76,87.78,19.98,Credit Card,Consumer
ORD-01808,2025-02-25,CUST-0043,Office Supplies,Stapler,Central,Bhopal,8,29.27,0.15,199.04,140.68,58.36,Credit Card,Consumer
ORD-00449,2025-02-25,CUST-0295,Home & Kitchen,Coffee Maker,South,Chennai,1,157.59,0.0,157.59,111.0,46.59,Cash,Small Business
ORD-03652,2025-02-25,CUST-0965,Electronics,Laptop,South,Bengaluru,1,393.8,0.1,354.42,217.39,137.03,UPI,Small Business
ORD-03644,2025-02-25,CUST-0164,Home & Kitchen,Coffee Maker,North,Delhi,3,124.84,0.15,318.34,234.73,83.61,Credit Card,Consumer
ORD-02309,2025-02-25,CUST-0340,Furniture,Table,West,Pune,8,174.83,0.05,1328.71,1126.55,202.16,UPI,Consumer
ORD-03152,2025-02-25,CUST-0534,Furniture,Desk,South,Bengaluru,4,159.08,0.15,540.87,413.71,127.16,Bank Transfer,Consumer
ORD-03248,2025-02-25,CUST-0662,Office Supplies,Stapler,South,Bengaluru,7,45.52,0.0,318.64,247.13,71.51,Credit Card,Small Business
ORD-04476,2025-02-26,CUST-0668,Furniture,Cabinet,Central,Nagpur,3,265.44,0.0,796.32,661.21,135.11,Credit Card,Small Business
ORD-00690,2025-02-26,CUST-0056,Home & Kitchen,Toaster,North,Jaipur,1,176.69,0.15,150.19,127.05,23.14,Cash,Corporate
ORD-02013,2025-02-26,CUST-1118,Electronics,Laptop,East,Guwahati,3,678.91,0.0,2036.73,1606.29,430.44,Credit Card,Small Business
ORD-00804,2025-02-26,CUST-0325,Clothing,Jeans,Central,Bhopal,5,49.46,0.15,210.2,148.83,61.37,Credit Card,Consumer
ORD-02967,2025-02-26,CUST-0371,Office Supplies,Calculator,West,Mumbai,8,30.77,0.05,233.85,140.13,93.72,Debit Card,Corporate
ORD-02959,2025-02-26,CUST-0094,Electronics,Headphones,West,Ahmedabad,4,525.96,0.15,1788.26,1441.47,346.79,Bank Transfer,Consumer
ORD-00891,2025-02-26,CUST-0304,Office Supplies,Printer Paper,Central,Indore,1,26.06,0.0,26.06,20.41,5.65,Credit Card,Consumer
ORD-03401,2025-02-26,CUST-0779,Office Supplies,Printer Paper,East,Bhubaneswar,5,44.71,0.05,212.37,169.1,43.27,UPI,Consumer
ORD-02863,2025-02-26,CUST-1045,Furniture,Cabinet,West,Mumbai,6,325.54,0.15,1660.25,1158.39,501.86,Debit Card,Consumer
ORD-03126,2025-02-26,CUST-0863,Electronics,Keyboard,South,Chennai,7,562.4,0.1,3543.12,2822.09,721.03,UPI,Consumer
ORD-01779,2025-02-26,CUST-0502,Office Supplies,Notebook,South,Hyderabad,7,40.17,0.0,281.19,197.01,84.18,Credit Card,Corporate
ORD-01564,2025-02-26,CUST-0829,Clothing,Sneakers,West,Ahmedabad,2,64.91,0.1,116.84,83.77,33.07,Debit Card,Consumer
ORD-03165,2025-02-26,CUST-0489,Home & Kitchen,Coffee Maker,South,Bengaluru,1,199.29,0.1,179.36,131.58,47.78,Credit Card,Consumer
ORD-03157,2025-02-26,CUST-0760,Office Supplies,Printer Paper,West,Ahmedabad,6,38.84,0.15,198.08,138.08,60.0,Credit Card,Consumer
ORD-04643,2025-02-26,CUST-0008,Clothing,Backpack,South,Bengaluru,5,54.21,0.1,243.95,176.34,67.61,Bank Transfer,Consumer
ORD-00592,2025-02-27,CUST-0816,Home & Kitchen,Toaster,South,Chennai,1,145.7,0.1,131.13,98.33,32.8,Credit Card,Consumer
ORD-04683,2025-02-27,CUST-0961,Clothing,Jacket,South,Chennai,4,59.12,0.1,212.83,138.99,73.84,Credit Card,Consumer
ORD-04154,2025-02-27,CUST-0480,Clothing,Backpack,Central,Indore,7,64.45,0.0,451.15,311.84,139.31,UPI,Corporate
ORD-03816,2025-02-27,CUST-1010,Office Supplies,Notebook,North,Delhi,8,38.29,0.05,291.0,182.55,108.45,UPI,Consumer
ORD-00345,2025-02-27,CUST-0156,Furniture,Office Chair,Central,Bhopal,8,214.44,0.0,1715.52,1431.36,284.16,Cash,Consumer
ORD-01780,2025-02-27,CUST-0243,Clothing,Jacket,South,Hyderabad,5,51.96,0.05,246.81,149.13,97.68,UPI,Consumer
ORD-00299,2025-02-27,CUST-0092,Clothing,Backpack,South,Bengaluru,3,75.82,0.05,216.09,157.7,58.39,UPI,Consumer
ORD-03880,2025-02-27,CUST-0777,Clothing,T-Shirt,East,Guwahati,8,60.92,0.1,438.62,304.66,133.96,UPI,Corporate
ORD-03904,2025-02-27,CUST-0380,Electronics,Headphones,Central,Bhopal,2,425.32,0.0,850.64,689.46,161.18,UPI,Consumer
ORD-03616,2025-02-27,CUST-0127,Home & Kitchen,Toaster,East,Kolkata,8,144.3,0.15,981.24,635.26,345.98,Cash,Corporate
ORD-00045,2025-02-27,CUST-0824,Office Supplies,Calculator,South,Chennai,4,46.12,0.05,175.26,148.87,26.39,UPI,Consumer
ORD-03914,2025-02-27,CUST-0656,Furniture,Office Chair,South,Hyderabad,1,345.48,0.1,310.93,225.95,84.98,Credit Card,Corporate
ORD-04267,2025-02-27,CUST-1070,Electronics,Monitor,North,Chandigarh,8,432.37,0.05,3286.01,2599.43,686.58,UPI,Small Business
ORD-03938,2025-02-27,CUST-0045,Furniture,Cabinet,North,Jaipur,7,272.31,0.0,1906.17,1299.55,606.62,UPI,Consumer
ORD-04438,2025-02-28,CUST-0602,Furniture,Office Chair,Central,Indore,2,339.98,0.05,645.96,400.33,245.63,UPI,Consumer
ORD-00246,2025-02-28,CUST-0850,Electronics,Headphones,West,Mumbai,7,304.83,0.1,1920.43,1329.71,590.72,Cash,Corporate
ORD-04905,2025-02-28,CUST-0597,Clothing,T-Shirt,Central,Bhopal,4,68.68,0.05,260.98,185.1,75.88,UPI,Small Business
ORD-04876,2025-02-28,CUST-0848,Electronics,Smartphone,Central,Nagpur,8,252.36,0.05,1917.94,1480.83,437.11,Cash,Consumer
ORD-00701,2025-02-28,CUST-0311,Office Supplies,Stapler,Central,Nagpur,4,16.7,0.0,66.8,40.42,26.38,Debit Card,Consumer
ORD-02958,2025-02-28,CUST-0572,Home & Kitchen,Coffee Maker,West,Pune,2,152.85,0.05,290.41,235.73,54.68,Bank Transfer,Consumer
ORD-03539,2025-02-28,CUST-0937,Electronics,Keyboard,Central,Nagpur,3,369.28,0.0,1107.84,677.61,430.23,Debit Card,Small Business
ORD-02592,2025-02-28,CUST-0018,Office Supplies,Stapler,South,Chennai,5,25.52,0.0,127.6,96.85,30.75,Credit Card,Corporate
ORD-03223,2025-02-28,CUST-0106,Electronics,Keyboard,West,Ahmedabad,1,443.02,0.05,420.87,335.26,85.61,UPI,Consumer
ORD-04566,2025-02-28,CUST-0542,Furniture,Cabinet,North,Jaipur,3,233.07,0.15,594.33,418.83,175.5,Bank Transfer,Corporate
ORD-01023,2025-02-28,CUST-0515,Electronics,Smartphone,North,Delhi,5,459.14,0.0,2295.7,1409.68,886.02,Bank Transfer,Consumer
ORD-00330,2025-02-28,CUST-0532,Electronics,Smartphone,North,Chandigarh,3,639.56,0.05,1822.75,1289.35,533.4,Bank Transfer,Consumer
ORD-02698,2025-02-28,CUST-0190,Office Supplies,Pen Set,South,Hyderabad,6,42.43,0.05,241.85,194.59,47.26,UPI,Corporate
ORD-02342,2025-02-28,CUST-0296,Clothing,Jacket,West,Pune,2,51.38,0.0,102.76,87.97,14.79,Cash,Consumer
ORD-01794,2025-02-28,CUST-0977,Furniture,Desk,East,Kolkata,2,280.39,0.05,532.74,451.51,81.23,Credit Card,Small Business
ORD-03009,2025-02-28,CUST-1167,Furniture,Bookshelf,East,Bhubaneswar,1,301.46,0.15,256.24,208.24,48.0,Bank Transfer,Corporate
ORD-01233,2025-03-01,CUST-0461,Electronics,Monitor,West,Ahmedabad,7,502.21,0.05,3339.7,2092.07,1247.63,Credit Card,Small Business
ORD-04194,2025-03-01,CUST-1007,Electronics,Laptop,Central,Nagpur,3,258.08,0.05,735.53,475.82,259.71,Credit Card,Consumer
ORD-00389,2025-03-01,CUST-0569,Electronics,Laptop,South,Hyderabad,2,612.37,0.0,1224.74,811.83,412.91,Bank Transfer,Consumer
ORD-01668,2025-03-01,CUST-0189,Home & Kitchen,Coffee Maker,South,Bengaluru,2,132.22,0.05,251.22,154.99,96.23,Bank Transfer,Consumer
ORD-01677,2025-03-01,CUST-0624,Clothing,Backpack,East,Kolkata,6,53.5,0.15,272.85,176.2,96.65,UPI,Consumer
ORD-03386,2025-03-01,CUST-0049,Electronics,Smartphone,South,Bengaluru,6,485.58,0.05,2767.81,2091.17,676.64,Bank Transfer,Small Business
ORD-04659,2025-03-01,CUST-0971,Clothing,Jacket,North,Chandigarh,8,62.37,0.2,399.17,336.84,62.33,Bank Transfer,Consumer
ORD-01327,2025-03-01,CUST-0449,Furniture,Desk,South,Chennai,5,417.42,0.15,1774.04,1177.92,596.12,Credit Card,Consumer
ORD-00893,2025-03-01,CUST-0548,Home & Kitchen,Cookware Set,West,Mumbai,2,148.44,0.1,267.19,180.53,86.66,UPI,Consumer
ORD-01988,2025-03-01,CUST-0799,Electronics,Keyboard,East,Kolkata,6,458.31,0.1,2474.87,1720.34,754.53,UPI,Consumer
ORD-03929,2025-03-01,CUST-1108,Office Supplies,Notebook,North,Chandigarh,2,37.69,0.05,71.61,57.66,13.95,Credit Card,Consumer
ORD-01288,2025-03-01,CUST-0019,Office Supplies,Pen Set,West,Pune,4,40.61,0.05,154.32,104.09,50.23,UPI,Corporate
ORD-03744,2025-03-01,CUST-0223,Furniture,Table,Central,Bhopal,2,170.86,0.05,324.63,197.87,126.76,Debit Card,Consumer
ORD-02042,2025-03-02,CUST-1196,Electronics,Keyboard,Central,Nagpur,1,414.14,0.0,414.14,355.95,58.19,Debit Card,Consumer
ORD-03794,2025-03-02,CUST-0786,Furniture,Bookshelf,West,Pune,8,303.07,0.05,2303.33,1547.57,755.76,Bank Transfer,Consumer
ORD-01975,2025-03-02,CUST-0566,Office Supplies,Calculator,Central,Bhopal,7,38.45,0.15,228.78,137.72,91.06,UPI,Corporate
ORD-00095,2025-03-02,CUST-0108,Furniture,Office Chair,North,Delhi,3,213.87,0.0,641.61,386.1,255.51,UPI,Consumer
ORD-02079,2025-03-02,CUST-0103,Office Supplies,Printer Paper,North,Jaipur,3,43.75,0.0,131.25,93.53,37.72,Bank Transfer,Consumer
ORD-04414,2025-03-02,CUST-0537,Office Supplies,Stapler,South,Hyderabad,8,39.88,0.1,287.14,168.08,119.06,Bank Transfer,Small Business
ORD-04700,2025-03-02,CUST-1172,Electronics,Smartphone,Central,Indore,7,398.83,0.05,2652.22,2182.89,469.33,Bank Transfer,Small Business
ORD-00850,2025-03-02,CUST-1041,Home & Kitchen,Toaster,South,Hyderabad,1,56.86,0.05,54.02,40.86,13.16,UPI,Consumer
ORD-03681,2025-03-02,CUST-0743,Furniture,Table,Central,Bhopal,8,251.1,0.1,1807.92,1060.1,747.82,UPI,Consumer
ORD-02975,2025-03-02,CUST-0645,Office Supplies,Pen Set,East,Bhubaneswar,3,34.55,0.05,98.47,82.48,15.99,Credit Card,Small Business
ORD-01214,2025-03-02,CUST-0475,Electronics,Laptop,South,Chennai,8,423.8,0.2,2712.32,2166.36,545.96,UPI,Corporate
ORD-00455,2025-03-02,CUST-0171,Electronics,Headphones,West,Ahmedabad,6,450.89,0.1,2434.81,2049.48,385.33,Credit Card,Small Business
ORD-00187,2025-03-02,CUST-0547,Furniture,Office Chair,South,Bengaluru,2,289.86,0.0,579.72,488.93,90.79,UPI,Small Business
ORD-02240,2025-03-02,CUST-0113,Office Supplies,Stapler,South,Hyderabad,3,29.98,0.05,85.44,65.97,19.47,Cash,Corporate
ORD-04073,2025-03-02,CUST-0760,Office Supplies,Stapler,North,Delhi,2,30.18,0.15,51.31,37.94,13.37,Credit Card,Consumer
ORD-04486,2025-03-03,CUST-0237,Furniture,Office Chair,West,Pune,6,363.58,0.15,1854.26,1541.69,312.57,UPI,Consumer
ORD-02504,2025-03-03,CUST-0101,Electronics,Smartphone,East,Bhubaneswar,4,526.78,0.15,1791.05,1092.12,698.93,UPI,Corporate
ORD-01864,2025-03-03,CUST-1028,Furniture,Table,North,Delhi,1,279.69,0.05,265.71,172.54,93.17,Debit Card,Small Business
ORD-02971,2025-03-03,CUST-0986,Home & Kitchen,Coffee Maker,West,Mumbai,1,100.24,0.05,95.23,78.23,17.0,UPI,Consumer
ORD-00551,2025-03-03,CUST-0311,Furniture,Office Chair,South,Chennai,3,197.61,0.0,592.83,507.54,85.29,Credit Card,Consumer
ORD-02144,2025-03-03,CUST-0528,Furniture,Desk,West,Pune,4,279.6,0.05,1062.48,742.08,320.4,Debit Card,Corporate
ORD-01344,2025-03-03,CUST-0227,Electronics,Smartphone,Central,Nagpur,7,564.81,0.05,3755.99,2625.87,1130.12,Bank Transfer,Consumer
ORD-04577,2025-03-03,CUST-0924,Home & Kitchen,Coffee Maker,West,Ahmedabad,4,135.34,0.1,487.22,302.49,184.73,Cash,Small Business
ORD-01741,2025-03-03,CUST-0968,Home & Kitchen,Coffee Maker,Central,Nagpur,6,97.78,0.05,557.35,427.23,130.12,UPI,Consumer
ORD-04155,2025-03-03,CUST-0658,Home & Kitchen,Vacuum Cleaner,West,Pune,8,123.16,0.15,837.49,611.33,226.16,UPI,Consumer
ORD-04731,2025-03-03,CUST-0519,Furniture,Bookshelf,West,Ahmedabad,7,195.95,0.05,1303.07,903.75,399.32,Credit Card,Consumer
ORD-03471,2025-03-03,CUST-0762,Home & Kitchen,Toaster,West,Mumbai,4,109.75,0.15,373.15,272.0,101.15,Debit Card,Small Business
ORD-03100,2025-03-04,CUST-0931,Furniture,Cabinet,South,Hyderabad,4,197.8,0.0,791.2,486.37,304.83,UPI,Consumer
ORD-01114,2025-03-04,CUST-0484,Electronics,Headphones,West,Pune,5,696.57,0.1,3134.57,1863.47,1271.1,UPI,Small Business
ORD-02736,2025-03-04,CUST-0589,Electronics,Monitor,Central,Bhopal,8,486.14,0.0,3889.12,2720.26,1168.86,Credit Card,Small Business
ORD-03896,2025-03-04,CUST-0074,Home & Kitchen,Toaster,Central,Indore,7,125.6,0.15,747.32,529.62,217.7,Bank Transfer,Corporate
ORD-04978,2025-03-04,CUST-0001,Electronics,Headphones,Central,Bhopal,7,500.47,0.05,3328.13,2052.49,1275.64,UPI,Corporate
ORD-03749,2025-03-04,CUST-0744,Clothing,Jeans,Central,Bhopal,8,54.9,0.05,417.24,338.01,79.23,Bank Transfer,Consumer
ORD-03971,2025-03-04,CUST-0331,Home & Kitchen,Toaster,North,Chandigarh,7,100.21,0.1,631.32,504.99,126.33,Bank Transfer,Corporate
ORD-00238,2025-03-04,CUST-0943,Office Supplies,Notebook,North,Chandigarh,6,49.83,0.0,298.98,175.99,122.99,UPI,Small Business
ORD-02813,2025-03-04,CUST-0925,Clothing,Sneakers,East,Kolkata,4,59.18,0.0,236.72,143.15,93.57,Debit Card,Consumer
ORD-04422,2025-03-04,CUST-0613,Office Supplies,Stapler,North,Delhi,4,30.6,0.0,122.4,72.73,49.67,UPI,Consumer
ORD-03225,2025-03-04,CUST-0880,Home & Kitchen,Vacuum Cleaner,North,Delhi,3,123.48,0.0,370.44,275.82,94.62,Debit Card,Consumer
ORD-03754,2025-03-05,CUST-1177,Home & Kitchen,Coffee Maker,East,Bhubaneswar,1,108.7,0.05,103.26,80.03,23.23,Credit Card,Consumer
ORD-04532,2025-03-05,CUST-0360,Furniture,Table,North,Jaipur,5,181.92,0.05,864.12,657.68,206.44,UPI,Corporate
ORD-01569,2025-03-05,CUST-0107,Electronics,Laptop,West,Ahmedabad,4,400.22,0.05,1520.84,1102.36,418.48,UPI,Consumer
ORD-04552,2025-03-05,CUST-0981,Home & Kitchen,Coffee Maker,South,Chennai,4,107.06,0.0,428.24,363.07,65.17,UPI,Corporate
ORD-04035,2025-03-05,CUST-1033,Office Supplies,Printer Paper,South,Chennai,5,37.79,0.0,188.95,124.37,64.58,UPI,Small Business
ORD-04621,2025-03-05,CUST-1038,Electronics,Headphones,West,Ahmedabad,1,264.11,0.0,264.11,192.07,72.04,Credit Card,Small Business
ORD-00213,2025-03-05,CUST-1013,Home & Kitchen,Vacuum Cleaner,East,Guwahati,6,122.1,0.0,732.6,595.45,137.15,Credit Card,Small Business
ORD-04512,2025-03-05,CUST-0665,Furniture,Bookshelf,Central,Nagpur,3,297.63,0.15,758.96,638.49,120.47,Credit Card,Consumer
ORD-01230,2025-03-05,CUST-0586,Electronics,Monitor,West,Pune,2,572.92,0.0,1145.84,746.32,399.52,Debit Card,Consumer
ORD-02671,2025-03-05,CUST-0054,Office Supplies,Stapler,Central,Indore,2,22.68,0.05,43.09,34.63,8.46,Debit Card,Consumer
ORD-04543,2025-03-05,CUST-0345,Home & Kitchen,Cookware Set,East,Kolkata,7,131.02,0.0,917.14,786.51,130.63,Credit Card,Consumer
ORD-03052,2025-03-05,CUST-0448,Home & Kitchen,Vacuum Cleaner,East,Bhubaneswar,6,133.76,0.1,722.3,452.71,269.59,UPI,Consumer
ORD-00092,2025-03-05,CUST-0819,Office Supplies,Stapler,South,Chennai,2,27.04,0.0,54.08,42.54,11.54,Credit Card,Corporate
ORD-04651,2025-03-05,CUST-0870,Furniture,Office Chair,West,Pune,5,411.85,0.05,1956.29,1191.73,764.56,Credit Card,Corporate
ORD-02134,2025-03-05,CUST-0213,Furniture,Cabinet,East,Kolkata,8,275.41,0.15,1872.79,1167.67,705.12,Bank Transfer,Corporate
ORD-03604,2025-03-05,CUST-0641,Furniture,Cabinet,North,Delhi,3,304.16,0.1,821.23,560.01,261.22,UPI,Consumer
ORD-03456,2025-03-05,CUST-0453,Home & Kitchen,Vacuum Cleaner,East,Bhubaneswar,6,86.91,0.0,521.46,398.61,122.85,Credit Card,Consumer
ORD-01389,2025-03-05,CUST-0443,Office Supplies,Calculator,East,Guwahati,8,20.9,0.05,158.84,130.94,27.9,UPI,Corporate
ORD-01824,2025-03-05,CUST-0306,Office Supplies,Stapler,South,Bengaluru,4,44.02,0.2,140.86,109.42,31.44,Debit Card,Small Business
ORD-01421,2025-03-05,CUST-0026,Furniture,Cabinet,East,Kolkata,7,277.7,0.0,1943.9,1228.92,714.98,Cash,Consumer
ORD-04074,2025-03-05,CUST-0525,Clothing,T-Shirt,North,Delhi,4,66.63,0.15,226.54,162.18,64.36,UPI,Consumer
ORD-02567,2025-03-05,CUST-0158,Office Supplies,Notebook,South,Bengaluru,4,32.59,0.15,110.81,76.29,34.52,Credit Card,Corporate
ORD-01246,2025-03-06,CUST-0465,Furniture,Table,Central,Indore,1,266.23,0.0,266.23,226.45,39.78,Debit Card,Consumer
ORD-02195,2025-03-06,CUST-0324,Home & Kitchen,Cookware Set,North,Chandigarh,3,103.84,0.0,311.52,194.61,116.91,Credit Card,Corporate
ORD-04775,2025-03-06,CUST-0060,Clothing,T-Shirt,East,Guwahati,3,63.69,0.0,191.07,115.81,75.26,Credit Card,Corporate
ORD-00543,2025-03-06,CUST-0292,Furniture,Office Chair,South,Hyderabad,5,199.95,0.0,999.75,626.56,373.19,Credit Card,Consumer
ORD-02370,2025-03-06,CUST-0593,Furniture,Office Chair,Central,Bhopal,8,325.03,0.15,2210.2,1887.47,322.73,Credit Card,Consumer
ORD-02684,2025-03-06,CUST-0237,Office Supplies,Printer Paper,East,Kolkata,1,27.56,0.15,23.43,18.82,4.61,Bank Transfer,Consumer
ORD-01055,2025-03-06,CUST-0267,Electronics,Monitor,South,Hyderabad,8,379.76,0.05,2886.18,2153.3,732.88,Bank Transfer,Corporate
ORD-00292,2025-03-06,CUST-1103,Furniture,Table,East,Bhubaneswar,3,338.08,0.0,1014.24,632.23,382.01,Credit Card,Small Business
ORD-04661,2025-03-06,CUST-0189,Home & Kitchen,Blender,East,Bhubaneswar,4,179.99,0.1,647.96,492.13,155.83,UPI,Consumer
ORD-00366,2025-03-06,CUST-0826,Office Supplies,Notebook,East,Bhubaneswar,3,46.78,0.05,133.32,92.75,40.57,UPI,Consumer
ORD-03536,2025-03-06,CUST-0003,Office Supplies,Pen Set,West,Mumbai,1,24.0,0.05,22.8,18.17,4.63,UPI,Consumer
ORD-01066,2025-03-07,CUST-1161,Office Supplies,Pen Set,Central,Bhopal,8,37.82,0.0,302.56,247.76,54.8,Credit Card,Corporate
ORD-02777,2025-03-07,CUST-0353,Office Supplies,Pen Set,East,Guwahati,7,48.67,0.05,323.66,202.44,121.22,Debit Card,Consumer
ORD-01239,2025-03-07,CUST-1170,Office Supplies,Pen Set,South,Hyderabad,7,26.73,0.0,187.11,117.51,69.6,Debit Card,Small Business
ORD-01830,2025-03-07,CUST-1022,Office Supplies,Pen Set,West,Ahmedabad,1,38.97,0.15,33.12,25.45,7.67,Debit Card,Corporate
ORD-01429,2025-03-07,CUST-0383,Office Supplies,Printer Paper,North,Delhi,8,38.37,0.0,306.96,225.46,81.5,Credit Card,Corporate
ORD-04005,2025-03-07,CUST-0739,Furniture,Office Chair,Central,Bhopal,3,336.83,0.05,959.97,742.5,217.47,UPI,Corporate
ORD-04030,2025-03-07,CUST-0213,Home & Kitchen,Toaster,South,Hyderabad,2,132.49,0.1,238.48,182.38,56.1,Debit Card,Small Business
ORD-04057,2025-03-07,CUST-0459,Home & Kitchen,Coffee Maker,North,Jaipur,6,105.48,0.0,632.88,388.9,243.98,UPI,Small Business
ORD-00910,2025-03-07,CUST-0453,Home & Kitchen,Toaster,South,Hyderabad,3,142.0,0.15,362.1,237.96,124.14,Bank Transfer,Consumer
ORD-02534,2025-03-07,CUST-0902,Clothing,T-Shirt,East,Guwahati,4,61.53,0.05,233.81,157.31,76.5,UPI,Consumer
ORD-00055,2025-03-07,CUST-0098,Electronics,Headphones,Central,Indore,3,401.21,0.0,1203.63,816.26,387.37,UPI,Corporate
ORD-02526,2025-03-07,CUST-0537,Clothing,Sneakers,South,Chennai,3,51.25,0.05,146.06,107.51,38.55,UPI,Consumer
ORD-03841,2025-03-07,CUST-1054,Home & Kitchen,Blender,North,Delhi,4,92.96,0.2,297.47,255.13,42.34,Credit Card,Consumer
ORD-00578,2025-03-07,CUST-0259,Office Supplies,Pen Set,West,Mumbai,1,51.04,0.1,45.94,26.92,19.02,UPI,Consumer
ORD-03164,2025-03-08,CUST-0217,Home & Kitchen,Coffee Maker,East,Bhubaneswar,7,179.53,0.0,1256.71,814.66,442.05,Bank Transfer,Corporate
ORD-03846,2025-03-08,CUST-0775,Office Supplies,Notebook,North,Jaipur,3,17.91,0.15,45.67,31.45,14.22,Bank Transfer,Small Business
ORD-04185,2025-03-08,CUST-0407,Electronics,Monitor,East,Kolkata,5,524.43,0.05,2491.04,1927.96,563.08,Credit Card,Consumer
ORD-00702,2025-03-08,CUST-0832,Furniture,Table,South,Hyderabad,5,276.23,0.0,1381.15,846.0,535.15,Credit Card,Corporate
ORD-04986,2025-03-08,CUST-0735,Furniture,Cabinet,North,Jaipur,4,323.04,0.0,1292.16,898.27,393.89,UPI,Consumer
ORD-04190,2025-03-08,CUST-0369,Clothing,T-Shirt,Central,Nagpur,7,66.18,0.0,463.26,294.76,168.5,Credit Card,Small Business
ORD-03837,2025-03-08,CUST-0676,Office Supplies,Calculator,West,Mumbai,3,31.45,0.15,80.2,58.93,21.27,Cash,Consumer
ORD-04382,2025-03-08,CUST-0222,Furniture,Office Chair,North,Jaipur,2,313.8,0.0,627.6,398.53,229.07,Credit Card,Consumer
ORD-02125,2025-03-08,CUST-0125,Clothing,Backpack,West,Mumbai,2,62.83,0.0,125.66,99.63,26.03,UPI,Corporate
ORD-03653,2025-03-08,CUST-0199,Electronics,Headphones,North,Jaipur,5,457.5,0.05,2173.12,1763.94,409.18,UPI,Consumer
ORD-02015,2025-03-08,CUST-0926,Clothing,Jeans,Central,Bhopal,7,55.75,0.1,351.22,205.12,146.1,UPI,Small Business
ORD-03000,2025-03-09,CUST-0539,Office Supplies,Printer Paper,North,Jaipur,7,50.66,0.0,354.62,215.92,138.7,UPI,Consumer
ORD-00670,2025-03-09,CUST-0324,Electronics,Laptop,West,Ahmedabad,6,343.69,0.0,2062.14,1486.87,575.27,UPI,Corporate
ORD-02272,2025-03-09,CUST-0837,Furniture,Office Chair,East,Bhubaneswar,5,192.86,0.15,819.66,615.1,204.56,UPI,Corporate
ORD-01772,2025-03-09,CUST-0513,Furniture,Desk,North,Delhi,4,159.88,0.05,607.54,399.54,208.0,Debit Card,Corporate
ORD-00418,2025-03-09,CUST-0922,Electronics,Monitor,North,Delhi,6,553.69,0.2,2657.71,1572.3,1085.41,UPI,Corporate
ORD-02999,2025-03-09,CUST-0133,Electronics,Monitor,Central,Bhopal,5,480.04,0.0,2400.2,1511.28,888.92,Bank Transfer,Small Business
ORD-03011,2025-03-09,CUST-0229,Electronics,Keyboard,West,Ahmedabad,2,356.11,0.2,569.78,338.06,231.72,UPI,Consumer
ORD-03016,2025-03-09,CUST-0441,Home & Kitchen,Toaster,East,Kolkata,3,142.11,0.05,405.01,308.83,96.18,Credit Card,Small Business
ORD-01081,2025-03-09,CUST-0884,Electronics,Laptop,Central,Indore,8,253.74,0.15,1725.43,1420.75,304.68,UPI,Consumer
ORD-00196,2025-03-09,CUST-0744,Clothing,Backpack,West,Pune,6,44.48,0.1,240.19,140.52,99.67,Bank Transfer,Small Business
ORD-02674,2025-03-09,CUST-0437,Office Supplies,Stapler,Central,Indore,2,41.77,0.1,75.19,51.53,23.66,Debit Card,Consumer
ORD-02007,2025-03-09,CUST-0327,Electronics,Headphones,East,Kolkata,5,463.42,0.0,2317.1,1854.15,462.95,Bank Transfer,Corporate
ORD-03779,2025-03-09,CUST-1143,Furniture,Bookshelf,South,Bengaluru,5,256.54,0.05,1218.56,953.82,264.74,Credit Card,Consumer
ORD-03913,2025-03-09,CUST-0487,Furniture,Desk,South,Bengaluru,4,282.6,0.05,1073.88,648.15,425.73,UPI,Corporate
ORD-00847,2025-03-09,CUST-0492,Clothing,T-Shirt,East,Guwahati,5,36.98,0.0,184.9,115.95,68.95,Debit Card,Corporate
ORD-03091,2025-03-09,CUST-0455,Office Supplies,Stapler,North,Chandigarh,8,26.13,0.1,188.14,113.91,74.23,UPI,Consumer
ORD-01959,2025-03-09,CUST-1077,Furniture,Office Chair,East,Bhubaneswar,6,309.35,0.05,1763.3,1171.7,591.6,UPI,Consumer
ORD-03607,2025-03-10,CUST-0769,Furniture,Cabinet,Central,Bhopal,6,369.91,0.05,2108.49,1492.92,615.57,Credit Card,Consumer
ORD-01618,2025-03-10,CUST-0590,Clothing,Jacket,West,Ahmedabad,2,66.18,0.0,132.36,91.77,40.59,UPI,Consumer
ORD-01708,2025-03-10,CUST-0821,Furniture,Desk,East,Bhubaneswar,7,205.06,0.0,1435.42,911.3,524.12,UPI,Corporate
ORD-03998,2025-03-10,CUST-0382,Furniture,Table,West,Pune,1,89.21,0.0,89.21,53.81,35.4,Credit Card,Corporate
ORD-01865,2025-03-10,CUST-0886,Office Supplies,Calculator,West,Ahmedabad,8,38.15,0.0,305.2,243.29,61.91,Debit Card,Consumer
ORD-01603,2025-03-10,CUST-0621,Home & Kitchen,Coffee Maker,North,Jaipur,7,137.13,0.0,959.91,743.66,216.25,UPI,Small Business
ORD-04888,2025-03-10,CUST-1003,Office Supplies,Pen Set,West,Pune,7,36.73,0.0,257.11,202.19,54.92,UPI,Consumer
ORD-04146,2025-03-10,CUST-0852,Furniture,Bookshelf,West,Mumbai,5,400.32,0.05,1901.52,1215.87,685.65,Cash,Consumer
ORD-00296,2025-03-10,CUST-0061,Clothing,T-Shirt,North,Jaipur,3,79.36,0.0,238.08,142.25,95.83,UPI,Consumer
ORD-01038,2025-03-10,CUST-0783,Clothing,Sneakers,East,Bhubaneswar,6,39.01,0.1,210.65,158.43,52.22,UPI,Small Business
ORD-01147,2025-03-10,CUST-0111,Clothing,Backpack,North,Chandigarh,1,54.36,0.05,51.64,37.0,14.64,UPI,Corporate
ORD-02215,2025-03-10,CUST-0483,Home & Kitchen,Toaster,West,Ahmedabad,5,75.8,0.05,360.05,299.6,60.45,UPI,Corporate
ORD-04977,2025-03-10,CUST-0265,Clothing,T-Shirt,West,Ahmedabad,2,80.56,0.05,153.06,93.18,59.88,UPI,Consumer
ORD-01240,2025-03-10,CUST-0983,Home & Kitchen,Coffee Maker,South,Chennai,7,123.72,0.1,779.44,600.02,179.42,Credit Card,Small Business
ORD-03730,2025-03-10,CUST-0363,Home & Kitchen,Toaster,West,Pune,5,100.26,0.0,501.3,354.31,146.99,Bank Transfer,Corporate
ORD-00530,2025-03-10,CUST-0189,Electronics,Smartphone,South,Chennai,1,489.22,0.05,464.76,330.6,134.16,Bank Transfer,Consumer
ORD-02395,2025-03-10,CUST-0325,Furniture,Office Chair,North,Jaipur,3,394.48,0.15,1005.92,849.93,155.99,Debit Card,Consumer
ORD-00152,2025-03-11,CUST-0828,Office Supplies,Notebook,North,Chandigarh,1,30.33,0.1,27.3,19.22,8.08,Credit Card,Small Business
ORD-01372,2025-03-11,CUST-0001,Office Supplies,Pen Set,Central,Indore,8,45.47,0.1,327.38,218.09,109.29,Bank Transfer,Corporate
ORD-02413,2025-03-11,CUST-0299,Office Supplies,Calculator,South,Chennai,4,24.37,0.0,97.48,78.15,19.33,UPI,Consumer
ORD-02331,2025-03-11,CUST-1185,Clothing,Sneakers,South,Hyderabad,5,78.62,0.2,314.48,188.92,125.56,Credit Card,Small Business
ORD-02396,2025-03-11,CUST-0867,Office Supplies,Printer Paper,North,Jaipur,3,41.26,0.2,99.02,63.89,35.13,Bank Transfer,Corporate
ORD-02559,2025-03-11,CUST-0343,Clothing,Backpack,West,Pune,8,63.75,0.0,510.0,424.85,85.15,UPI,Consumer
ORD-03135,2025-03-11,CUST-0366,Office Supplies,Stapler,South,Bengaluru,6,35.73,0.0,214.38,145.29,69.09,UPI,Consumer
ORD-03409,2025-03-11,CUST-0180,Clothing,Jacket,South,Chennai,3,71.68,0.05,204.29,128.52,75.77,Bank Transfer,Consumer
ORD-03969,2025-03-11,CUST-0358,Electronics,Laptop,Central,Nagpur,6,351.54,0.05,2003.78,1420.29,583.49,Debit Card,Consumer
ORD-01617,2025-03-11,CUST-0115,Furniture,Desk,East,Bhubaneswar,4,267.1,0.0,1068.4,699.89,368.51,Credit Card,Consumer
ORD-02731,2025-03-11,CUST-0222,Clothing,Backpack,West,Ahmedabad,6,78.74,0.15,401.57,262.36,139.21,UPI,Small Business
ORD-03479,2025-03-11,CUST-0517,Clothing,Jacket,North,Chandigarh,3,92.5,0.05,263.62,194.19,69.43,Credit Card,Corporate
ORD-04222,2025-03-11,CUST-0462,Furniture,Office Chair,East,Kolkata,5,209.72,0.1,943.74,765.67,178.07,Credit Card,Corporate
ORD-01008,2025-03-12,CUST-0598,Home & Kitchen,Coffee Maker,Central,Nagpur,8,80.49,0.0,643.92,386.05,257.87,Credit Card,Small Business
ORD-00183,2025-03-12,CUST-0500,Clothing,Sneakers,North,Chandigarh,4,86.88,0.0,347.52,223.5,124.02,UPI,Corporate
ORD-04846,2025-03-12,CUST-0771,Furniture,Desk,West,Pune,4,167.87,0.0,671.48,415.11,256.37,Debit Card,Consumer
ORD-00309,2025-03-12,CUST-0821,Electronics,Headphones,South,Bengaluru,5,546.58,0.0,2732.9,1973.66,759.24,Cash,Corporate
ORD-04783,2025-03-12,CUST-0141,Clothing,Jacket,Central,Bhopal,8,48.3,0.15,328.44,220.26,108.18,Credit Card,Corporate
ORD-03003,2025-03-12,CUST-0732,Electronics,Laptop,North,Jaipur,5,613.05,0.05,2911.99,2407.55,504.44,UPI,Corporate
ORD-03381,2025-03-12,CUST-0708,Furniture,Bookshelf,Central,Bhopal,4,271.13,0.1,976.07,705.96,270.11,Credit Card,Corporate
ORD-03315,2025-03-13,CUST-1178,Office Supplies,Calculator,South,Hyderabad,4,33.77,0.0,135.08,82.29,52.79,Cash,Corporate
ORD-04389,2025-03-13,CUST-0805,Home & Kitchen,Coffee Maker,West,Ahmedabad,8,79.99,0.1,575.93,482.5,93.43,UPI,Small Business
ORD-03508,2025-03-13,CUST-0393,Home & Kitchen,Blender,North,Chandigarh,2,96.15,0.05,182.68,129.06,53.62,Credit Card,Consumer
ORD-04206,2025-03-13,CUST-0396,Office Supplies,Stapler,South,Bengaluru,2,32.64,0.15,55.49,37.46,18.03,Credit Card,Corporate
ORD-02663,2025-03-13,CUST-0157,Electronics,Laptop,East,Kolkata,7,447.17,0.0,3130.19,2003.76,1126.43,UPI,Consumer
ORD-03209,2025-03-13,CUST-0046,Electronics,Smartphone,West,Mumbai,3,537.27,0.0,1611.81,976.84,634.97,UPI,Corporate
ORD-01188,2025-03-13,CUST-1018,Clothing,Backpack,East,Kolkata,3,48.9,0.1,132.03,90.91,41.12,UPI,Consumer
ORD-02489,2025-03-13,CUST-0311,Furniture,Table,Central,Indore,8,265.92,0.05,2020.99,1723.1,297.89,UPI,Consumer
ORD-01521,2025-03-13,CUST-0624,Office Supplies,Calculator,Central,Bhopal,1,40.14,0.05,38.13,29.69,8.44,UPI,Corporate
ORD-00829,2025-03-14,CUST-0538,Office Supplies,Calculator,South,Bengaluru,6,28.99,0.0,173.94,142.67,31.27,Credit Card,Consumer
ORD-04226,2025-03-14,CUST-0771,Clothing,T-Shirt,East,Bhubaneswar,7,66.24,0.1,417.31,343.22,74.09,Bank Transfer,Corporate
ORD-04605,2025-03-14,CUST-0038,Home & Kitchen,Vacuum Cleaner,Central,Indore,2,137.1,0.0,274.2,216.24,57.96,Debit Card,Consumer
ORD-02642,2025-03-14,CUST-1049,Office Supplies,Stapler,North,Jaipur,7,15.6,0.15,92.82,76.94,15.88,Bank Transfer,Consumer
ORD-04810,2025-03-14,CUST-0770,Office Supplies,Notebook,West,Mumbai,6,36.75,0.05,209.48,172.57,36.91,Debit Card,Consumer
ORD-03982,2025-03-14,CUST-0167,Furniture,Desk,East,Bhubaneswar,8,251.79,0.2,1611.46,1245.54,365.92,Bank Transfer,Corporate
ORD-00433,2025-03-14,CUST-1175,Office Supplies,Stapler,Central,Indore,4,52.61,0.15,178.87,134.82,44.05,Debit Card,Consumer
ORD-04908,2025-03-14,CUST-0052,Electronics,Headphones,North,Delhi,5,428.71,0.0,2143.55,1452.34,691.21,Bank Transfer,Corporate
ORD-03591,2025-03-14,CUST-1022,Office Supplies,Notebook,West,Mumbai,4,41.04,0.0,164.16,117.5,46.66,UPI,Small Business
ORD-01158,2025-03-15,CUST-0321,Home & Kitchen,Blender,Central,Nagpur,3,125.03,0.0,375.09,299.14,75.95,Credit Card,Corporate
ORD-01640,2025-03-15,CUST-0225,Office Supplies,Stapler,West,Pune,8,39.69,0.0,317.52,270.91,46.61,Debit Card,Consumer
ORD-04111,2025-03-15,CUST-0803,Home & Kitchen,Coffee Maker,East,Kolkata,6,155.28,0.0,931.68,576.41,355.27,Credit Card,Consumer
ORD-00463,2025-03-15,CUST-0366,Clothing,Jeans,North,Chandigarh,1,39.06,0.05,37.11,22.36,14.75,Debit Card,Consumer
ORD-01449,2025-03-15,CUST-0258,Office Supplies,Stapler,Central,Nagpur,8,34.44,0.0,275.52,168.82,106.7,Cash,Consumer
ORD-01212,2025-03-15,CUST-0179,Home & Kitchen,Toaster,West,Pune,1,86.62,0.05,82.29,58.21,24.08,UPI,Consumer
ORD-04925,2025-03-15,CUST-1122,Furniture,Table,South,Hyderabad,5,301.55,0.05,1432.36,1223.37,208.99,Debit Card,Small Business
ORD-00188,2025-03-15,CUST-0638,Home & Kitchen,Toaster,West,Mumbai,8,66.95,0.05,508.82,314.13,194.69,UPI,Consumer
ORD-02585,2025-03-15,CUST-0966,Clothing,Jeans,North,Jaipur,4,66.04,0.1,237.74,177.92,59.82,Bank Transfer,Consumer
ORD-02837,2025-03-15,CUST-0639,Office Supplies,Printer Paper,East,Bhubaneswar,4,42.56,0.15,144.7,121.14,23.56,Cash,Small Business
ORD-04040,2025-03-15,CUST-1190,Home & Kitchen,Coffee Maker,South,Hyderabad,2,141.21,0.0,282.42,226.87,55.55,UPI,Small Business
ORD-02393,2025-03-15,CUST-0642,Electronics,Smartphone,West,Pune,1,391.0,0.0,391.0,244.98,146.02,Cash,Consumer
ORD-00708,2025-03-15,CUST-0564,Electronics,Laptop,Central,Indore,1,563.26,0.15,478.77,337.57,141.2,Credit Card,Consumer
ORD-01397,2025-03-16,CUST-0273,Clothing,Sneakers,Central,Indore,7,49.98,0.0,349.86,224.88,124.98,UPI,Consumer
ORD-00492,2025-03-16,CUST-0071,Office Supplies,Calculator,South,Chennai,2,35.7,0.05,67.83,51.28,16.55,UPI,Corporate
ORD-01552,2025-03-16,CUST-0173,Electronics,Smartphone,South,Hyderabad,6,321.99,0.1,1738.75,1216.45,522.3,Bank Transfer,Consumer
ORD-01124,2025-03-16,CUST-0786,Electronics,Keyboard,Central,Bhopal,4,592.0,0.15,2012.8,1514.47,498.33,Bank Transfer,Small Business
ORD-03163,2025-03-16,CUST-0465,Electronics,Laptop,West,Mumbai,6,576.43,0.1,3112.72,2084.65,1028.07,UPI,Consumer
ORD-03034,2025-03-16,CUST-0822,Office Supplies,Stapler,East,Kolkata,8,33.98,0.05,258.25,182.55,75.7,Debit Card,Consumer
ORD-02771,2025-03-16,CUST-1052,Office Supplies,Notebook,South,Hyderabad,6,23.71,0.1,128.03,76.16,51.87,UPI,Consumer
ORD-04507,2025-03-16,CUST-0739,Office Supplies,Pen Set,West,Mumbai,5,27.22,0.0,136.1,99.66,36.44,Cash,Consumer
ORD-02793,2025-03-16,CUST-0384,Office Supplies,Calculator,East,Bhubaneswar,2,39.77,0.05,75.56,57.34,18.22,Bank Transfer,Consumer
ORD-02856,2025-03-16,CUST-0099,Furniture,Office Chair,West,Pune,4,330.07,0.15,1122.24,960.17,162.07,Credit Card,Consumer
ORD-00541,2025-03-16,CUST-0176,Office Supplies,Pen Set,Central,Indore,2,20.43,0.15,34.73,22.06,12.67,UPI,Small Business
ORD-04548,2025-03-16,CUST-0743,Clothing,Sneakers,West,Mumbai,2,81.11,0.05,154.11,106.34,47.77,Cash,Corporate
ORD-02787,2025-03-16,CUST-0188,Clothing,Sneakers,North,Jaipur,7,43.63,0.0,305.41,239.54,65.87,Credit Card,Consumer
ORD-02628,2025-03-16,CUST-0621,Furniture,Desk,North,Delhi,5,283.76,0.05,1347.86,845.62,502.24,UPI,Corporate
ORD-00236,2025-03-16,CUST-0715,Office Supplies,Printer Paper,West,Pune,1,52.22,0.05,49.61,34.9,14.71,Bank Transfer,Consumer
ORD-03657,2025-03-17,CUST-0145,Clothing,Jeans,East,Bhubaneswar,3,64.02,0.05,182.46,145.5,36.96,UPI,Consumer
ORD-04538,2025-03-17,CUST-0784,Electronics,Headphones,West,Pune,5,625.68,0.0,3128.4,2221.37,907.03,Cash,Consumer
ORD-03269,2025-03-17,CUST-0234,Home & Kitchen,Cookware Set,East,Kolkata,2,134.49,0.2,215.18,137.96,77.22,Debit Card,Small Business
ORD-00070,2025-03-17,CUST-0918,Home & Kitchen,Cookware Set,North,Jaipur,3,101.87,0.0,305.61,240.67,64.94,Credit Card,Corporate
ORD-03946,2025-03-17,CUST-0917,Home & Kitchen,Toaster,North,Chandigarh,4,90.77,0.1,326.77,249.02,77.75,UPI,Consumer
ORD-04348,2025-03-17,CUST-1091,Electronics,Headphones,West,Pune,6,409.39,0.0,2456.34,1789.55,666.79,Credit Card,Consumer
ORD-01928,2025-03-17,CUST-1196,Office Supplies,Stapler,West,Pune,4,41.83,0.0,167.32,142.62,24.7,Cash,Consumer
ORD-01811,2025-03-17,CUST-0961,Home & Kitchen,Vacuum Cleaner,West,Ahmedabad,5,123.78,0.15,526.06,365.09,160.97,Credit Card,Corporate
ORD-00421,2025-03-17,CUST-0692,Office Supplies,Pen Set,East,Bhubaneswar,7,43.21,0.05,287.35,208.65,78.7,Bank Transfer,Consumer
ORD-02597,2025-03-17,CUST-0317,Home & Kitchen,Toaster,South,Bengaluru,2,105.3,0.05,200.07,168.69,31.38,Credit Card,Consumer
ORD-00567,2025-03-17,CUST-0393,Clothing,Jeans,West,Ahmedabad,7,50.87,0.15,302.68,247.6,55.08,Bank Transfer,Consumer
ORD-04646,2025-03-17,CUST-0096,Office Supplies,Pen Set,North,Jaipur,8,28.09,0.1,202.25,160.05,42.2,UPI,Small Business
ORD-04323,2025-03-17,CUST-0143,Office Supplies,Printer Paper,North,Chandigarh,5,27.23,0.0,136.15,81.37,54.78,Bank Transfer,Small Business
ORD-02633,2025-03-18,CUST-0426,Clothing,Sneakers,South,Bengaluru,6,47.85,0.0,287.1,214.84,72.26,Debit Card,Consumer
ORD-02269,2025-03-18,CUST-0388,Electronics,Keyboard,North,Delhi,6,357.97,0.1,1933.04,1229.42,703.62,UPI,Consumer
ORD-00487,2025-03-18,CUST-1112,Electronics,Monitor,West,Pune,5,366.97,0.1,1651.37,1389.0,262.37,Debit Card,Consumer
ORD-00828,2025-03-18,CUST-0479,Office Supplies,Calculator,North,Delhi,5,22.1,0.05,104.98,65.89,39.09,Debit Card,Corporate
ORD-01953,2025-03-18,CUST-0018,Furniture,Cabinet,South,Bengaluru,8,282.41,0.15,1920.39,1211.36,709.03,Credit Card,Corporate
ORD-01659,2025-03-18,CUST-0084,Furniture,Bookshelf,South,Chennai,2,234.89,0.1,422.8,357.89,64.91,UPI,Consumer
ORD-04750,2025-03-18,CUST-1163,Electronics,Keyboard,East,Guwahati,7,495.86,0.0,3471.02,2411.2,1059.82,Credit Card,Consumer
ORD-00755,2025-03-18,CUST-0544,Home & Kitchen,Toaster,North,Jaipur,7,133.91,0.1,843.63,594.94,248.69,UPI,Corporate
ORD-04290,2025-03-18,CUST-0245,Electronics,Headphones,North,Chandigarh,4,378.41,0.2,1210.91,938.24,272.67,UPI,Corporate
ORD-02741,2025-03-18,CUST-0742,Office Supplies,Notebook,South,Bengaluru,7,53.87,0.0,377.09,309.52,67.57,Credit Card,Corporate
ORD-00796,2025-03-18,CUST-0011,Clothing,Jacket,East,Kolkata,8,70.69,0.15,480.69,282.89,197.8,Credit Card,Consumer
ORD-02365,2025-03-18,CUST-0297,Clothing,Backpack,South,Hyderabad,3,27.97,0.1,75.52,44.92,30.6,Credit Card,Consumer
ORD-02364,2025-03-18,CUST-0314,Home & Kitchen,Vacuum Cleaner,Central,Nagpur,4,154.36,0.1,555.7,342.63,213.07,Bank Transfer,Corporate
ORD-03150,2025-03-18,CUST-0524,Electronics,Monitor,West,Pune,3,541.66,0.0,1624.98,1328.62,296.36,UPI,Consumer
ORD-02367,2025-03-19,CUST-0553,Furniture,Desk,South,Hyderabad,4,286.71,0.1,1032.16,669.31,362.85,Bank Transfer,Consumer
ORD-03999,2025-03-19,CUST-0732,Home & Kitchen,Toaster,North,Jaipur,6,104.18,0.0,625.08,471.54,153.54,Credit Card,Small Business
ORD-03461,2025-03-19,CUST-0878,Furniture,Table,Central,Indore,7,177.85,0.15,1058.21,837.64,220.57,Cash,Consumer
ORD-03981,2025-03-19,CUST-0708,Office Supplies,Notebook,West,Pune,4,23.25,0.0,93.0,57.71,35.29,UPI,Corporate
ORD-02691,2025-03-19,CUST-0450,Office Supplies,Stapler,West,Pune,7,22.84,0.0,159.88,135.17,24.71,UPI,Consumer
ORD-04425,2025-03-19,CUST-0433,Furniture,Office Chair,North,Jaipur,4,247.46,0.0,989.84,680.67,309.17,Credit Card,Consumer
ORD-03014,2025-03-19,CUST-0215,Furniture,Bookshelf,Central,Bhopal,8,270.18,0.0,2161.44,1520.03,641.41,UPI,Consumer
ORD-03609,2025-03-19,CUST-0472,Clothing,Sneakers,North,Jaipur,6,41.62,0.1,224.75,187.85,36.9,UPI,Small Business
ORD-00758,2025-03-19,CUST-1014,Furniture,Bookshelf,South,Bengaluru,4,358.94,0.15,1220.4,844.11,376.29,UPI,Consumer
ORD-02334,2025-03-19,CUST-0990,Electronics,Headphones,North,Chandigarh,1,423.4,0.0,423.4,277.43,145.97,UPI,Corporate
ORD-04501,2025-03-19,CUST-0683,Electronics,Smartphone,West,Mumbai,3,583.09,0.15,1486.88,935.31,551.57,UPI,Small Business
ORD-00283,2025-03-19,CUST-0925,Furniture,Bookshelf,East,Guwahati,2,355.28,0.0,710.56,523.34,187.22,Cash,Consumer
ORD-00150,2025-03-19,CUST-0770,Office Supplies,Pen Set,South,Bengaluru,5,28.57,0.05,135.71,97.59,38.12,Debit Card,Corporate
ORD-01855,2025-03-19,CUST-1100,Office Supplies,Calculator,West,Pune,8,27.98,0.05,212.65,142.91,69.74,UPI,Consumer
ORD-00061,2025-03-19,CUST-1027,Electronics,Smartphone,West,Ahmedabad,8,421.55,0.0,3372.4,2081.69,1290.71,Bank Transfer,Consumer
ORD-02000,2025-03-19,CUST-0679,Electronics,Headphones,East,Bhubaneswar,4,572.43,0.05,2175.23,1770.35,404.88,Cash,Consumer
ORD-03961,2025-03-19,CUST-0032,Electronics,Laptop,East,Bhubaneswar,7,527.03,0.0,3689.21,2776.41,912.8,UPI,Corporate
ORD-00937,2025-03-19,CUST-0205,Clothing,T-Shirt,South,Chennai,6,57.77,0.15,294.63,196.02,98.61,Bank Transfer,Corporate
ORD-04809,2025-03-19,CUST-0191,Furniture,Office Chair,Central,Indore,8,271.91,0.05,2066.52,1600.83,465.69,UPI,Corporate
ORD-00404,2025-03-20,CUST-0618,Electronics,Keyboard,Central,Bhopal,6,600.78,0.15,3063.98,2132.99,930.99,UPI,Corporate
ORD-01306,2025-03-20,CUST-1095,Clothing,T-Shirt,East,Guwahati,1,80.2,0.05,76.19,44.73,31.46,Credit Card,Corporate
ORD-03701,2025-03-20,CUST-0727,Home & Kitchen,Vacuum Cleaner,North,Chandigarh,1,180.3,0.0,180.3,128.56,51.74,UPI,Consumer
ORD-02282,2025-03-20,CUST-1030,Clothing,Backpack,East,Bhubaneswar,7,55.44,0.05,368.68,230.76,137.92,Bank Transfer,Consumer
ORD-03278,2025-03-20,CUST-0392,Clothing,Sneakers,South,Chennai,8,57.08,0.0,456.64,337.51,119.13,UPI,Consumer
ORD-04365,2025-03-20,CUST-0277,Electronics,Headphones,West,Ahmedabad,4,370.98,0.0,1483.92,906.73,577.19,Debit Card,Consumer
ORD-04303,2025-03-20,CUST-0518,Office Supplies,Notebook,Central,Bhopal,8,48.01,0.15,326.47,269.65,56.82,UPI,Corporate
ORD-04026,2025-03-20,CUST-0618,Office Supplies,Stapler,North,Chandigarh,2,27.28,0.15,46.38,30.04,16.34,UPI,Corporate
ORD-00161,2025-03-20,CUST-0989,Furniture,Cabinet,South,Bengaluru,4,296.93,0.15,1009.56,833.2,176.36,Credit Card,Corporate
ORD-00322,2025-03-20,CUST-0902,Electronics,Headphones,Central,Nagpur,5,446.87,0.1,2010.92,1649.5,361.42,UPI,Consumer
ORD-00115,2025-03-20,CUST-0516,Electronics,Monitor,North,Jaipur,8,532.36,0.05,4045.94,2656.63,1389.31,UPI,Consumer
ORD-04252,2025-03-20,CUST-0045,Electronics,Headphones,South,Bengaluru,2,416.94,0.15,708.8,453.01,255.79,UPI,Consumer
ORD-02972,2025-03-20,CUST-0989,Home & Kitchen,Vacuum Cleaner,Central,Bhopal,5,143.72,0.05,682.67,409.57,273.1,UPI,Corporate
ORD-01226,2025-03-20,CUST-0859,Furniture,Desk,North,Delhi,4,226.21,0.0,904.84,755.03,149.81,Cash,Consumer
ORD-02047,2025-03-20,CUST-0130,Electronics,Laptop,South,Chennai,5,571.37,0.0,2856.85,2444.14,412.71,UPI,Consumer
ORD-01437,2025-03-20,CUST-0479,Furniture,Table,East,Bhubaneswar,3,232.95,0.05,663.91,460.74,203.17,Debit Card,Consumer
ORD-04329,2025-03-21,CUST-0451,Office Supplies,Stapler,North,Chandigarh,1,28.22,0.05,26.81,21.74,5.07,UPI,Consumer
ORD-04941,2025-03-21,CUST-0123,Furniture,Office Chair,East,Guwahati,2,302.11,0.15,513.59,368.48,145.11,Bank Transfer,Consumer
ORD-01453,2025-03-21,CUST-0560,Furniture,Bookshelf,West,Ahmedabad,1,413.2,0.05,392.54,303.89,88.65,Credit Card,Consumer
ORD-02737,2025-03-21,CUST-0947,Home & Kitchen,Coffee Maker,West,Pune,4,131.5,0.0,526.0,368.04,157.96,Debit Card,Consumer
ORD-03792,2025-03-21,CUST-1103,Office Supplies,Printer Paper,North,Jaipur,8,44.56,0.15,303.01,211.88,91.13,Bank Transfer,Consumer
ORD-02214,2025-03-21,CUST-0509,Office Supplies,Stapler,North,Jaipur,2,50.79,0.1,91.42,67.4,24.02,Credit Card,Small Business
ORD-00504,2025-03-21,CUST-0486,Furniture,Cabinet,West,Ahmedabad,8,418.14,0.15,2843.35,1689.35,1154.0,Debit Card,Small Business
ORD-00790,2025-03-21,CUST-0348,Electronics,Laptop,North,Delhi,6,592.69,0.1,3200.53,2487.12,713.41,UPI,Corporate
ORD-01810,2025-03-21,CUST-0570,Office Supplies,Stapler,Central,Indore,3,39.91,0.1,107.76,69.16,38.6,Credit Card,Small Business
ORD-04300,2025-03-21,CUST-0012,Clothing,Backpack,Central,Indore,7,45.07,0.0,315.49,250.34,65.15,UPI,Consumer
ORD-02080,2025-03-21,CUST-0598,Home & Kitchen,Vacuum Cleaner,South,Bengaluru,5,103.9,0.15,441.58,355.06,86.52,Cash,Consumer
ORD-03362,2025-03-22,CUST-0898,Electronics,Keyboard,Central,Bhopal,7,383.14,0.0,2681.98,1751.83,930.15,Cash,Consumer
ORD-04647,2025-03-22,CUST-0256,Office Supplies,Pen Set,East,Bhubaneswar,2,37.0,0.0,74.0,57.9,16.1,UPI,Consumer
ORD-02730,2025-03-22,CUST-0769,Furniture,Table,South,Bengaluru,6,319.14,0.1,1723.36,1213.67,509.69,Credit Card,Consumer
ORD-03376,2025-03-22,CUST-0175,Furniture,Desk,West,Ahmedabad,3,284.47,0.2,682.73,444.48,238.25,UPI,Small Business
ORD-02481,2025-03-22,CUST-0128,Home & Kitchen,Vacuum Cleaner,Central,Bhopal,6,126.81,0.1,684.77,517.29,167.48,UPI,Corporate
ORD-04677,2025-03-22,CUST-0510,Electronics,Laptop,North,Delhi,5,432.29,0.0,2161.45,1262.44,899.01,Debit Card,Consumer
ORD-03268,2025-03-22,CUST-0564,Office Supplies,Printer Paper,East,Kolkata,2,46.82,0.0,93.64,63.98,29.66,Bank Transfer,Corporate
ORD-01764,2025-03-22,CUST-0319,Furniture,Desk,West,Ahmedabad,4,426.32,0.0,1705.28,1257.33,447.95,Credit Card,Consumer
ORD-04129,2025-03-22,CUST-0602,Furniture,Bookshelf,South,Bengaluru,4,306.02,0.15,1040.47,864.36,176.11,UPI,Consumer
ORD-01486,2025-03-22,CUST-0698,Office Supplies,Pen Set,South,Hyderabad,7,35.82,0.1,225.67,159.86,65.81,Cash,Consumer
ORD-01634,2025-03-22,CUST-0222,Furniture,Desk,Central,Nagpur,5,272.58,0.05,1294.75,832.87,461.88,Debit Card,Consumer
ORD-03027,2025-03-22,CUST-1142,Home & Kitchen,Cookware Set,North,Jaipur,1,110.24,0.1,99.22,83.0,16.22,Cash,Consumer
ORD-03668,2025-03-22,CUST-0864,Office Supplies,Printer Paper,West,Mumbai,7,31.42,0.05,208.94,125.68,83.26,UPI,Corporate
ORD-00930,2025-03-22,CUST-1010,Clothing,Sneakers,West,Mumbai,1,66.66,0.05,63.33,47.21,16.12,Credit Card,Small Business
ORD-00618,2025-03-22,CUST-1101,Office Supplies,Calculator,Central,Bhopal,5,43.69,0.0,218.45,177.79,40.66,Bank Transfer,Consumer
ORD-02970,2025-03-22,CUST-0125,Home & Kitchen,Toaster,North,Delhi,4,119.29,0.0,477.16,328.45,148.71,Debit Card,Consumer
ORD-04627,2025-03-22,CUST-0791,Home & Kitchen,Blender,Central,Bhopal,5,79.34,0.05,376.86,299.04,77.82,Credit Card,Consumer
ORD-03564,2025-03-23,CUST-0736,Clothing,Jacket,South,Bengaluru,7,68.76,0.0,481.32,401.15,80.17,UPI,Consumer
ORD-04173,2025-03-23,CUST-0891,Furniture,Table,West,Pune,5,380.7,0.05,1808.32,1197.99,610.33,Credit Card,Consumer
ORD-00140,2025-03-23,CUST-0822,Clothing,Sneakers,East,Bhubaneswar,5,56.21,0.1,252.95,177.56,75.39,UPI,Consumer
ORD-00444,2025-03-23,CUST-0765,Furniture,Office Chair,Central,Indore,6,228.92,0.05,1304.84,768.96,535.88,UPI,Consumer
ORD-04702,2025-03-23,CUST-0881,Office Supplies,Notebook,South,Hyderabad,7,22.94,0.0,160.58,118.62,41.96,UPI,Consumer
ORD-03280,2025-03-23,CUST-0042,Clothing,Jeans,South,Chennai,8,50.42,0.0,403.36,317.12,86.24,Debit Card,Small Business
ORD-01792,2025-03-23,CUST-1063,Furniture,Cabinet,Central,Nagpur,6,242.71,0.05,1383.45,1187.85,195.6,UPI,Consumer
ORD-02121,2025-03-23,CUST-0630,Electronics,Smartphone,East,Bhubaneswar,5,729.37,0.2,2917.48,2504.24,413.24,Credit Card,Small Business
ORD-00448,2025-03-23,CUST-0284,Electronics,Laptop,West,Mumbai,3,526.45,0.05,1500.38,1131.25,369.13,Credit Card,Corporate
ORD-01922,2025-03-23,CUST-0033,Electronics,Headphones,South,Chennai,5,313.14,0.0,1565.7,1245.09,320.61,Credit Card,Consumer
ORD-03385,2025-03-23,CUST-0642,Clothing,T-Shirt,South,Hyderabad,8,41.03,0.0,328.24,279.86,48.38,UPI,Small Business
ORD-01896,2025-03-23,CUST-0153,Clothing,T-Shirt,North,Jaipur,2,59.59,0.0,119.18,73.0,46.18,Credit Card,Consumer
ORD-02508,2025-03-23,CUST-0876,Electronics,Monitor,South,Hyderabad,3,547.49,0.1,1478.22,1247.24,230.98,UPI,Corporate
ORD-04148,2025-03-23,CUST-0992,Furniture,Cabinet,Central,Indore,2,334.51,0.1,602.12,420.88,181.24,Debit Card,Small Business
ORD-02667,2025-03-23,CUST-0722,Home & Kitchen,Vacuum Cleaner,West,Mumbai,4,96.05,0.05,364.99,226.51,138.48,UPI,Corporate
ORD-01674,2025-03-24,CUST-0744,Office Supplies,Printer Paper,East,Bhubaneswar,5,37.14,0.15,157.84,123.59,34.25,UPI,Consumer
ORD-03413,2025-03-24,CUST-0954,Home & Kitchen,Coffee Maker,South,Chennai,6,164.21,0.15,837.47,490.37,347.1,UPI,Consumer
ORD-04044,2025-03-24,CUST-0909,Home & Kitchen,Vacuum Cleaner,North,Jaipur,5,107.96,0.15,458.83,363.62,95.21,Bank Transfer,Corporate
ORD-02715,2025-03-24,CUST-0955,Electronics,Laptop,West,Pune,1,587.08,0.1,528.37,440.38,87.99,Credit Card,Consumer
ORD-04624,2025-03-24,CUST-0184,Electronics,Keyboard,West,Mumbai,2,484.46,0.1,872.03,696.71,175.32,UPI,Consumer
ORD-04618,2025-03-24,CUST-0933,Furniture,Table,East,Kolkata,5,219.61,0.05,1043.15,624.0,419.15,Credit Card,Consumer
ORD-03450,2025-03-24,CUST-0525,Office Supplies,Pen Set,Central,Nagpur,8,41.77,0.0,334.16,243.19,90.97,Bank Transfer,Consumer
ORD-01408,2025-03-24,CUST-0888,Clothing,Backpack,Central,Nagpur,6,65.19,0.1,352.03,242.46,109.57,Bank Transfer,Consumer
ORD-01493,2025-03-24,CUST-1138,Home & Kitchen,Toaster,West,Pune,1,74.23,0.05,70.52,42.42,28.1,Bank Transfer,Small Business
ORD-03556,2025-03-24,CUST-0293,Office Supplies,Notebook,Central,Bhopal,6,43.77,0.0,262.62,187.85,74.77,Cash,Consumer
ORD-04342,2025-03-24,CUST-0177,Electronics,Keyboard,West,Mumbai,4,372.0,0.0,1488.0,961.21,526.79,Bank Transfer,Consumer
ORD-02500,2025-03-24,CUST-0630,Clothing,Jeans,Central,Indore,5,94.61,0.15,402.09,319.83,82.26,Credit Card,Consumer
ORD-00394,2025-03-24,CUST-0936,Home & Kitchen,Toaster,East,Kolkata,6,139.39,0.0,836.34,611.6,224.74,Bank Transfer,Small Business
ORD-01162,2025-03-25,CUST-0136,Furniture,Table,South,Hyderabad,8,264.05,0.2,1689.92,1061.73,628.19,Cash,Small Business
ORD-03661,2025-03-25,CUST-1178,Office Supplies,Stapler,Central,Bhopal,6,37.4,0.05,213.18,134.9,78.28,UPI,Consumer
ORD-03667,2025-03-25,CUST-0945,Office Supplies,Stapler,East,Bhubaneswar,2,35.26,0.2,56.42,46.61,9.81,Debit Card,Corporate
ORD-01973,2025-03-25,CUST-1159,Furniture,Table,West,Mumbai,4,280.79,0.15,954.69,643.75,310.94,UPI,Corporate
ORD-03249,2025-03-25,CUST-0024,Office Supplies,Notebook,Central,Bhopal,8,35.14,0.05,267.06,215.65,51.41,Credit Card,Small Business
ORD-03068,2025-03-25,CUST-0768,Furniture,Bookshelf,North,Chandigarh,6,258.58,0.1,1396.33,973.58,422.75,UPI,Corporate
ORD-01688,2025-03-25,CUST-0445,Home & Kitchen,Blender,North,Chandigarh,8,98.35,0.1,708.12,431.45,276.67,Credit Card,Consumer
ORD-03555,2025-03-25,CUST-0958,Electronics,Smartphone,West,Pune,8,599.27,0.05,4554.45,3401.23,1153.22,Credit Card,Consumer
ORD-02780,2025-03-25,CUST-1099,Home & Kitchen,Toaster,Central,Indore,8,92.65,0.0,741.2,516.79,224.41,UPI,Small Business
ORD-00845,2025-03-25,CUST-0293,Home & Kitchen,Toaster,Central,Indore,1,143.94,0.0,143.94,106.25,37.69,Bank Transfer,Consumer
ORD-00291,2025-03-25,CUST-0073,Furniture,Table,West,Ahmedabad,3,189.03,0.0,567.09,482.14,84.95,UPI,Corporate
ORD-04898,2025-03-25,CUST-0082,Home & Kitchen,Coffee Maker,North,Jaipur,1,103.29,0.0,103.29,63.24,40.05,Credit Card,Consumer
ORD-03962,2025-03-25,CUST-0357,Home & Kitchen,Coffee Maker,West,Ahmedabad,6,151.83,0.05,865.43,553.88,311.55,Bank Transfer,Corporate
ORD-02875,2025-03-25,CUST-1044,Home & Kitchen,Cookware Set,West,Mumbai,8,140.41,0.15,954.79,762.51,192.28,Credit Card,Small Business
ORD-03184,2025-03-26,CUST-0136,Clothing,Sneakers,South,Chennai,1,45.95,0.0,45.95,39.5,6.45,UPI,Small Business
ORD-02265,2025-03-26,CUST-0816,Clothing,T-Shirt,South,Chennai,6,63.74,0.1,344.2,295.99,48.21,Credit Card,Consumer
ORD-01887,2025-03-26,CUST-0410,Home & Kitchen,Cookware Set,West,Ahmedabad,7,132.18,0.05,879.0,692.95,186.05,Credit Card,Consumer
ORD-02908,2025-03-26,CUST-1186,Electronics,Keyboard,East,Guwahati,7,524.81,0.15,3122.62,2048.49,1074.13,UPI,Consumer
ORD-02817,2025-03-26,CUST-0736,Clothing,T-Shirt,North,Jaipur,7,41.33,0.15,245.91,176.12,69.79,Debit Card,Small Business
ORD-00768,2025-03-26,CUST-0992,Furniture,Bookshelf,North,Jaipur,3,279.73,0.2,671.35,394.8,276.55,Credit Card,Consumer
ORD-02335,2025-03-26,CUST-0423,Furniture,Table,East,Guwahati,6,264.49,0.1,1428.25,994.84,433.41,Bank Transfer,Corporate
ORD-01131,2025-03-26,CUST-0573,Office Supplies,Calculator,West,Mumbai,1,26.9,0.0,26.9,19.92,6.98,UPI,Consumer
ORD-01202,2025-03-26,CUST-1030,Home & Kitchen,Cookware Set,South,Hyderabad,3,139.11,0.0,417.33,242.71,174.62,UPI,Corporate
ORD-01819,2025-03-26,CUST-0240,Electronics,Laptop,Central,Indore,7,440.49,0.0,3083.43,2026.33,1057.1,UPI,Consumer
ORD-02157,2025-03-26,CUST-0134,Office Supplies,Calculator,West,Pune,2,26.18,0.1,47.12,39.4,7.72,UPI,Small Business
ORD-03737,2025-03-26,CUST-0976,Furniture,Office Chair,West,Pune,8,223.51,0.05,1698.68,1074.82,623.86,Debit Card,Corporate
ORD-03983,2025-03-26,CUST-0813,Home & Kitchen,Toaster,Central,Indore,1,91.16,0.1,82.04,59.62,22.42,Debit Card,Consumer
ORD-02183,2025-03-26,CUST-1098,Furniture,Cabinet,East,Kolkata,2,376.42,0.1,677.56,483.98,193.58,UPI,Consumer
ORD-00199,2025-03-26,CUST-0554,Furniture,Office Chair,West,Mumbai,8,248.69,0.15,1691.09,1233.22,457.87,UPI,Corporate
ORD-03439,2025-03-27,CUST-0083,Home & Kitchen,Toaster,Central,Bhopal,3,144.16,0.1,389.23,329.97,59.26,UPI,Small Business
ORD-01680,2025-03-27,CUST-0312,Home & Kitchen,Blender,West,Pune,7,126.92,0.05,844.02,510.82,333.2,UPI,Corporate
ORD-03108,2025-03-27,CUST-0581,Office Supplies,Calculator,South,Chennai,1,36.33,0.2,29.06,20.92,8.14,UPI,Corporate
ORD-02871,2025-03-27,CUST-0258,Office Supplies,Printer Paper,South,Chennai,8,37.44,0.15,254.59,200.07,54.52,Debit Card,Consumer
ORD-00311,2025-03-27,CUST-0339,Office Supplies,Notebook,Central,Bhopal,8,31.98,0.0,255.84,186.47,69.37,Cash,Consumer
ORD-03433,2025-03-27,CUST-0037,Clothing,Sneakers,North,Chandigarh,5,69.7,0.0,348.5,207.94,140.56,UPI,Consumer
ORD-04883,2025-03-27,CUST-0432,Office Supplies,Printer Paper,North,Chandigarh,4,34.16,0.1,122.98,102.52,20.46,UPI,Consumer
ORD-00194,2025-03-27,CUST-0198,Home & Kitchen,Coffee Maker,East,Kolkata,1,168.88,0.05,160.44,96.73,63.71,Cash,Consumer
ORD-04006,2025-03-27,CUST-0147,Office Supplies,Printer Paper,North,Chandigarh,5,43.05,0.05,204.49,163.98,40.51,Credit Card,Small Business
ORD-02514,2025-03-28,CUST-0160,Clothing,Jacket,West,Ahmedabad,1,41.04,0.15,34.88,20.73,14.15,Credit Card,Consumer
ORD-01783,2025-03-28,CUST-0984,Electronics,Keyboard,East,Bhubaneswar,2,485.06,0.0,970.12,807.59,162.53,Credit Card,Small Business
ORD-02207,2025-03-28,CUST-1040,Home & Kitchen,Cookware Set,South,Chennai,3,95.25,0.0,285.75,170.9,114.85,Bank Transfer,Small Business
ORD-02376,2025-03-28,CUST-0931,Office Supplies,Stapler,North,Jaipur,8,34.86,0.0,278.88,171.3,107.58,Bank Transfer,Consumer
ORD-02444,2025-03-28,CUST-1037,Furniture,Bookshelf,East,Guwahati,7,387.09,0.15,2303.19,1905.68,397.51,Credit Card,Small Business
ORD-01097,2025-03-28,CUST-0288,Clothing,Jacket,South,Hyderabad,8,66.88,0.05,508.29,360.04,148.25,UPI,Consumer
ORD-04515,2025-03-28,CUST-0765,Home & Kitchen,Coffee Maker,North,Delhi,1,93.6,0.0,93.6,74.97,18.63,Bank Transfer,Corporate
ORD-03205,2025-03-28,CUST-1091,Clothing,Backpack,West,Ahmedabad,6,58.69,0.0,352.14,221.39,130.75,Debit Card,Consumer
ORD-02248,2025-03-28,CUST-0587,Home & Kitchen,Blender,East,Guwahati,3,128.08,0.1,345.82,262.94,82.88,UPI,Corporate
ORD-00170,2025-03-28,CUST-0087,Office Supplies,Pen Set,Central,Bhopal,5,46.48,0.0,232.4,137.27,95.13,UPI,Consumer
ORD-02487,2025-03-28,CUST-0231,Office Supplies,Pen Set,East,Guwahati,8,32.31,0.1,232.63,137.94,94.69,UPI,Corporate
ORD-00537,2025-03-28,CUST-0314,Clothing,Backpack,East,Kolkata,2,27.84,0.0,55.68,41.68,14.0,UPI,Corporate
ORD-03964,2025-03-28,CUST-0871,Electronics,Laptop,Central,Nagpur,3,326.28,0.1,880.96,645.75,235.21,Credit Card,Consumer
ORD-02590,2025-03-28,CUST-1088,Office Supplies,Stapler,West,Mumbai,6,30.91,0.2,148.37,91.97,56.4,UPI,Corporate
ORD-03873,2025-03-29,CUST-0922,Furniture,Bookshelf,South,Bengaluru,4,480.32,0.0,1921.28,1168.17,753.11,UPI,Consumer
ORD-01460,2025-03-29,CUST-0268,Furniture,Bookshelf,North,Jaipur,1,288.9,0.05,274.46,208.34,66.12,UPI,Consumer
ORD-04479,2025-03-29,CUST-0248,Clothing,Jacket,South,Chennai,8,55.88,0.0,447.04,367.7,79.34,Bank Transfer,Small Business
ORD-04312,2025-03-29,CUST-0723,Clothing,Backpack,North,Delhi,8,67.44,0.0,539.52,390.05,149.47,Cash,Consumer
ORD-04635,2025-03-29,CUST-0237,Clothing,Jeans,North,Jaipur,6,39.04,0.05,222.53,169.34,53.19,Credit Card,Consumer
ORD-00657,2025-03-29,CUST-0982,Clothing,Sneakers,South,Hyderabad,3,50.74,0.05,144.61,99.37,45.24,Debit Card,Corporate
ORD-04128,2025-03-29,CUST-0167,Clothing,Jacket,North,Chandigarh,6,67.45,0.0,404.7,254.09,150.61,UPI,Small Business
ORD-04685,2025-03-29,CUST-0273,Clothing,Jacket,South,Chennai,7,65.61,0.0,459.27,333.42,125.85,UPI,Corporate
ORD-01467,2025-03-30,CUST-0145,Home & Kitchen,Blender,Central,Indore,5,110.03,0.0,550.15,380.17,169.98,Credit Card,Corporate
ORD-01221,2025-03-30,CUST-1083,Office Supplies,Pen Set,West,Mumbai,6,36.24,0.0,217.44,166.17,51.27,UPI,Consumer
ORD-01194,2025-03-30,CUST-0371,Office Supplies,Printer Paper,East,Guwahati,5,32.58,0.05,154.75,100.47,54.28,UPI,Small Business
ORD-03884,2025-03-30,CUST-0921,Electronics,Keyboard,Central,Indore,4,456.89,0.0,1827.56,1200.61,626.95,UPI,Corporate
ORD-02325,2025-03-30,CUST-0149,Clothing,Jeans,East,Guwahati,7,50.94,0.05,338.75,277.17,61.58,Bank Transfer,Consumer
ORD-02032,2025-03-30,CUST-0300,Office Supplies,Calculator,West,Mumbai,8,40.87,0.2,261.57,221.3,40.27,UPI,Small Business
ORD-00445,2025-03-30,CUST-0306,Furniture,Desk,North,Delhi,8,120.82,0.05,918.23,742.79,175.44,UPI,Consumer
ORD-04270,2025-03-30,CUST-0183,Home & Kitchen,Blender,North,Jaipur,1,131.02,0.15,111.37,88.72,22.65,Debit Card,Consumer
ORD-02605,2025-03-30,CUST-0327,Home & Kitchen,Cookware Set,North,Delhi,3,119.85,0.15,305.62,254.53,51.09,Debit Card,Consumer
ORD-04997,2025-03-30,CUST-0699,Office Supplies,Calculator,East,Guwahati,8,21.12,0.0,168.96,109.82,59.14,UPI,Consumer
ORD-01258,2025-03-30,CUST-1091,Clothing,T-Shirt,South,Bengaluru,2,72.34,0.05,137.45,105.09,32.36,Credit Card,Corporate
ORD-00572,2025-03-30,CUST-0880,Office Supplies,Calculator,South,Hyderabad,6,36.13,0.15,184.26,146.32,37.94,Bank Transfer,Consumer
ORD-03399,2025-03-30,CUST-0587,Clothing,Backpack,South,Chennai,8,90.81,0.05,690.16,550.06,140.1,Bank Transfer,Consumer
ORD-00106,2025-03-30,CUST-0952,Electronics,Monitor,Central,Bhopal,1,281.27,0.15,239.08,196.25,42.83,Debit Card,Consumer
ORD-03060,2025-03-31,CUST-0583,Furniture,Table,South,Chennai,8,352.61,0.0,2820.88,2372.53,448.35,Bank Transfer,Small Business
ORD-04957,2025-03-31,CUST-0211,Electronics,Headphones,South,Hyderabad,2,630.01,0.2,1008.02,843.13,164.89,Debit Card,Consumer
ORD-03481,2025-03-31,CUST-0151,Office Supplies,Calculator,West,Pune,4,54.4,0.15,184.96,118.23,66.73,Cash,Corporate
ORD-00362,2025-03-31,CUST-0590,Home & Kitchen,Blender,North,Jaipur,5,125.91,0.0,629.55,447.4,182.15,Bank Transfer,Corporate
ORD-00139,2025-03-31,CUST-0489,Electronics,Headphones,Central,Bhopal,6,563.08,0.1,3040.63,2246.31,794.32,Credit Card,Corporate
ORD-02202,2025-03-31,CUST-1174,Furniture,Table,Central,Indore,4,219.04,0.15,744.74,448.17,296.57,Bank Transfer,Consumer
ORD-02406,2025-03-31,CUST-0156,Electronics,Smartphone,West,Mumbai,1,390.06,0.1,351.05,257.95,93.1,Credit Card,Small Business
ORD-01524,2025-03-31,CUST-1012,Clothing,Sneakers,North,Chandigarh,8,64.16,0.15,436.29,288.41,147.88,Debit Card,Corporate
ORD-00976,2025-03-31,CUST-0756,Furniture,Office Chair,South,Hyderabad,2,269.4,0.15,457.98,304.19,153.79,Bank Transfer,Corporate
ORD-03895,2025-03-31,CUST-1032,Furniture,Cabinet,South,Hyderabad,5,249.17,0.0,1245.85,768.09,477.76,UPI,Small Business
ORD-01360,2025-03-31,CUST-1085,Electronics,Headphones,South,Chennai,5,604.1,0.0,3020.5,1759.39,1261.11,Credit Card,Consumer
ORD-04141,2025-03-31,CUST-0005,Clothing,Backpack,Central,Indore,6,78.91,0.05,449.79,275.43,174.36,Debit Card,Small Business
ORD-02582,2025-03-31,CUST-0515,Office Supplies,Stapler,East,Guwahati,5,44.13,0.1,198.58,144.28,54.3,UPI,Small Business
ORD-04009,2025-03-31,CUST-1170,Furniture,Bookshelf,East,Guwahati,5,242.49,0.05,1151.83,830.45,321.38,UPI,Consumer
ORD-02688,2025-03-31,CUST-0824,Furniture,Cabinet,Central,Indore,8,260.11,0.15,1768.75,1188.78,579.97,UPI,Consumer
ORD-04787,2025-04-01,CUST-0345,Home & Kitchen,Coffee Maker,North,Chandigarh,6,218.88,0.1,1181.95,875.67,306.28,UPI,Corporate
ORD-04151,2025-04-01,CUST-0768,Office Supplies,Stapler,South,Bengaluru,3,35.22,0.2,84.53,53.8,30.73,Cash,Small Business
ORD-01176,2025-04-01,CUST-0455,Electronics,Smartphone,East,Kolkata,5,408.23,0.1,1837.04,1396.47,440.57,Credit Card,Consumer
ORD-02828,2025-04-01,CUST-0532,Clothing,Sneakers,East,Kolkata,6,78.83,0.1,425.68,326.35,99.33,UPI,Consumer
ORD-03226,2025-04-01,CUST-0099,Home & Kitchen,Toaster,East,Kolkata,2,96.72,0.15,164.42,127.29,37.13,Bank Transfer,Consumer
ORD-04786,2025-04-01,CUST-1026,Electronics,Keyboard,Central,Nagpur,4,344.27,0.15,1170.52,995.11,175.41,Bank Transfer,Consumer
ORD-02909,2025-04-01,CUST-0121,Clothing,Jeans,South,Chennai,4,62.57,0.1,225.25,189.32,35.93,UPI,Consumer
ORD-04316,2025-04-01,CUST-1173,Electronics,Monitor,South,Bengaluru,1,384.02,0.15,326.42,206.96,119.46,Credit Card,Corporate
ORD-01967,2025-04-01,CUST-0361,Electronics,Keyboard,West,Pune,5,594.76,0.0,2973.8,2180.83,792.97,Bank Transfer,Corporate
ORD-01737,2025-04-02,CUST-0387,Furniture,Cabinet,Central,Bhopal,5,370.79,0.1,1668.56,1004.89,663.67,Credit Card,Corporate
ORD-00660,2025-04-02,CUST-0830,Home & Kitchen,Vacuum Cleaner,South,Hyderabad,6,56.07,0.1,302.78,252.15,50.63,UPI,Consumer
ORD-01370,2025-04-02,CUST-0341,Furniture,Cabinet,East,Kolkata,6,319.46,0.1,1725.08,1347.65,377.43,Bank Transfer,Consumer
ORD-04374,2025-04-02,CUST-1154,Electronics,Monitor,South,Hyderabad,3,474.8,0.05,1353.18,829.11,524.07,Credit Card,Corporate
ORD-00806,2025-04-02,CUST-0546,Clothing,T-Shirt,South,Hyderabad,5,69.75,0.0,348.75,295.62,53.13,Bank Transfer,Corporate
ORD-03512,2025-04-02,CUST-0473,Clothing,T-Shirt,East,Bhubaneswar,4,79.39,0.1,285.8,202.37,83.43,Bank Transfer,Consumer
ORD-02124,2025-04-02,CUST-0779,Clothing,Backpack,Central,Bhopal,6,81.69,0.0,490.14,295.72,194.42,Bank Transfer,Consumer
ORD-02712,2025-04-02,CUST-0943,Office Supplies,Pen Set,East,Guwahati,7,35.82,0.05,238.2,179.57,58.63,Cash,Corporate
ORD-00237,2025-04-02,CUST-0511,Clothing,Backpack,East,Bhubaneswar,3,82.76,0.15,211.04,150.56,60.48,Credit Card,Small Business
ORD-02636,2025-04-02,CUST-0102,Office Supplies,Calculator,West,Ahmedabad,8,24.41,0.1,175.75,138.99,36.76,UPI,Small Business
ORD-02733,2025-04-02,CUST-0699,Electronics,Headphones,West,Pune,1,346.52,0.05,329.19,191.57,137.62,Credit Card,Consumer
ORD-01750,2025-04-02,CUST-0719,Electronics,Monitor,South,Hyderabad,3,436.13,0.0,1308.39,816.6,491.79,Debit Card,Corporate
ORD-01028,2025-04-03,CUST-0172,Home & Kitchen,Toaster,East,Bhubaneswar,3,138.89,0.05,395.84,296.11,99.73,Cash,Corporate
ORD-02602,2025-04-03,CUST-1041,Electronics,Monitor,South,Hyderabad,7,492.31,0.05,3273.86,2351.66,922.2,Cash,Consumer
ORD-01106,2025-04-03,CUST-0596,Furniture,Desk,South,Bengaluru,5,236.07,0.0,1180.35,724.62,455.73,UPI,Corporate
ORD-04626,2025-04-03,CUST-1148,Office Supplies,Calculator,Central,Indore,3,28.47,0.05,81.14,53.29,27.85,Cash,Corporate
ORD-02169,2025-04-03,CUST-0251,Clothing,Jacket,North,Delhi,5,65.41,0.0,327.05,271.2,55.85,Credit Card,Consumer
ORD-02141,2025-04-03,CUST-1056,Office Supplies,Notebook,North,Jaipur,7,36.14,0.15,215.03,172.75,42.28,UPI,Corporate
ORD-02281,2025-04-03,CUST-0870,Home & Kitchen,Cookware Set,East,Kolkata,5,134.14,0.05,637.16,477.73,159.43,Bank Transfer,Small Business
ORD-03288,2025-04-03,CUST-0480,Clothing,Sneakers,East,Guwahati,7,66.16,0.0,463.12,304.54,158.58,Credit Card,Consumer
ORD-04470,2025-04-03,CUST-0332,Home & Kitchen,Blender,Central,Nagpur,7,137.42,0.0,961.94,593.57,368.37,UPI,Consumer
ORD-04322,2025-04-03,CUST-1090,Electronics,Headphones,East,Kolkata,4,524.87,0.05,1994.51,1256.46,738.05,UPI,Consumer
ORD-01756,2025-04-03,CUST-0237,Home & Kitchen,Toaster,Central,Nagpur,3,100.45,0.1,271.22,204.67,66.55,UPI,Consumer
ORD-03437,2025-04-03,CUST-0957,Electronics,Headphones,South,Bengaluru,7,547.77,0.05,3642.67,2297.5,1345.17,UPI,Consumer
ORD-04304,2025-04-03,CUST-0133,Office Supplies,Printer Paper,North,Delhi,6,30.82,0.05,175.67,129.63,46.04,UPI,Consumer
ORD-02987,2025-04-03,CUST-0573,Electronics,Keyboard,West,Mumbai,3,378.93,0.0,1136.79,675.8,460.99,Debit Card,Consumer
ORD-02796,2025-04-03,CUST-1062,Electronics,Smartphone,Central,Nagpur,6,337.8,0.05,1925.46,1195.05,730.41,Bank Transfer,Corporate
ORD-02369,2025-04-04,CUST-0707,Furniture,Office Chair,South,Bengaluru,3,283.87,0.15,723.87,566.82,157.05,UPI,Corporate
ORD-00903,2025-04-04,CUST-0159,Office Supplies,Calculator,North,Jaipur,2,41.47,0.15,70.5,42.32,28.18,Credit Card,Corporate
ORD-02234,2025-04-04,CUST-0499,Home & Kitchen,Vacuum Cleaner,South,Hyderabad,6,116.6,0.0,699.6,532.01,167.59,Debit Card,Small Business
ORD-01623,2025-04-04,CUST-0214,Furniture,Office Chair,South,Hyderabad,3,274.26,0.15,699.36,451.24,248.12,Credit Card,Consumer
ORD-04714,2025-04-04,CUST-0067,Electronics,Smartphone,Central,Nagpur,6,451.62,0.1,2438.75,1585.46,853.29,Credit Card,Corporate
ORD-03343,2025-04-04,CUST-0515,Clothing,Sneakers,West,Mumbai,4,66.86,0.05,254.07,180.82,73.25,UPI,Consumer
ORD-04644,2025-04-04,CUST-0955,Office Supplies,Pen Set,Central,Indore,3,28.89,0.15,73.67,44.2,29.47,Credit Card,Small Business
ORD-02339,2025-04-04,CUST-0369,Clothing,Jacket,Central,Nagpur,1,42.5,0.1,38.25,23.01,15.24,Debit Card,Consumer
ORD-04212,2025-04-04,CUST-0268,Office Supplies,Notebook,North,Chandigarh,1,43.07,0.0,43.07,34.6,8.47,UPI,Small Business
ORD-02394,2025-04-04,CUST-1184,Office Supplies,Stapler,North,Delhi,2,35.2,0.05,66.88,55.68,11.2,Bank Transfer,Corporate
ORD-00624,2025-04-04,CUST-1180,Electronics,Monitor,East,Guwahati,3,459.47,0.0,1378.41,844.83,533.58,Cash,Small Business
ORD-00568,2025-04-04,CUST-0031,Office Supplies,Printer Paper,North,Chandigarh,6,40.18,0.0,241.08,204.65,36.43,UPI,Consumer
ORD-03235,2025-04-04,CUST-0605,Electronics,Monitor,North,Chandigarh,6,423.51,0.1,2286.95,1901.6,385.35,Credit Card,Consumer
ORD-01826,2025-04-04,CUST-0010,Electronics,Laptop,North,Chandigarh,7,530.58,0.0,3714.06,2457.6,1256.46,Bank Transfer,Consumer
ORD-03799,2025-04-04,CUST-0823,Office Supplies,Printer Paper,North,Chandigarh,8,28.67,0.0,229.36,147.09,82.27,UPI,Consumer
ORD-01075,2025-04-05,CUST-0131,Office Supplies,Printer Paper,East,Kolkata,5,46.32,0.0,231.6,183.85,47.75,Debit Card,Consumer
ORD-03487,2025-04-05,CUST-0264,Clothing,Backpack,East,Kolkata,1,69.69,0.0,69.69,45.36,24.33,Credit Card,Corporate
ORD-01719,2025-04-05,CUST-0554,Office Supplies,Calculator,North,Delhi,5,21.19,0.05,100.65,61.92,38.73,UPI,Consumer
ORD-03460,2025-04-05,CUST-1157,Furniture,Desk,North,Delhi,8,229.31,0.05,1742.76,1282.64,460.12,UPI,Consumer
ORD-04849,2025-04-05,CUST-0010,Home & Kitchen,Vacuum Cleaner,North,Delhi,8,64.95,0.05,493.62,322.34,171.28,UPI,Consumer
ORD-00341,2025-04-05,CUST-0486,Clothing,Sneakers,South,Chennai,6,64.43,0.05,367.25,281.04,86.21,Credit Card,Small Business
ORD-02819,2025-04-05,CUST-0009,Office Supplies,Pen Set,South,Hyderabad,3,25.13,0.05,71.62,59.18,12.44,UPI,Corporate
ORD-03191,2025-04-05,CUST-1117,Office Supplies,Calculator,East,Kolkata,2,28.82,0.0,57.64,43.61,14.03,UPI,Corporate
ORD-00765,2025-04-05,CUST-0331,Home & Kitchen,Vacuum Cleaner,East,Kolkata,6,114.85,0.05,654.64,558.61,96.03,Debit Card,Small Business
ORD-02763,2025-04-05,CUST-0954,Furniture,Office Chair,West,Ahmedabad,5,283.08,0.1,1273.86,940.23,333.63,Bank Transfer,Corporate
ORD-02350,2025-04-05,CUST-0122,Electronics,Headphones,West,Mumbai,5,472.5,0.0,2362.5,1821.12,541.38,Cash,Corporate
ORD-04560,2025-04-05,CUST-0732,Office Supplies,Stapler,North,Jaipur,5,55.47,0.0,277.35,236.36,40.99,UPI,Corporate
ORD-01159,2025-04-05,CUST-0368,Office Supplies,Printer Paper,South,Bengaluru,4,35.77,0.1,128.77,108.76,20.01,UPI,Small Business
ORD-00442,2025-04-05,CUST-1074,Home & Kitchen,Toaster,Central,Nagpur,1,61.94,0.0,61.94,38.34,23.6,Debit Card,Consumer
ORD-02900,2025-04-05,CUST-1026,Office Supplies,Printer Paper,East,Bhubaneswar,2,16.53,0.0,33.06,25.54,7.52,Cash,Small Business
ORD-02114,2025-04-06,CUST-1157,Electronics,Laptop,West,Mumbai,7,305.83,0.15,1819.69,1227.29,592.4,Credit Card,Corporate
ORD-01915,2025-04-06,CUST-0503,Home & Kitchen,Cookware Set,South,Bengaluru,3,107.12,0.05,305.29,194.57,110.72,UPI,Consumer
ORD-03903,2025-04-06,CUST-1084,Office Supplies,Printer Paper,South,Chennai,7,27.55,0.1,173.56,127.57,45.99,Credit Card,Consumer
ORD-00337,2025-04-06,CUST-1136,Electronics,Smartphone,East,Bhubaneswar,6,476.6,0.05,2716.62,1685.23,1031.39,Credit Card,Small Business
ORD-03325,2025-04-06,CUST-0362,Furniture,Desk,South,Hyderabad,5,305.62,0.0,1528.1,1022.88,505.22,Bank Transfer,Corporate
ORD-04010,2025-04-06,CUST-1094,Office Supplies,Pen Set,West,Ahmedabad,3,38.45,0.0,115.35,80.2,35.15,Bank Transfer,Consumer
ORD-00387,2025-04-06,CUST-0554,Electronics,Keyboard,West,Mumbai,5,526.91,0.0,2634.55,2015.75,618.8,Debit Card,Corporate
ORD-01261,2025-04-06,CUST-0580,Clothing,Backpack,South,Hyderabad,2,49.66,0.05,94.35,64.56,29.79,Bank Transfer,Corporate
ORD-03482,2025-04-06,CUST-0723,Furniture,Cabinet,South,Chennai,4,297.26,0.15,1010.68,861.44,149.24,Credit Card,Corporate
ORD-01785,2025-04-06,CUST-0604,Home & Kitchen,Vacuum Cleaner,East,Guwahati,7,129.9,0.05,863.84,662.96,200.88,Bank Transfer,Small Business
ORD-00609,2025-04-06,CUST-0844,Electronics,Headphones,South,Bengaluru,6,628.68,0.15,3206.27,2651.13,555.14,Credit Card,Corporate
ORD-00011,2025-04-06,CUST-1060,Office Supplies,Pen Set,North,Delhi,4,33.08,0.05,125.7,99.5,26.2,Bank Transfer,Corporate
ORD-02774,2025-04-06,CUST-0524,Electronics,Smartphone,Central,Bhopal,7,514.33,0.1,3240.28,2008.51,1231.77,Debit Card,Corporate
ORD-03321,2025-04-06,CUST-0330,Office Supplies,Printer Paper,West,Pune,7,26.0,0.0,182.0,120.7,61.3,Credit Card,Consumer
ORD-04808,2025-04-06,CUST-0665,Office Supplies,Notebook,East,Guwahati,8,44.51,0.0,356.08,305.57,50.51,UPI,Consumer
ORD-01366,2025-04-07,CUST-0188,Home & Kitchen,Blender,Central,Bhopal,1,99.27,0.0,99.27,66.7,32.57,UPI,Consumer
ORD-01629,2025-04-07,CUST-0316,Clothing,Jeans,East,Bhubaneswar,6,86.35,0.1,466.29,336.5,129.79,UPI,Consumer
ORD-04928,2025-04-07,CUST-0906,Office Supplies,Printer Paper,South,Chennai,6,29.08,0.0,174.48,120.97,53.51,Debit Card,Corporate
ORD-01652,2025-04-07,CUST-0351,Office Supplies,Stapler,North,Delhi,3,39.21,0.05,111.75,77.7,34.05,Debit Card,Corporate
ORD-02677,2025-04-07,CUST-0572,Electronics,Smartphone,West,Ahmedabad,3,469.8,0.0,1409.4,856.77,552.63,Credit Card,Small Business
ORD-01213,2025-04-07,CUST-0991,Home & Kitchen,Toaster,South,Chennai,3,149.51,0.05,426.1,287.01,139.09,UPI,Consumer
ORD-01325,2025-04-07,CUST-0516,Furniture,Desk,South,Bengaluru,1,393.0,0.15,334.05,268.8,65.25,Credit Card,Consumer
ORD-04274,2025-04-07,CUST-0926,Office Supplies,Stapler,West,Ahmedabad,4,41.2,0.15,140.08,87.56,52.52,UPI,Small Business
ORD-02156,2025-04-07,CUST-1180,Furniture,Desk,Central,Nagpur,7,336.1,0.05,2235.06,1405.1,829.96,Cash,Corporate
ORD-00528,2025-04-07,CUST-0021,Office Supplies,Pen Set,Central,Nagpur,6,42.17,0.1,227.72,178.33,49.39,UPI,Consumer
ORD-00459,2025-04-07,CUST-0079,Home & Kitchen,Toaster,South,Hyderabad,8,118.65,0.1,854.28,577.43,276.85,UPI,Corporate
ORD-01326,2025-04-07,CUST-0750,Home & Kitchen,Blender,Central,Bhopal,1,56.64,0.0,56.64,33.17,23.47,UPI,Small Business
ORD-00195,2025-04-08,CUST-0571,Electronics,Laptop,South,Chennai,8,649.11,0.05,4933.24,2947.3,1985.94,UPI,Consumer
ORD-02802,2025-04-08,CUST-0203,Electronics,Laptop,South,Chennai,7,532.84,0.0,3729.88,2796.6,933.28,Cash,Consumer
ORD-03316,2025-04-08,CUST-0618,Home & Kitchen,Vacuum Cleaner,East,Guwahati,6,97.48,0.0,584.88,484.03,100.85,UPI,Consumer
ORD-04457,2025-04-08,CUST-0590,Home & Kitchen,Vacuum Cleaner,North,Delhi,6,118.76,0.1,641.3,459.5,181.8,Cash,Corporate
ORD-00412,2025-04-08,CUST-0383,Clothing,Jeans,West,Mumbai,5,56.03,0.0,280.15,179.6,100.55,UPI,Corporate
ORD-00348,2025-04-08,CUST-0974,Home & Kitchen,Vacuum Cleaner,East,Guwahati,8,237.79,0.0,1902.32,1129.77,772.55,Bank Transfer,Consumer
ORD-03455,2025-04-08,CUST-0737,Electronics,Laptop,East,Guwahati,4,387.26,0.1,1394.14,1065.89,328.25,UPI,Consumer
ORD-03140,2025-04-08,CUST-0657,Electronics,Keyboard,Central,Indore,2,412.19,0.15,700.72,412.38,288.34,UPI,Consumer
ORD-03935,2025-04-08,CUST-0418,Electronics,Smartphone,East,Bhubaneswar,1,373.91,0.05,355.21,241.07,114.14,Debit Card,Consumer
ORD-01377,2025-04-08,CUST-1164,Furniture,Bookshelf,South,Chennai,4,303.89,0.15,1033.23,672.18,361.05,Credit Card,Small Business
ORD-01010,2025-04-08,CUST-0256,Furniture,Office Chair,North,Jaipur,6,302.72,0.0,1816.32,1484.08,332.24,Bank Transfer,Consumer
ORD-04123,2025-04-08,CUST-0652,Clothing,Jeans,East,Kolkata,1,72.15,0.1,64.94,46.76,18.18,Debit Card,Consumer
ORD-01641,2025-04-08,CUST-0904,Electronics,Headphones,West,Mumbai,3,402.64,0.0,1207.92,863.48,344.44,Cash,Corporate
ORD-02775,2025-04-09,CUST-0706,Clothing,Backpack,East,Guwahati,7,62.99,0.0,440.93,327.58,113.35,UPI,Consumer
ORD-01853,2025-04-09,CUST-0965,Office Supplies,Notebook,South,Chennai,7,35.93,0.15,213.78,134.16,79.62,UPI,Corporate
ORD-02537,2025-04-09,CUST-1089,Clothing,Jacket,South,Hyderabad,8,63.7,0.1,458.64,370.54,88.1,Credit Card,Corporate
ORD-00163,2025-04-09,CUST-0764,Electronics,Laptop,East,Kolkata,5,408.69,0.0,2043.45,1581.23,462.22,UPI,Corporate
ORD-04433,2025-04-09,CUST-0370,Office Supplies,Calculator,Central,Indore,3,41.32,0.1,111.56,89.25,22.31,Debit Card,Consumer
ORD-00272,2025-04-09,CUST-0700,Office Supplies,Pen Set,East,Kolkata,4,35.29,0.1,127.04,83.73,43.31,UPI,Small Business
ORD-00374,2025-04-09,CUST-0685,Clothing,Sneakers,South,Chennai,3,52.86,0.0,158.58,129.05,29.53,Debit Card,Consumer
ORD-02996,2025-04-09,CUST-0125,Electronics,Keyboard,West,Mumbai,7,373.1,0.15,2219.95,1876.83,343.12,Bank Transfer,Corporate
ORD-02040,2025-04-09,CUST-1008,Home & Kitchen,Vacuum Cleaner,North,Delhi,4,106.96,0.1,385.06,295.43,89.63,Bank Transfer,Consumer
ORD-02430,2025-04-09,CUST-1194,Clothing,Backpack,West,Ahmedabad,1,38.85,0.1,34.97,20.41,14.56,UPI,Small Business
ORD-01963,2025-04-09,CUST-0812,Electronics,Keyboard,North,Chandigarh,5,531.43,0.05,2524.29,2120.1,404.19,Debit Card,Consumer
ORD-03605,2025-04-09,CUST-0474,Clothing,Backpack,North,Jaipur,4,50.38,0.05,191.44,123.24,68.2,Bank Transfer,Consumer
ORD-03277,2025-04-09,CUST-0850,Electronics,Headphones,North,Delhi,8,506.92,0.2,3244.29,2186.39,1057.9,Cash,Consumer
ORD-01584,2025-04-09,CUST-0137,Home & Kitchen,Vacuum Cleaner,North,Delhi,7,107.25,0.0,750.75,477.96,272.79,Bank Transfer,Small Business
ORD-03625,2025-04-09,CUST-0636,Furniture,Cabinet,Central,Bhopal,6,214.42,0.05,1222.19,930.11,292.08,Cash,Consumer
ORD-02512,2025-04-09,CUST-0528,Clothing,Backpack,South,Chennai,7,75.4,0.0,527.8,334.22,193.58,UPI,Consumer
ORD-04804,2025-04-09,CUST-0426,Office Supplies,Pen Set,South,Bengaluru,5,45.96,0.0,229.8,190.53,39.27,Bank Transfer,Small Business
ORD-00544,2025-04-10,CUST-0822,Electronics,Smartphone,South,Bengaluru,8,510.94,0.0,4087.52,2390.99,1696.53,Credit Card,Consumer
ORD-00252,2025-04-10,CUST-1190,Clothing,Jeans,Central,Bhopal,7,69.02,0.1,434.83,297.39,137.44,UPI,Small Business
ORD-03689,2025-04-10,CUST-0415,Clothing,Sneakers,North,Chandigarh,7,45.25,0.0,316.75,253.0,63.75,Cash,Corporate
ORD-01977,2025-04-10,CUST-1125,Office Supplies,Stapler,South,Hyderabad,4,40.64,0.0,162.56,96.25,66.31,Bank Transfer,Consumer
ORD-04357,2025-04-10,CUST-1194,Electronics,Smartphone,West,Pune,5,483.26,0.1,2174.67,1266.32,908.35,UPI,Consumer
ORD-01350,2025-04-10,CUST-0116,Office Supplies,Pen Set,West,Ahmedabad,4,36.0,0.15,122.4,73.73,48.67,Credit Card,Corporate
ORD-00547,2025-04-10,CUST-1167,Electronics,Headphones,South,Bengaluru,2,496.19,0.1,893.14,698.34,194.8,Debit Card,Corporate
ORD-04045,2025-04-10,CUST-0265,Office Supplies,Pen Set,East,Kolkata,3,39.78,0.1,107.41,78.53,28.88,Bank Transfer,Consumer
ORD-04799,2025-04-10,CUST-0542,Clothing,Jeans,North,Chandigarh,7,41.87,0.05,278.44,204.11,74.33,Debit Card,Corporate
ORD-02690,2025-04-10,CUST-0694,Clothing,Backpack,West,Mumbai,7,56.7,0.0,396.9,235.95,160.95,UPI,Consumer
ORD-03443,2025-04-10,CUST-0624,Electronics,Monitor,South,Chennai,4,489.77,0.0,1959.08,1456.53,502.55,UPI,Small Business
ORD-04048,2025-04-10,CUST-0255,Electronics,Monitor,West,Ahmedabad,3,368.59,0.0,1105.77,879.19,226.58,Debit Card,Small Business
ORD-04351,2025-04-11,CUST-0430,Electronics,Keyboard,South,Hyderabad,8,550.65,0.0,4405.2,3071.02,1334.18,Cash,Corporate
ORD-03916,2025-04-11,CUST-0833,Home & Kitchen,Coffee Maker,Central,Indore,6,136.02,0.15,693.7,575.27,118.43,UPI,Consumer
ORD-01713,2025-04-11,CUST-0596,Clothing,Jacket,South,Hyderabad,3,58.42,0.05,166.5,130.2,36.3,Debit Card,Consumer
ORD-00015,2025-04-11,CUST-0385,Electronics,Smartphone,East,Kolkata,1,442.76,0.0,442.76,299.58,143.18,Credit Card,Consumer
ORD-04288,2025-04-11,CUST-0073,Office Supplies,Stapler,North,Delhi,1,27.22,0.05,25.86,15.97,9.89,UPI,Corporate
ORD-00251,2025-04-11,CUST-0227,Clothing,Sneakers,Central,Indore,6,60.01,0.05,342.06,242.23,99.83,Debit Card,Consumer
ORD-00970,2025-04-11,CUST-0606,Home & Kitchen,Vacuum Cleaner,East,Guwahati,1,120.12,0.0,120.12,81.79,38.33,Debit Card,Consumer
ORD-00494,2025-04-11,CUST-0939,Clothing,T-Shirt,West,Pune,3,35.66,0.1,96.28,78.77,17.51,Bank Transfer,Consumer
ORD-01003,2025-04-11,CUST-0832,Clothing,Backpack,East,Guwahati,5,63.74,0.15,270.9,223.44,47.46,Bank Transfer,Consumer
ORD-01442,2025-04-12,CUST-0703,Home & Kitchen,Blender,West,Ahmedabad,1,109.93,0.0,109.93,72.29,37.64,Credit Card,Small Business
ORD-03496,2025-04-12,CUST-0406,Electronics,Headphones,North,Chandigarh,3,478.5,0.1,1291.95,1040.93,251.02,Bank Transfer,Consumer
ORD-01060,2025-04-12,CUST-0603,Clothing,Jeans,Central,Nagpur,5,36.59,0.1,164.66,113.66,51.0,UPI,Consumer
ORD-00301,2025-04-12,CUST-0242,Furniture,Bookshelf,South,Bengaluru,6,282.97,0.1,1528.04,1289.53,238.51,Bank Transfer,Small Business
ORD-03021,2025-04-12,CUST-0915,Office Supplies,Stapler,South,Chennai,7,40.86,0.2,228.82,159.27,69.55,Credit Card,Consumer
ORD-01222,2025-04-12,CUST-0309,Office Supplies,Stapler,North,Chandigarh,4,46.66,0.0,186.64,124.45,62.19,UPI,Corporate
ORD-04043,2025-04-12,CUST-0231,Electronics,Keyboard,North,Jaipur,4,396.01,0.0,1584.04,1287.45,296.59,UPI,Corporate
ORD-02368,2025-04-12,CUST-0691,Home & Kitchen,Coffee Maker,West,Pune,7,106.74,0.0,747.18,473.1,274.08,Bank Transfer,Consumer
ORD-02573,2025-04-12,CUST-0621,Home & Kitchen,Blender,West,Ahmedabad,1,82.27,0.1,74.04,53.07,20.97,Cash,Small Business
ORD-04112,2025-04-12,CUST-0680,Home & Kitchen,Cookware Set,East,Guwahati,6,122.16,0.0,732.96,581.51,151.45,Credit Card,Consumer
ORD-03713,2025-04-12,CUST-0247,Electronics,Laptop,East,Kolkata,7,623.59,0.05,4146.87,3120.82,1026.05,Debit Card,Consumer
ORD-02048,2025-04-12,CUST-0143,Furniture,Office Chair,North,Chandigarh,2,128.85,0.0,257.7,163.84,93.86,Credit Card,Consumer
ORD-00121,2025-04-12,CUST-0889,Furniture,Cabinet,North,Delhi,1,278.31,0.0,278.31,180.28,98.03,UPI,Consumer
ORD-01099,2025-04-13,CUST-0339,Electronics,Monitor,South,Hyderabad,7,674.79,0.0,4723.53,3073.13,1650.4,UPI,Consumer
ORD-00123,2025-04-13,CUST-0317,Electronics,Headphones,West,Pune,2,553.42,0.0,1106.84,849.73,257.11,UPI,Consumer
ORD-01157,2025-04-13,CUST-0366,Clothing,Jacket,North,Delhi,5,81.33,0.05,386.32,258.09,128.23,Bank Transfer,Consumer
ORD-02255,2025-04-13,CUST-0678,Electronics,Monitor,South,Chennai,5,446.15,0.05,2119.21,1472.17,647.04,Debit Card,Consumer
ORD-00099,2025-04-13,CUST-0131,Office Supplies,Calculator,South,Hyderabad,1,23.85,0.05,22.66,16.2,6.46,UPI,Consumer
ORD-02718,2025-04-13,CUST-0039,Electronics,Headphones,West,Mumbai,4,474.49,0.0,1897.96,1368.3,529.66,Cash,Corporate
ORD-04588,2025-04-13,CUST-1175,Home & Kitchen,Vacuum Cleaner,North,Chandigarh,1,140.36,0.0,140.36,111.13,29.23,Debit Card,Small Business
ORD-01546,2025-04-13,CUST-0372,Furniture,Bookshelf,South,Chennai,4,289.02,0.1,1040.47,717.91,322.56,Credit Card,Consumer
ORD-04709,2025-04-13,CUST-0311,Office Supplies,Stapler,East,Guwahati,3,46.01,0.1,124.23,73.18,51.05,UPI,Consumer
ORD-02206,2025-04-13,CUST-0730,Electronics,Monitor,Central,Indore,3,564.01,0.15,1438.23,929.36,508.87,Credit Card,Consumer
ORD-02196,2025-04-13,CUST-1045,Electronics,Keyboard,North,Delhi,2,482.87,0.0,965.74,746.6,219.14,Credit Card,Corporate
ORD-02403,2025-04-13,CUST-0737,Office Supplies,Printer Paper,West,Pune,3,19.78,0.15,50.44,36.67,13.77,Credit Card,Consumer
ORD-00619,2025-04-13,CUST-0165,Electronics,Headphones,South,Hyderabad,3,533.99,0.05,1521.87,1141.33,380.54,Debit Card,Consumer
ORD-03251,2025-04-14,CUST-0549,Electronics,Headphones,North,Jaipur,8,338.71,0.0,2709.68,2087.26,622.42,UPI,Consumer
ORD-04927,2025-04-14,CUST-0162,Furniture,Office Chair,West,Ahmedabad,1,203.23,0.15,172.75,108.8,63.95,Debit Card,Consumer
ORD-01531,2025-04-14,CUST-0805,Office Supplies,Pen Set,Central,Indore,7,40.16,0.05,267.06,168.42,98.64,Cash,Small Business
ORD-01068,2025-04-14,CUST-0959,Electronics,Headphones,South,Hyderabad,1,550.48,0.1,495.43,370.87,124.56,Debit Card,Small Business
ORD-01873,2025-04-14,CUST-0818,Clothing,Sneakers,North,Chandigarh,5,33.45,0.1,150.52,108.95,41.57,UPI,Small Business
ORD-01748,2025-04-14,CUST-0605,Home & Kitchen,Toaster,West,Mumbai,2,113.37,0.05,215.4,133.98,81.42,UPI,Corporate
ORD-04701,2025-04-14,CUST-0882,Office Supplies,Stapler,North,Delhi,2,34.29,0.0,68.58,43.27,25.31,Credit Card,Small Business
ORD-01294,2025-04-14,CUST-0670,Office Supplies,Printer Paper,North,Chandigarh,6,36.88,0.05,210.22,130.84,79.38,Credit Card,Consumer
ORD-02922,2025-04-14,CUST-0556,Home & Kitchen,Toaster,South,Chennai,8,132.19,0.0,1057.52,735.27,322.25,Cash,Small Business
ORD-02993,2025-04-14,CUST-0437,Clothing,Sneakers,East,Kolkata,1,69.37,0.1,62.43,47.94,14.49,Credit Card,Consumer
ORD-04481,2025-04-14,CUST-0646,Electronics,Headphones,South,Hyderabad,6,505.68,0.05,2882.38,2254.36,628.02,Cash,Consumer
ORD-03793,2025-04-14,CUST-0055,Office Supplies,Printer Paper,East,Kolkata,5,21.44,0.15,91.12,76.4,14.72,Bank Transfer,Consumer
ORD-03745,2025-04-15,CUST-1065,Home & Kitchen,Toaster,South,Bengaluru,6,152.26,0.05,867.88,693.32,174.56,Bank Transfer,Small Business
ORD-04134,2025-04-15,CUST-1029,Office Supplies,Stapler,South,Hyderabad,7,57.57,0.05,382.84,238.66,144.18,Credit Card,Consumer
ORD-01053,2025-04-15,CUST-0207,Electronics,Headphones,North,Jaipur,4,402.39,0.1,1448.6,1016.04,432.56,Credit Card,Corporate
ORD-03179,2025-04-15,CUST-0307,Clothing,Jacket,Central,Indore,7,69.88,0.1,440.24,296.67,143.57,UPI,Consumer
ORD-03567,2025-04-15,CUST-0416,Clothing,Backpack,South,Bengaluru,2,69.11,0.0,138.22,92.49,45.73,UPI,Consumer
ORD-01507,2025-04-15,CUST-0058,Office Supplies,Notebook,North,Delhi,1,31.44,0.15,26.72,16.29,10.43,UPI,Consumer
ORD-02438,2025-04-15,CUST-0372,Clothing,Sneakers,South,Bengaluru,7,68.79,0.05,457.45,278.75,178.7,Credit Card,Consumer
ORD-04583,2025-04-15,CUST-0304,Home & Kitchen,Cookware Set,Central,Nagpur,7,117.82,0.15,701.03,495.02,206.01,UPI,Small Business
ORD-03124,2025-04-15,CUST-0702,Home & Kitchen,Toaster,North,Chandigarh,2,124.33,0.05,236.23,142.92,93.31,Bank Transfer,Corporate
ORD-02877,2025-04-15,CUST-0089,Electronics,Headphones,North,Chandigarh,3,291.3,0.05,830.2,630.29,199.91,UPI,Corporate
ORD-02722,2025-04-15,CUST-0046,Home & Kitchen,Coffee Maker,Central,Nagpur,2,100.56,0.1,181.01,118.46,62.55,Bank Transfer,Corporate
ORD-01392,2025-04-15,CUST-0854,Home & Kitchen,Cookware Set,Central,Bhopal,8,31.0,0.0,248.0,170.61,77.39,Bank Transfer,Consumer
ORD-02689,2025-04-15,CUST-0065,Office Supplies,Pen Set,West,Pune,1,32.49,0.05,30.87,19.62,11.25,UPI,Consumer
ORD-02486,2025-04-15,CUST-1032,Office Supplies,Pen Set,West,Mumbai,7,29.53,0.1,186.04,119.01,67.03,UPI,Corporate
ORD-00630,2025-04-15,CUST-1067,Home & Kitchen,Coffee Maker,South,Chennai,8,144.79,0.05,1100.4,818.65,281.75,Debit Card,Consumer
ORD-03909,2025-04-16,CUST-0211,Clothing,T-Shirt,South,Chennai,5,80.48,0.0,402.4,264.44,137.96,Bank Transfer,Small Business
ORD-04969,2025-04-16,CUST-0344,Electronics,Keyboard,East,Bhubaneswar,8,510.21,0.05,3877.6,3065.64,811.96,UPI,Consumer
ORD-02111,2025-04-16,CUST-0344,Office Supplies,Pen Set,South,Chennai,8,22.77,0.0,182.16,141.08,41.08,UPI,Small Business
ORD-01788,2025-04-16,CUST-0637,Electronics,Laptop,East,Guwahati,4,489.68,0.15,1664.91,1110.78,554.13,Credit Card,Consumer
ORD-00379,2025-04-16,CUST-0838,Office Supplies,Stapler,East,Kolkata,5,40.32,0.0,201.6,125.35,76.25,Debit Card,Consumer
ORD-01107,2025-04-16,CUST-0469,Office Supplies,Calculator,East,Guwahati,1,37.71,0.0,37.71,25.11,12.6,Bank Transfer,Small Business
ORD-00929,2025-04-16,CUST-0051,Electronics,Keyboard,North,Delhi,6,417.33,0.1,2253.58,1818.83,434.75,Cash,Consumer
ORD-00642,2025-04-16,CUST-1089,Clothing,Backpack,South,Chennai,7,32.33,0.05,214.99,153.7,61.29,UPI,Consumer
ORD-04951,2025-04-16,CUST-0740,Clothing,Jeans,Central,Indore,5,60.34,0.0,301.7,216.01,85.69,Bank Transfer,Consumer
ORD-00698,2025-04-16,CUST-0337,Office Supplies,Calculator,East,Bhubaneswar,4,41.08,0.0,164.32,114.75,49.57,Credit Card,Consumer
ORD-00338,2025-04-16,CUST-1113,Office Supplies,Printer Paper,North,Chandigarh,5,25.7,0.05,122.07,86.47,35.6,UPI,Corporate
ORD-01744,2025-04-16,CUST-0929,Furniture,Bookshelf,East,Guwahati,1,241.99,0.05,229.89,176.63,53.26,Bank Transfer,Consumer
ORD-01424,2025-04-16,CUST-0224,Clothing,T-Shirt,South,Hyderabad,7,41.83,0.0,292.81,172.08,120.73,Debit Card,Small Business
ORD-01706,2025-04-16,CUST-1134,Home & Kitchen,Vacuum Cleaner,Central,Indore,8,97.05,0.1,698.76,548.32,150.44,UPI,Consumer
ORD-04120,2025-04-17,CUST-0213,Electronics,Laptop,West,Pune,5,667.1,0.2,2668.4,2258.54,409.86,UPI,Consumer
ORD-00866,2025-04-17,CUST-1048,Electronics,Monitor,Central,Indore,8,571.36,0.0,4570.88,3016.67,1554.21,Credit Card,Consumer
ORD-01848,2025-04-17,CUST-0033,Office Supplies,Stapler,Central,Bhopal,5,33.1,0.0,165.5,102.13,63.37,Bank Transfer,Consumer
ORD-02483,2025-04-17,CUST-0432,Office Supplies,Stapler,East,Kolkata,5,21.85,0.05,103.79,71.74,32.05,Cash,Consumer
ORD-04971,2025-04-17,CUST-0375,Home & Kitchen,Vacuum Cleaner,Central,Nagpur,7,112.94,0.0,790.58,511.13,279.45,Credit Card,Consumer
ORD-03699,2025-04-17,CUST-0428,Electronics,Headphones,Central,Nagpur,3,526.88,0.05,1501.61,1174.2,327.41,Debit Card,Corporate
ORD-04911,2025-04-17,CUST-0862,Furniture,Table,North,Delhi,1,314.89,0.15,267.66,186.2,81.46,Cash,Small Business
ORD-00908,2025-04-17,CUST-0062,Clothing,Backpack,West,Ahmedabad,3,36.63,0.2,87.91,72.16,15.75,Debit Card,Consumer
ORD-02484,2025-04-17,CUST-1067,Furniture,Desk,West,Pune,2,174.92,0.1,314.86,194.96,119.9,Cash,Small Business
ORD-01278,2025-04-17,CUST-0506,Office Supplies,Calculator,North,Jaipur,7,31.46,0.05,209.21,136.73,72.48,UPI,Small Business
ORD-02437,2025-04-17,CUST-0137,Office Supplies,Pen Set,West,Mumbai,7,19.91,0.0,139.37,93.49,45.88,Debit Card,Consumer
ORD-00700,2025-04-17,CUST-0134,Clothing,Backpack,West,Mumbai,8,66.76,0.0,534.08,443.61,90.47,UPI,Consumer
ORD-00466,2025-04-17,CUST-0988,Electronics,Monitor,West,Ahmedabad,4,401.73,0.0,1606.92,1047.68,559.24,Credit Card,Corporate
ORD-00298,2025-04-17,CUST-0865,Furniture,Office Chair,Central,Indore,1,294.47,0.0,294.47,242.13,52.34,Bank Transfer,Corporate
ORD-04453,2025-04-17,CUST-0915,Electronics,Keyboard,East,Guwahati,3,819.03,0.05,2334.24,1861.08,473.16,UPI,Consumer
ORD-00948,2025-04-17,CUST-0008,Home & Kitchen,Coffee Maker,West,Ahmedabad,5,143.03,0.0,715.15,527.47,187.68,UPI,Small Business
ORD-04174,2025-04-18,CUST-0500,Home & Kitchen,Coffee Maker,North,Chandigarh,3,74.34,0.1,200.72,146.34,54.38,Credit Card,Small Business
ORD-04451,2025-04-18,CUST-0456,Clothing,Sneakers,East,Bhubaneswar,8,77.93,0.0,623.44,382.9,240.54,Credit Card,Small Business
ORD-01727,2025-04-18,CUST-0794,Electronics,Headphones,North,Chandigarh,6,347.49,0.15,1772.2,1411.07,361.13,Credit Card,Corporate
ORD-01807,2025-04-18,CUST-1000,Electronics,Keyboard,East,Kolkata,7,458.4,0.1,2887.92,1773.52,1114.4,UPI,Consumer
ORD-03048,2025-04-18,CUST-0463,Clothing,T-Shirt,East,Guwahati,7,46.11,0.0,322.77,243.57,79.2,Bank Transfer,Consumer
ORD-00839,2025-04-18,CUST-0607,Home & Kitchen,Vacuum Cleaner,South,Chennai,1,101.07,0.0,101.07,82.16,18.91,Cash,Consumer
ORD-00977,2025-04-18,CUST-0297,Office Supplies,Printer Paper,East,Guwahati,7,28.74,0.05,191.12,150.42,40.7,Credit Card,Corporate
ORD-00515,2025-04-18,CUST-0503,Office Supplies,Printer Paper,South,Hyderabad,2,31.09,0.0,62.18,50.86,11.32,UPI,Consumer
ORD-01057,2025-04-18,CUST-0757,Clothing,Jeans,South,Chennai,7,67.75,0.0,474.25,310.28,163.97,Debit Card,Consumer
ORD-02809,2025-04-18,CUST-0168,Clothing,Jeans,North,Chandigarh,2,47.11,0.15,80.09,65.31,14.78,UPI,Consumer
ORD-03424,2025-04-19,CUST-0955,Furniture,Bookshelf,West,Mumbai,2,342.82,0.05,651.36,560.15,91.21,Credit Card,Corporate
ORD-03868,2025-04-19,CUST-0698,Home & Kitchen,Cookware Set,East,Guwahati,5,118.49,0.15,503.58,402.89,100.69,UPI,Consumer
ORD-04748,2025-04-19,CUST-0613,Electronics,Laptop,Central,Bhopal,4,449.45,0.1,1618.02,1170.21,447.81,UPI,Consumer
ORD-02724,2025-04-19,CUST-0176,Electronics,Monitor,East,Guwahati,1,492.03,0.05,467.43,299.68,167.75,UPI,Small Business
ORD-00988,2025-04-19,CUST-0994,Office Supplies,Notebook,South,Hyderabad,7,40.55,0.15,241.27,194.96,46.31,Debit Card,Consumer
ORD-00282,2025-04-19,CUST-1124,Electronics,Laptop,West,Ahmedabad,7,380.56,0.05,2530.72,1688.89,841.83,Cash,Corporate
ORD-03636,2025-04-19,CUST-0280,Home & Kitchen,Blender,Central,Nagpur,7,94.83,0.05,630.62,388.37,242.25,Debit Card,Consumer
ORD-00950,2025-04-19,CUST-0183,Furniture,Table,South,Chennai,6,275.42,0.1,1487.27,1081.98,405.29,UPI,Consumer
ORD-01077,2025-04-19,CUST-0259,Electronics,Keyboard,North,Delhi,8,536.71,0.05,4079.0,2698.02,1380.98,UPI,Consumer
ORD-00984,2025-04-19,CUST-1060,Electronics,Laptop,West,Mumbai,1,632.14,0.0,632.14,532.66,99.48,UPI,Consumer
ORD-03120,2025-04-20,CUST-0706,Furniture,Bookshelf,North,Delhi,3,273.96,0.0,821.88,500.61,321.27,UPI,Consumer
ORD-03348,2025-04-20,CUST-0176,Home & Kitchen,Coffee Maker,East,Guwahati,8,119.71,0.0,957.68,601.86,355.82,UPI,Small Business
ORD-02246,2025-04-20,CUST-0308,Clothing,T-Shirt,East,Guwahati,6,58.29,0.2,279.79,174.96,104.83,Credit Card,Corporate
ORD-00886,2025-04-20,CUST-0049,Clothing,Jeans,West,Ahmedabad,3,67.99,0.15,173.37,115.02,58.35,Credit Card,Small Business
ORD-04773,2025-04-20,CUST-0412,Electronics,Headphones,East,Guwahati,6,366.03,0.1,1976.56,1570.93,405.63,UPI,Small Business
ORD-04506,2025-04-20,CUST-0618,Home & Kitchen,Vacuum Cleaner,South,Hyderabad,8,150.94,0.05,1147.14,863.5,283.64,Bank Transfer,Small Business
ORD-01391,2025-04-20,CUST-1041,Furniture,Cabinet,Central,Indore,4,385.67,0.15,1311.28,1031.71,279.57,UPI,Small Business
ORD-03984,2025-04-20,CUST-0679,Home & Kitchen,Toaster,South,Chennai,3,98.43,0.05,280.53,223.28,57.25,Credit Card,Small Business
ORD-01275,2025-04-20,CUST-0036,Clothing,Jacket,West,Pune,5,67.93,0.1,305.69,204.73,100.96,Bank Transfer,Corporate
ORD-03007,2025-04-20,CUST-0829,Electronics,Headphones,North,Jaipur,2,390.1,0.0,780.2,651.58,128.62,UPI,Small Business
ORD-04187,2025-04-20,CUST-0745,Clothing,Jeans,North,Delhi,3,41.26,0.1,111.4,87.53,23.87,UPI,Corporate
ORD-02913,2025-04-20,CUST-0421,Home & Kitchen,Blender,West,Pune,6,156.94,0.05,894.56,638.14,256.42,Bank Transfer,Corporate
ORD-01536,2025-04-20,CUST-1017,Clothing,Jacket,West,Pune,5,63.48,0.15,269.79,170.6,99.19,UPI,Small Business
ORD-04608,2025-04-21,CUST-0889,Office Supplies,Stapler,West,Pune,2,46.42,0.05,88.2,65.98,22.22,UPI,Consumer
ORD-00649,2025-04-21,CUST-0477,Office Supplies,Calculator,West,Pune,8,48.54,0.1,349.49,213.2,136.29,UPI,Consumer
ORD-02765,2025-04-21,CUST-0588,Home & Kitchen,Cookware Set,Central,Indore,4,74.62,0.1,268.63,182.82,85.81,UPI,Consumer
ORD-04830,2025-04-21,CUST-0052,Home & Kitchen,Blender,East,Bhubaneswar,7,157.29,0.1,990.93,818.09,172.84,Debit Card,Consumer
ORD-03025,2025-04-21,CUST-0992,Office Supplies,Notebook,West,Ahmedabad,7,46.59,0.0,326.13,210.7,115.43,Credit Card,Consumer
ORD-04942,2025-04-21,CUST-0541,Office Supplies,Printer Paper,East,Guwahati,7,32.38,0.0,226.66,160.86,65.8,UPI,Consumer
ORD-02136,2025-04-21,CUST-0905,Clothing,Jeans,East,Guwahati,1,57.55,0.0,57.55,39.48,18.07,UPI,Small Business
ORD-04813,2025-04-21,CUST-0960,Clothing,T-Shirt,North,Chandigarh,3,52.73,0.0,158.19,134.43,23.76,Credit Card,Corporate
ORD-04528,2025-04-21,CUST-0224,Electronics,Headphones,Central,Nagpur,6,577.7,0.0,3466.2,2733.66,732.54,UPI,Consumer
ORD-04142,2025-04-21,CUST-1129,Office Supplies,Stapler,North,Chandigarh,3,38.38,0.05,109.38,70.98,38.4,Credit Card,Consumer
ORD-00877,2025-04-21,CUST-1072,Clothing,Sneakers,West,Mumbai,4,57.74,0.15,196.32,153.53,42.79,Cash,Corporate
ORD-03224,2025-04-21,CUST-0790,Electronics,Monitor,North,Jaipur,4,453.61,0.05,1723.72,1060.6,663.12,Credit Card,Small Business
ORD-00742,2025-04-21,CUST-1168,Office Supplies,Pen Set,East,Bhubaneswar,5,24.41,0.1,109.84,89.3,20.54,Credit Card,Small Business
ORD-02916,2025-04-21,CUST-0604,Furniture,Desk,West,Mumbai,5,215.56,0.1,970.02,705.56,264.46,UPI,Small Business
ORD-02328,2025-04-21,CUST-0830,Electronics,Laptop,North,Jaipur,5,606.99,0.0,3034.95,2159.54,875.41,Bank Transfer,Small Business
ORD-02955,2025-04-21,CUST-0896,Furniture,Table,West,Ahmedabad,6,158.64,0.15,809.06,566.51,242.55,Cash,Consumer
ORD-04239,2025-04-21,CUST-0708,Clothing,Sneakers,East,Kolkata,7,57.78,0.0,404.46,237.95,166.51,Bank Transfer,Consumer
ORD-00233,2025-04-21,CUST-0104,Office Supplies,Calculator,East,Kolkata,2,12.86,0.2,20.58,17.01,3.57,Debit Card,Corporate
ORD-03786,2025-04-21,CUST-0604,Electronics,Keyboard,South,Chennai,7,526.95,0.0,3688.65,2345.0,1343.65,Debit Card,Small Business
ORD-00077,2025-04-21,CUST-1130,Electronics,Headphones,South,Bengaluru,8,650.49,0.15,4423.33,3441.47,981.86,Cash,Consumer
ORD-01007,2025-04-21,CUST-1006,Furniture,Office Chair,West,Mumbai,4,291.82,0.0,1167.28,915.82,251.46,UPI,Consumer
ORD-03756,2025-04-21,CUST-0488,Furniture,Table,Central,Indore,8,352.92,0.0,2823.36,1651.57,1171.79,Credit Card,Consumer
ORD-03800,2025-04-21,CUST-0604,Electronics,Monitor,West,Ahmedabad,3,543.36,0.15,1385.57,1183.55,202.02,Bank Transfer,Consumer
ORD-02672,2025-04-22,CUST-0408,Clothing,T-Shirt,East,Guwahati,1,64.76,0.1,58.28,47.0,11.28,Bank Transfer,Consumer
ORD-00180,2025-04-22,CUST-0234,Office Supplies,Pen Set,South,Bengaluru,5,40.34,0.05,191.62,139.26,52.36,Cash,Consumer
ORD-03474,2025-04-22,CUST-0883,Electronics,Smartphone,Central,Indore,6,307.78,0.0,1846.68,1174.23,672.45,Credit Card,Consumer
ORD-03400,2025-04-22,CUST-0162,Office Supplies,Stapler,Central,Indore,5,29.76,0.0,148.8,99.68,49.12,Credit Card,Small Business
ORD-01231,2025-04-22,CUST-0265,Furniture,Office Chair,North,Chandigarh,5,423.61,0.15,1800.34,1259.8,540.54,Bank Transfer,Small Business
ORD-04313,2025-04-22,CUST-0631,Office Supplies,Calculator,West,Mumbai,3,32.44,0.15,82.72,64.61,18.11,Debit Card,Consumer
ORD-02380,2025-04-22,CUST-0447,Home & Kitchen,Cookware Set,South,Bengaluru,2,139.57,0.05,265.18,225.34,39.84,Debit Card,Consumer
ORD-01656,2025-04-22,CUST-0261,Clothing,Jacket,North,Jaipur,5,65.92,0.0,329.6,270.37,59.23,Cash,Corporate
ORD-00249,2025-04-22,CUST-0632,Home & Kitchen,Cookware Set,North,Jaipur,8,118.03,0.05,897.03,679.19,217.84,UPI,Consumer
ORD-04084,2025-04-22,CUST-0767,Electronics,Monitor,Central,Nagpur,7,423.19,0.0,2962.33,2033.59,928.74,UPI,Small Business
ORD-04802,2025-04-22,CUST-0625,Clothing,Jeans,South,Chennai,7,87.05,0.1,548.42,328.78,219.64,Cash,Small Business
ORD-02648,2025-04-22,CUST-1009,Electronics,Headphones,East,Kolkata,2,475.08,0.05,902.65,592.83,309.82,Bank Transfer,Corporate
ORD-01508,2025-04-22,CUST-0112,Clothing,Jeans,East,Guwahati,5,61.61,0.0,308.05,261.48,46.57,UPI,Corporate
ORD-02546,2025-04-22,CUST-0643,Home & Kitchen,Vacuum Cleaner,North,Delhi,2,72.14,0.1,129.85,105.15,24.7,Debit Card,Consumer
ORD-03331,2025-04-22,CUST-0307,Electronics,Keyboard,North,Jaipur,7,400.94,0.15,2385.59,1732.27,653.32,UPI,Consumer
ORD-01987,2025-04-22,CUST-0293,Home & Kitchen,Toaster,East,Kolkata,2,145.94,0.0,291.88,221.81,70.07,Bank Transfer,Corporate
ORD-01085,2025-04-22,CUST-0278,Home & Kitchen,Blender,South,Bengaluru,3,181.07,0.0,543.21,375.69,167.52,Bank Transfer,Consumer
ORD-01936,2025-04-22,CUST-0861,Furniture,Table,West,Mumbai,1,237.86,0.1,214.07,155.94,58.13,Bank Transfer,Corporate
ORD-04496,2025-04-22,CUST-1051,Electronics,Laptop,North,Jaipur,7,336.56,0.15,2002.53,1497.96,504.57,Cash,Corporate
ORD-04779,2025-04-22,CUST-1168,Office Supplies,Pen Set,East,Kolkata,5,29.95,0.15,127.29,81.43,45.86,UPI,Consumer
ORD-03029,2025-04-22,CUST-0501,Furniture,Office Chair,East,Kolkata,3,261.21,0.05,744.45,608.26,136.19,UPI,Corporate
ORD-03258,2025-04-23,CUST-0883,Home & Kitchen,Toaster,North,Jaipur,3,115.42,0.0,346.26,228.45,117.81,Credit Card,Consumer
ORD-01079,2025-04-23,CUST-0037,Furniture,Office Chair,Central,Indore,1,338.99,0.05,322.04,216.75,105.29,Credit Card,Consumer
ORD-02983,2025-04-23,CUST-0874,Home & Kitchen,Coffee Maker,East,Guwahati,4,132.3,0.1,476.28,381.94,94.34,Credit Card,Small Business
ORD-03612,2025-04-23,CUST-0494,Office Supplies,Printer Paper,East,Kolkata,2,31.03,0.15,52.75,34.71,18.04,Cash,Consumer
ORD-03988,2025-04-23,CUST-0640,Electronics,Laptop,Central,Nagpur,3,722.11,0.1,1949.7,1360.47,589.23,UPI,Corporate
ORD-02872,2025-04-23,CUST-0051,Clothing,Jacket,South,Chennai,7,27.61,0.0,193.27,138.2,55.07,UPI,Consumer
ORD-00416,2025-04-23,CUST-0952,Electronics,Smartphone,North,Jaipur,5,401.67,0.05,1907.93,1283.1,624.83,UPI,Small Business
ORD-03723,2025-04-23,CUST-0478,Clothing,Jacket,Central,Indore,5,63.2,0.1,284.4,211.12,73.28,UPI,Corporate
ORD-02666,2025-04-23,CUST-0140,Electronics,Smartphone,South,Chennai,6,320.77,0.0,1924.62,1358.55,566.07,Cash,Small Business
ORD-03038,2025-04-23,CUST-0559,Home & Kitchen,Coffee Maker,East,Kolkata,2,169.83,0.2,271.73,159.0,112.73,Credit Card,Consumer
ORD-03783,2025-04-23,CUST-1040,Electronics,Laptop,South,Bengaluru,5,569.08,0.1,2560.86,1531.59,1029.27,Bank Transfer,Small Business
ORD-03357,2025-04-23,CUST-0449,Clothing,Backpack,South,Hyderabad,8,54.98,0.2,351.87,244.21,107.66,Bank Transfer,Consumer
ORD-04259,2025-04-23,CUST-0054,Electronics,Smartphone,East,Guwahati,1,567.07,0.05,538.72,316.42,222.3,UPI,Corporate
ORD-00286,2025-04-23,CUST-0140,Home & Kitchen,Coffee Maker,West,Mumbai,4,160.59,0.0,642.36,427.75,214.61,UPI,Consumer
ORD-04764,2025-04-23,CUST-1122,Electronics,Monitor,South,Chennai,5,471.89,0.1,2123.5,1626.23,497.27,Debit Card,Consumer
ORD-00168,2025-04-23,CUST-0425,Home & Kitchen,Coffee Maker,Central,Indore,1,118.8,0.0,118.8,90.81,27.99,UPI,Consumer
ORD-00020,2025-04-23,CUST-0254,Furniture,Office Chair,West,Ahmedabad,8,334.73,0.1,2410.06,1849.28,560.78,Credit Card,Consumer
ORD-02460,2025-04-23,CUST-1027,Electronics,Laptop,West,Mumbai,8,345.73,0.1,2489.26,1680.57,808.69,Cash,Consumer
ORD-04167,2025-04-24,CUST-0514,Electronics,Headphones,South,Hyderabad,5,554.48,0.1,2495.16,1592.94,902.22,Bank Transfer,Corporate
ORD-03664,2025-04-24,CUST-0328,Electronics,Smartphone,West,Ahmedabad,1,598.93,0.0,598.93,420.85,178.08,UPI,Consumer
ORD-02043,2025-04-24,CUST-0420,Furniture,Cabinet,West,Ahmedabad,1,222.41,0.1,200.17,118.95,81.22,Cash,Consumer
ORD-04719,2025-04-24,CUST-0838,Electronics,Laptop,West,Pune,7,465.76,0.15,2771.27,2264.75,506.52,Credit Card,Consumer
ORD-02056,2025-04-24,CUST-0976,Electronics,Smartphone,East,Guwahati,4,430.78,0.05,1636.96,1328.78,308.18,UPI,Small Business
ORD-01631,2025-04-24,CUST-0620,Home & Kitchen,Blender,North,Chandigarh,8,140.89,0.0,1127.12,939.38,187.74,Debit Card,Corporate
ORD-04896,2025-04-24,CUST-0026,Clothing,Backpack,North,Chandigarh,7,73.58,0.05,489.31,414.84,74.47,Debit Card,Consumer
ORD-02208,2025-04-24,CUST-0720,Home & Kitchen,Cookware Set,East,Guwahati,5,131.76,0.05,625.86,434.19,191.67,Credit Card,Consumer
ORD-00555,2025-04-24,CUST-1139,Electronics,Keyboard,Central,Nagpur,3,351.48,0.05,1001.72,626.58,375.14,Bank Transfer,Small Business
ORD-01892,2025-04-24,CUST-0126,Electronics,Smartphone,East,Guwahati,4,375.73,0.0,1502.92,1135.28,367.64,Cash,Corporate
ORD-01795,2025-04-24,CUST-0452,Office Supplies,Pen Set,South,Chennai,6,36.82,0.0,220.92,183.51,37.41,Credit Card,Consumer
ORD-02857,2025-04-24,CUST-0300,Home & Kitchen,Toaster,North,Delhi,5,125.19,0.05,594.65,419.76,174.89,Debit Card,Consumer
ORD-03254,2025-04-24,CUST-0235,Electronics,Keyboard,East,Kolkata,6,410.56,0.15,2093.86,1462.86,631.0,UPI,Small Business
ORD-01130,2025-04-24,CUST-0179,Furniture,Desk,North,Delhi,2,206.59,0.15,351.2,240.36,110.84,Credit Card,Small Business
ORD-03731,2025-04-24,CUST-1191,Clothing,Jeans,South,Bengaluru,3,58.13,0.1,156.95,133.28,23.67,Bank Transfer,Small Business
ORD-02356,2025-04-25,CUST-0469,Clothing,Sneakers,North,Delhi,2,48.29,0.15,82.09,59.76,22.33,Bank Transfer,Consumer
ORD-02099,2025-04-25,CUST-0410,Office Supplies,Notebook,Central,Indore,6,50.32,0.05,286.82,194.23,92.59,Debit Card,Consumer
ORD-03337,2025-04-25,CUST-0812,Clothing,Backpack,East,Guwahati,4,69.76,0.1,251.14,153.89,97.25,Credit Card,Consumer
ORD-00785,2025-04-25,CUST-0323,Electronics,Monitor,East,Guwahati,3,455.5,0.1,1229.85,1009.55,220.3,Debit Card,Consumer
ORD-03045,2025-04-25,CUST-1150,Furniture,Desk,East,Kolkata,3,243.18,0.2,583.63,450.17,133.46,UPI,Small Business
ORD-00963,2025-04-25,CUST-0453,Home & Kitchen,Cookware Set,East,Guwahati,2,81.21,0.0,162.42,108.82,53.6,Bank Transfer,Corporate
ORD-03130,2025-04-25,CUST-0456,Electronics,Laptop,South,Hyderabad,7,284.12,0.05,1889.4,1245.93,643.47,UPI,Corporate
ORD-02387,2025-04-25,CUST-0323,Office Supplies,Pen Set,North,Chandigarh,8,27.29,0.1,196.49,125.67,70.82,Debit Card,Corporate
ORD-03151,2025-04-25,CUST-0247,Furniture,Desk,South,Bengaluru,7,415.3,0.0,2907.1,1817.2,1089.9,Debit Card,Consumer
ORD-03085,2025-04-25,CUST-0361,Electronics,Smartphone,Central,Bhopal,2,359.38,0.2,575.01,422.85,152.16,UPI,Consumer
ORD-01184,2025-04-25,CUST-0566,Office Supplies,Stapler,West,Mumbai,7,34.09,0.1,214.77,161.44,53.33,UPI,Corporate
ORD-03293,2025-04-25,CUST-0051,Furniture,Bookshelf,North,Chandigarh,4,317.97,0.0,1271.88,900.46,371.42,Debit Card,Consumer
ORD-01752,2025-04-25,CUST-0309,Office Supplies,Notebook,North,Chandigarh,3,43.45,0.0,130.35,97.67,32.68,UPI,Consumer
ORD-02306,2025-04-25,CUST-0913,Office Supplies,Notebook,South,Chennai,1,32.27,0.05,30.66,25.16,5.5,UPI,Consumer
ORD-02491,2025-04-25,CUST-1126,Office Supplies,Stapler,East,Kolkata,5,32.94,0.15,139.99,98.2,41.79,UPI,Consumer
ORD-01155,2025-04-25,CUST-0294,Home & Kitchen,Blender,West,Mumbai,4,105.59,0.0,422.36,316.53,105.83,UPI,Corporate
ORD-00909,2025-04-25,CUST-0982,Home & Kitchen,Vacuum Cleaner,Central,Indore,8,114.05,0.05,866.78,697.61,169.17,Credit Card,Small Business
ORD-01347,2025-04-25,CUST-0335,Office Supplies,Pen Set,South,Bengaluru,7,44.58,0.05,296.46,229.17,67.29,Bank Transfer,Corporate
ORD-04234,2025-04-25,CUST-0236,Home & Kitchen,Toaster,North,Jaipur,3,116.4,0.0,349.2,261.33,87.87,Bank Transfer,Consumer
ORD-00271,2025-04-26,CUST-0354,Electronics,Smartphone,South,Bengaluru,7,278.29,0.0,1948.03,1149.5,798.53,UPI,Consumer
ORD-04974,2025-04-26,CUST-0205,Office Supplies,Printer Paper,South,Chennai,8,29.63,0.1,213.34,124.71,88.63,Credit Card,Consumer
ORD-03327,2025-04-26,CUST-1039,Home & Kitchen,Blender,North,Chandigarh,2,123.67,0.05,234.97,162.78,72.19,Credit Card,Consumer
ORD-02419,2025-04-26,CUST-0483,Electronics,Smartphone,East,Guwahati,5,377.44,0.0,1887.2,1142.34,744.86,Bank Transfer,Consumer
ORD-03994,2025-04-26,CUST-0068,Home & Kitchen,Toaster,East,Guwahati,4,166.57,0.1,599.65,362.66,236.99,UPI,Small Business
ORD-00025,2025-04-26,CUST-0018,Home & Kitchen,Cookware Set,West,Mumbai,7,91.51,0.0,640.57,458.57,182.0,UPI,Small Business
ORD-03462,2025-04-26,CUST-0451,Office Supplies,Notebook,Central,Indore,8,38.87,0.05,295.41,190.79,104.62,UPI,Corporate
ORD-03867,2025-04-26,CUST-0582,Electronics,Laptop,Central,Bhopal,3,518.37,0.0,1555.11,1027.8,527.31,UPI,Consumer
ORD-03684,2025-04-26,CUST-0114,Electronics,Keyboard,West,Ahmedabad,8,472.94,0.0,3783.52,3074.78,708.74,Bank Transfer,Consumer
ORD-03161,2025-04-26,CUST-0782,Office Supplies,Pen Set,Central,Bhopal,7,35.74,0.1,225.16,175.74,49.42,Debit Card,Consumer
ORD-01686,2025-04-26,CUST-0105,Clothing,Jeans,West,Ahmedabad,8,34.82,0.15,236.78,140.98,95.8,Bank Transfer,Corporate
ORD-01972,2025-04-26,CUST-0908,Furniture,Office Chair,South,Bengaluru,4,389.31,0.0,1557.24,1190.89,366.35,UPI,Consumer
ORD-02361,2025-04-27,CUST-0586,Office Supplies,Printer Paper,West,Pune,8,27.55,0.05,209.38,125.33,84.05,Credit Card,Consumer
ORD-00542,2025-04-27,CUST-0056,Electronics,Keyboard,West,Pune,4,417.2,0.0,1668.8,1211.3,457.5,Credit Card,Small Business
ORD-03147,2025-04-27,CUST-1026,Furniture,Bookshelf,North,Jaipur,8,244.35,0.15,1661.58,1364.41,297.17,Bank Transfer,Consumer
ORD-00031,2025-04-27,CUST-0513,Clothing,Jeans,Central,Indore,6,67.57,0.05,385.15,242.08,143.07,UPI,Consumer
ORD-02177,2025-04-27,CUST-0900,Office Supplies,Stapler,South,Chennai,6,28.86,0.0,173.16,130.89,42.27,Debit Card,Consumer
ORD-02050,2025-04-27,CUST-0653,Office Supplies,Notebook,North,Chandigarh,4,20.01,0.1,72.04,42.35,29.69,Bank Transfer,Consumer
ORD-04785,2025-04-27,CUST-0387,Home & Kitchen,Coffee Maker,South,Hyderabad,5,135.67,0.1,610.52,388.71,221.81,Debit Card,Consumer
ORD-03781,2025-04-28,CUST-0334,Clothing,Backpack,South,Chennai,3,40.37,0.15,102.94,87.66,15.28,Debit Card,Small Business
ORD-02220,2025-04-28,CUST-0012,Clothing,Jeans,Central,Nagpur,3,45.82,0.0,137.46,102.12,35.34,UPI,Small Business
ORD-03445,2025-04-28,CUST-0837,Electronics,Keyboard,North,Chandigarh,6,624.8,0.0,3748.8,2606.99,1141.81,Cash,Corporate
ORD-00622,2025-04-28,CUST-0468,Furniture,Table,Central,Bhopal,5,254.98,0.0,1274.9,1006.28,268.62,UPI,Consumer
ORD-03617,2025-04-28,CUST-0980,Clothing,Backpack,Central,Indore,3,60.75,0.05,173.14,124.65,48.49,Cash,Consumer
ORD-00178,2025-04-28,CUST-0108,Clothing,T-Shirt,East,Guwahati,3,64.1,0.0,192.3,116.58,75.72,UPI,Corporate
ORD-02882,2025-04-28,CUST-0921,Office Supplies,Stapler,South,Hyderabad,8,24.89,0.1,179.21,142.12,37.09,UPI,Consumer
ORD-03907,2025-04-28,CUST-0182,Electronics,Headphones,Central,Indore,5,272.66,0.0,1363.3,1149.97,213.33,UPI,Small Business
ORD-02779,2025-04-28,CUST-0632,Clothing,Backpack,East,Bhubaneswar,8,59.56,0.0,476.48,402.94,73.54,UPI,Consumer
ORD-03522,2025-04-28,CUST-0247,Office Supplies,Notebook,North,Delhi,6,40.86,0.1,220.64,139.86,80.78,Bank Transfer,Consumer
ORD-03677,2025-04-28,CUST-0462,Electronics,Keyboard,South,Bengaluru,6,622.23,0.15,3173.37,2689.95,483.42,UPI,Small Business
ORD-02151,2025-04-28,CUST-1085,Office Supplies,Printer Paper,North,Chandigarh,6,41.98,0.05,239.29,190.72,48.57,Credit Card,Consumer
ORD-01976,2025-04-28,CUST-1111,Electronics,Smartphone,South,Bengaluru,2,390.81,0.05,742.54,507.55,234.99,Debit Card,Consumer
ORD-02398,2025-04-28,CUST-0500,Clothing,Backpack,Central,Indore,4,53.33,0.05,202.65,153.19,49.46,UPI,Consumer
ORD-03023,2025-04-28,CUST-0004,Clothing,T-Shirt,South,Hyderabad,6,67.7,0.15,345.27,249.67,95.6,UPI,Corporate
ORD-04769,2025-04-28,CUST-0803,Office Supplies,Calculator,West,Mumbai,2,44.53,0.05,84.61,58.39,26.22,Bank Transfer,Consumer
ORD-00507,2025-04-28,CUST-0258,Electronics,Smartphone,East,Guwahati,7,516.35,0.1,3253.0,1908.64,1344.36,UPI,Corporate
ORD-02873,2025-04-29,CUST-0558,Office Supplies,Notebook,South,Chennai,6,23.83,0.1,128.68,101.9,26.78,UPI,Consumer
ORD-01281,2025-04-29,CUST-0656,Clothing,Backpack,South,Hyderabad,7,83.08,0.1,523.4,345.43,177.97,UPI,Corporate
ORD-02654,2025-04-29,CUST-0539,Clothing,Jacket,South,Hyderabad,7,71.88,0.1,452.84,379.74,73.1,Credit Card,Consumer
ORD-01742,2025-04-29,CUST-0889,Clothing,Backpack,West,Mumbai,1,60.66,0.05,57.63,49.26,8.37,UPI,Consumer
ORD-04072,2025-04-29,CUST-1140,Clothing,T-Shirt,North,Chandigarh,3,77.63,0.15,197.96,151.45,46.51,Debit Card,Consumer
ORD-03642,2025-04-29,CUST-0149,Office Supplies,Printer Paper,Central,Bhopal,6,40.35,0.05,230.0,164.01,65.99,Credit Card,Small Business
ORD-01971,2025-04-29,CUST-0862,Home & Kitchen,Cookware Set,Central,Nagpur,5,123.01,0.05,584.3,435.89,148.41,Credit Card,Consumer
ORD-03827,2025-04-29,CUST-0792,Clothing,Jeans,South,Hyderabad,4,31.15,0.05,118.37,70.51,47.86,UPI,Consumer
ORD-03183,2025-04-29,CUST-0057,Home & Kitchen,Vacuum Cleaner,West,Ahmedabad,2,134.63,0.15,228.87,155.96,72.91,Bank Transfer,Consumer
ORD-04321,2025-04-29,CUST-1165,Clothing,Sneakers,West,Mumbai,7,61.54,0.0,430.78,326.77,104.01,UPI,Consumer
ORD-04912,2025-04-29,CUST-0058,Home & Kitchen,Blender,Central,Indore,3,112.58,0.0,337.74,221.18,116.56,Bank Transfer,Consumer
ORD-02974,2025-04-29,CUST-0153,Office Supplies,Notebook,West,Mumbai,1,44.38,0.2,35.5,28.7,6.8,Cash,Consumer
ORD-02158,2025-04-29,CUST-0159,Home & Kitchen,Vacuum Cleaner,South,Bengaluru,3,98.64,0.0,295.92,196.66,99.26,UPI,Consumer
ORD-02661,2025-04-29,CUST-0470,Furniture,Office Chair,North,Jaipur,2,310.87,0.0,621.74,366.24,255.5,UPI,Corporate
ORD-03122,2025-04-29,CUST-0082,Furniture,Desk,West,Ahmedabad,5,321.63,0.0,1608.15,1333.28,274.87,Cash,Consumer
ORD-01078,2025-04-29,CUST-0324,Home & Kitchen,Vacuum Cleaner,South,Bengaluru,8,172.57,0.0,1380.56,1061.15,319.41,Debit Card,Consumer
ORD-01175,2025-04-29,CUST-0608,Electronics,Laptop,West,Mumbai,8,532.15,0.1,3831.48,2238.8,1592.68,UPI,Consumer
ORD-00593,2025-04-29,CUST-0929,Electronics,Laptop,East,Guwahati,7,573.36,0.1,3612.17,2766.12,846.05,Bank Transfer,Consumer
ORD-00413,2025-04-29,CUST-1077,Office Supplies,Pen Set,West,Ahmedabad,1,23.73,0.0,23.73,17.78,5.95,UPI,Consumer
ORD-03905,2025-04-30,CUST-1150,Clothing,T-Shirt,East,Guwahati,8,54.08,0.0,432.64,354.47,78.17,Credit Card,Consumer
ORD-03700,2025-04-30,CUST-0174,Home & Kitchen,Cookware Set,South,Hyderabad,5,82.6,0.05,392.35,336.49,55.86,Credit Card,Small Business
ORD-00211,2025-04-30,CUST-1001,Office Supplies,Pen Set,West,Pune,6,20.12,0.15,102.61,61.65,40.96,Debit Card,Corporate
ORD-03492,2025-04-30,CUST-1052,Office Supplies,Printer Paper,South,Hyderabad,2,27.38,0.0,54.76,36.52,18.24,UPI,Consumer
ORD-02357,2025-04-30,CUST-0213,Clothing,Backpack,Central,Nagpur,1,50.27,0.05,47.76,39.88,7.88,Debit Card,Consumer
ORD-00827,2025-04-30,CUST-0348,Furniture,Bookshelf,West,Pune,7,277.11,0.0,1939.77,1489.71,450.06,Debit Card,Consumer
ORD-02960,2025-04-30,CUST-0783,Clothing,T-Shirt,South,Chennai,7,44.92,0.1,283.0,229.17,53.83,UPI,Small Business
ORD-03069,2025-04-30,CUST-1040,Electronics,Laptop,South,Bengaluru,5,410.36,0.15,1744.03,1435.14,308.89,Bank Transfer,Corporate
ORD-01478,2025-04-30,CUST-1170,Electronics,Laptop,Central,Nagpur,1,478.63,0.15,406.84,288.23,118.61,UPI,Consumer
ORD-03862,2025-04-30,CUST-0443,Home & Kitchen,Cookware Set,West,Pune,5,89.12,0.0,445.6,328.4,117.2,UPI,Corporate
ORD-04983,2025-04-30,CUST-0985,Electronics,Keyboard,South,Chennai,3,424.54,0.1,1146.26,757.02,389.24,UPI,Consumer
ORD-04806,2025-05-01,CUST-0891,Home & Kitchen,Toaster,South,Hyderabad,4,111.34,0.15,378.56,291.27,87.29,Bank Transfer,Consumer
ORD-03018,2025-05-01,CUST-0801,Electronics,Smartphone,East,Bhubaneswar,8,671.1,0.05,5100.36,3755.23,1345.13,Debit Card,Consumer
ORD-00248,2025-05-01,CUST-0428,Electronics,Laptop,Central,Nagpur,1,554.65,0.0,554.65,409.44,145.21,UPI,Small Business
ORD-01693,2025-05-01,CUST-0349,Clothing,Jacket,East,Guwahati,8,81.34,0.1,585.65,453.91,131.74,UPI,Corporate
ORD-03900,2025-05-01,CUST-1077,Clothing,Jeans,Central,Bhopal,5,49.4,0.0,247.0,207.82,39.18,Bank Transfer,Consumer
ORD-01694,2025-05-01,CUST-0077,Clothing,Backpack,Central,Nagpur,4,46.22,0.15,157.15,103.13,54.02,Debit Card,Consumer
ORD-02344,2025-05-01,CUST-0676,Electronics,Monitor,West,Ahmedabad,1,344.8,0.0,344.8,293.48,51.32,Credit Card,Corporate
ORD-02219,2025-05-01,CUST-0747,Clothing,Sneakers,South,Hyderabad,1,50.37,0.0,50.37,34.44,15.93,Cash,Small Business
ORD-04666,2025-05-01,CUST-1100,Clothing,Jacket,Central,Bhopal,2,44.86,0.0,89.72,67.48,22.24,UPI,Corporate
ORD-03013,2025-05-01,CUST-0909,Home & Kitchen,Toaster,South,Hyderabad,1,100.94,0.0,100.94,63.48,37.46,Credit Card,Corporate
ORD-04572,2025-05-01,CUST-0745,Furniture,Table,North,Jaipur,6,347.14,0.1,1874.56,1547.36,327.2,UPI,Consumer
ORD-00470,2025-05-01,CUST-0068,Office Supplies,Printer Paper,North,Jaipur,5,51.97,0.05,246.86,150.51,96.35,UPI,Small Business
ORD-02388,2025-05-01,CUST-0166,Home & Kitchen,Vacuum Cleaner,Central,Indore,4,89.83,0.05,341.35,204.57,136.78,UPI,Consumer
ORD-02984,2025-05-01,CUST-0257,Electronics,Headphones,Central,Indore,6,217.66,0.15,1110.07,687.93,422.14,Credit Card,Small Business
ORD-00710,2025-05-01,CUST-0897,Electronics,Keyboard,West,Pune,5,508.98,0.1,2290.41,1472.89,817.52,UPI,Consumer
ORD-02276,2025-05-01,CUST-0973,Clothing,T-Shirt,South,Hyderabad,6,67.39,0.2,323.47,258.15,65.32,UPI,Consumer
ORD-03671,2025-05-01,CUST-0229,Electronics,Keyboard,Central,Bhopal,5,266.65,0.05,1266.59,1000.61,265.98,Debit Card,Corporate
ORD-02669,2025-05-02,CUST-0076,Furniture,Desk,East,Kolkata,7,248.7,0.1,1566.81,1135.61,431.2,UPI,Small Business
ORD-02275,2025-05-02,CUST-0721,Clothing,Jeans,East,Bhubaneswar,8,37.71,0.0,301.68,225.05,76.63,Credit Card,Consumer
ORD-02004,2025-05-02,CUST-0994,Electronics,Headphones,Central,Indore,2,501.48,0.0,1002.96,640.22,362.74,Credit Card,Consumer
ORD-03560,2025-05-02,CUST-1175,Electronics,Headphones,Central,Nagpur,7,397.52,0.05,2643.51,1874.33,769.18,Credit Card,Consumer
ORD-02436,2025-05-02,CUST-0516,Home & Kitchen,Blender,Central,Nagpur,2,106.35,0.0,212.7,172.26,40.44,UPI,Corporate
ORD-03897,2025-05-02,CUST-0336,Office Supplies,Printer Paper,North,Delhi,7,37.71,0.15,224.37,161.33,63.04,Cash,Consumer
ORD-04945,2025-05-03,CUST-1129,Electronics,Monitor,East,Bhubaneswar,3,468.37,0.15,1194.34,837.87,356.47,Bank Transfer,Small Business
ORD-02301,2025-05-03,CUST-0387,Clothing,T-Shirt,West,Mumbai,1,67.75,0.05,64.36,40.19,24.17,Cash,Small Business
ORD-00611,2025-05-03,CUST-0023,Office Supplies,Pen Set,North,Chandigarh,6,30.22,0.0,181.32,106.83,74.49,Bank Transfer,Consumer
ORD-02896,2025-05-03,CUST-0187,Furniture,Desk,South,Hyderabad,3,311.25,0.05,887.06,517.81,369.25,Cash,Small Business
ORD-04236,2025-05-03,CUST-0503,Electronics,Keyboard,Central,Nagpur,5,578.3,0.15,2457.78,1855.41,602.37,Credit Card,Consumer
ORD-00583,2025-05-03,CUST-0118,Clothing,Jacket,West,Pune,8,64.44,0.0,515.52,372.94,142.58,UPI,Small Business
ORD-03390,2025-05-03,CUST-0791,Electronics,Headphones,North,Delhi,8,379.67,0.2,2429.89,1580.38,849.51,Bank Transfer,Consumer
ORD-01251,2025-05-03,CUST-0392,Electronics,Laptop,South,Bengaluru,7,338.75,0.05,2252.69,1611.64,641.05,UPI,Consumer
ORD-01354,2025-05-03,CUST-0433,Furniture,Desk,West,Mumbai,2,200.83,0.0,401.66,325.99,75.67,UPI,Small Business
ORD-01997,2025-05-03,CUST-0831,Electronics,Monitor,North,Chandigarh,8,456.39,0.0,3651.12,2500.64,1150.48,UPI,Consumer
ORD-01495,2025-05-03,CUST-0285,Electronics,Laptop,West,Mumbai,4,363.13,0.1,1307.27,886.06,421.21,Debit Card,Corporate
ORD-00230,2025-05-04,CUST-0786,Home & Kitchen,Toaster,Central,Indore,5,108.9,0.05,517.28,364.35,152.93,Cash,Small Business
ORD-02551,2025-05-04,CUST-1003,Furniture,Desk,East,Guwahati,4,287.97,0.0,1151.88,848.11,303.77,Cash,Small Business
ORD-00980,2025-05-04,CUST-0681,Office Supplies,Stapler,West,Pune,5,28.14,0.05,133.66,111.37,22.29,Credit Card,Consumer
ORD-02884,2025-05-04,CUST-1033,Office Supplies,Notebook,North,Chandigarh,2,22.56,0.0,45.12,29.12,16.0,UPI,Small Business
ORD-03752,2025-05-04,CUST-1183,Clothing,Sneakers,East,Kolkata,2,70.68,0.0,141.36,104.85,36.51,Bank Transfer,Consumer
ORD-04972,2025-05-04,CUST-0233,Office Supplies,Calculator,East,Guwahati,7,38.71,0.0,270.97,163.05,107.92,Bank Transfer,Corporate
ORD-04520,2025-05-04,CUST-0913,Clothing,Jacket,North,Delhi,8,74.36,0.0,594.88,366.23,228.65,Credit Card,Small Business
ORD-01207,2025-05-04,CUST-0973,Clothing,Jacket,East,Bhubaneswar,2,47.13,0.1,84.83,71.89,12.94,Bank Transfer,Small Business
ORD-03204,2025-05-04,CUST-0261,Clothing,Jacket,East,Kolkata,8,52.77,0.2,337.73,245.16,92.57,Credit Card,Consumer
ORD-04064,2025-05-04,CUST-1121,Furniture,Desk,Central,Bhopal,6,321.25,0.05,1831.12,1280.16,550.96,Credit Card,Small Business
ORD-03172,2025-05-04,CUST-0974,Home & Kitchen,Toaster,North,Chandigarh,3,130.61,0.05,372.24,242.51,129.73,Credit Card,Corporate
ORD-04156,2025-05-04,CUST-0312,Furniture,Table,North,Delhi,8,317.76,0.0,2542.08,2103.27,438.81,Bank Transfer,Consumer
ORD-03635,2025-05-05,CUST-0640,Home & Kitchen,Toaster,South,Bengaluru,2,132.13,0.0,264.26,156.95,107.31,Debit Card,Consumer
ORD-04460,2025-05-05,CUST-0432,Home & Kitchen,Coffee Maker,South,Hyderabad,3,147.52,0.0,442.56,312.1,130.46,UPI,Consumer
ORD-03658,2025-05-05,CUST-1137,Electronics,Headphones,Central,Nagpur,3,354.98,0.0,1064.94,762.75,302.19,Debit Card,Consumer
ORD-00835,2025-05-05,CUST-1061,Furniture,Cabinet,South,Chennai,1,283.64,0.2,226.91,173.07,53.84,UPI,Consumer
ORD-02944,2025-05-05,CUST-0633,Clothing,Sneakers,North,Chandigarh,3,63.78,0.05,181.77,133.54,48.23,UPI,Consumer
ORD-01856,2025-05-05,CUST-0506,Furniture,Cabinet,West,Ahmedabad,7,275.27,0.05,1830.55,1399.65,430.9,UPI,Consumer
ORD-00639,2025-05-05,CUST-1095,Electronics,Monitor,North,Chandigarh,2,268.93,0.05,510.97,339.9,171.07,Credit Card,Small Business
ORD-00368,2025-05-05,CUST-0658,Home & Kitchen,Vacuum Cleaner,East,Guwahati,1,124.83,0.0,124.83,75.6,49.23,Credit Card,Corporate
ORD-01769,2025-05-05,CUST-0815,Electronics,Smartphone,North,Jaipur,2,352.71,0.1,634.88,378.0,256.88,Credit Card,Small Business
ORD-03473,2025-05-05,CUST-0315,Clothing,Jacket,Central,Nagpur,4,73.35,0.05,278.73,187.91,90.82,Debit Card,Corporate
ORD-03690,2025-05-05,CUST-0219,Electronics,Headphones,East,Bhubaneswar,3,411.96,0.0,1235.88,755.76,480.12,UPI,Corporate
ORD-01172,2025-05-05,CUST-0985,Home & Kitchen,Blender,North,Jaipur,5,130.06,0.2,520.24,365.02,155.22,UPI,Consumer
ORD-01837,2025-05-05,CUST-1167,Office Supplies,Calculator,East,Kolkata,4,41.34,0.1,148.82,103.55,45.27,UPI,Corporate
ORD-00864,2025-05-05,CUST-0236,Electronics,Monitor,North,Delhi,2,222.66,0.05,423.05,309.75,113.3,UPI,Small Business
ORD-01045,2025-05-05,CUST-0503,Furniture,Office Chair,North,Jaipur,6,289.84,0.0,1739.04,1048.5,690.54,UPI,Consumer
ORD-04465,2025-05-05,CUST-0625,Office Supplies,Printer Paper,East,Bhubaneswar,3,48.75,0.1,131.62,97.07,34.55,Cash,Corporate
ORD-00281,2025-05-06,CUST-0262,Electronics,Laptop,South,Hyderabad,1,544.38,0.0,544.38,368.38,176.0,UPI,Consumer
ORD-02734,2025-05-06,CUST-0387,Clothing,Backpack,East,Guwahati,8,58.14,0.05,441.86,376.89,64.97,Credit Card,Consumer
ORD-01869,2025-05-06,CUST-0362,Electronics,Monitor,East,Guwahati,1,543.48,0.1,489.13,364.19,124.94,UPI,Small Business
ORD-02720,2025-05-06,CUST-0496,Furniture,Desk,Central,Nagpur,4,317.73,0.0,1270.92,878.84,392.08,UPI,Corporate
ORD-02612,2025-05-06,CUST-0666,Office Supplies,Stapler,Central,Indore,2,43.19,0.0,86.38,56.88,29.5,Credit Card,Consumer
ORD-01758,2025-05-06,CUST-0647,Home & Kitchen,Vacuum Cleaner,East,Guwahati,1,149.88,0.1,134.89,82.79,52.1,Cash,Consumer
ORD-03593,2025-05-06,CUST-0775,Office Supplies,Pen Set,East,Kolkata,7,41.61,0.0,291.27,242.73,48.54,Credit Card,Consumer
ORD-03765,2025-05-06,CUST-0502,Home & Kitchen,Coffee Maker,North,Jaipur,1,118.62,0.1,106.76,66.44,40.32,Bank Transfer,Small Business
ORD-01638,2025-05-06,CUST-1075,Furniture,Bookshelf,West,Pune,7,365.84,0.05,2432.84,1879.15,553.69,Cash,Corporate
ORD-01605,2025-05-06,CUST-1083,Office Supplies,Notebook,South,Hyderabad,5,41.1,0.15,174.68,102.92,71.76,Credit Card,Corporate
ORD-03384,2025-05-06,CUST-0343,Clothing,Backpack,Central,Nagpur,1,52.38,0.1,47.14,31.79,15.35,Debit Card,Small Business
ORD-00843,2025-05-06,CUST-0294,Clothing,Jeans,North,Chandigarh,4,57.19,0.1,205.88,125.6,80.28,UPI,Corporate
ORD-03125,2025-05-06,CUST-0514,Furniture,Desk,South,Chennai,4,281.97,0.1,1015.09,655.19,359.9,Cash,Corporate
ORD-03039,2025-05-06,CUST-0567,Electronics,Smartphone,North,Chandigarh,2,554.37,0.0,1108.74,858.74,250.0,UPI,Small Business
ORD-02478,2025-05-06,CUST-0220,Furniture,Table,Central,Indore,5,355.14,0.05,1686.91,1328.01,358.9,Cash,Consumer
ORD-03078,2025-05-06,CUST-0865,Electronics,Keyboard,East,Kolkata,3,455.26,0.05,1297.49,764.49,533.0,Bank Transfer,Small Business
ORD-03757,2025-05-06,CUST-0199,Office Supplies,Printer Paper,East,Guwahati,3,39.47,0.0,118.41,82.33,36.08,UPI,Consumer
ORD-04829,2025-05-06,CUST-1099,Furniture,Office Chair,North,Jaipur,8,438.11,0.15,2979.15,2479.65,499.5,Bank Transfer,Consumer
ORD-04107,2025-05-06,CUST-1031,Office Supplies,Calculator,South,Bengaluru,3,31.82,0.0,95.46,68.28,27.18,Credit Card,Consumer
ORD-03067,2025-05-06,CUST-0457,Furniture,Table,East,Kolkata,2,252.43,0.15,429.13,304.14,124.99,Credit Card,Corporate
ORD-04867,2025-05-07,CUST-0240,Clothing,Sneakers,East,Kolkata,4,67.87,0.1,244.33,186.96,57.37,Credit Card,Consumer
ORD-00241,2025-05-07,CUST-0942,Electronics,Headphones,West,Mumbai,1,489.54,0.0,489.54,350.77,138.77,Debit Card,Corporate
ORD-04606,2025-05-07,CUST-0153,Office Supplies,Pen Set,North,Chandigarh,4,31.76,0.05,120.69,87.01,33.68,Debit Card,Corporate
ORD-03186,2025-05-07,CUST-1101,Electronics,Keyboard,East,Guwahati,5,317.47,0.05,1507.98,966.33,541.65,UPI,Corporate
ORD-03750,2025-05-07,CUST-0001,Office Supplies,Printer Paper,South,Chennai,5,33.74,0.0,168.7,105.09,63.61,UPI,Consumer
ORD-00590,2025-05-07,CUST-0476,Electronics,Headphones,South,Hyderabad,8,323.99,0.0,2591.92,1769.46,822.46,Credit Card,Consumer
ORD-04878,2025-05-07,CUST-1185,Electronics,Laptop,South,Hyderabad,1,423.44,0.1,381.1,311.41,69.69,Credit Card,Consumer
ORD-02709,2025-05-07,CUST-0619,Office Supplies,Calculator,Central,Bhopal,4,34.7,0.0,138.8,104.88,33.92,Credit Card,Consumer
ORD-03990,2025-05-07,CUST-0443,Office Supplies,Stapler,Central,Bhopal,6,16.18,0.05,92.23,73.18,19.05,Credit Card,Small Business
ORD-01632,2025-05-07,CUST-0837,Electronics,Monitor,South,Bengaluru,6,615.53,0.1,3323.86,2573.2,750.66,Credit Card,Corporate
ORD-00666,2025-05-08,CUST-1001,Electronics,Keyboard,North,Chandigarh,1,354.41,0.0,354.41,263.69,90.72,UPI,Small Business
ORD-04980,2025-05-08,CUST-0762,Clothing,Jeans,East,Kolkata,6,29.69,0.0,178.14,124.9,53.24,UPI,Small Business
ORD-00689,2025-05-08,CUST-0038,Electronics,Monitor,South,Chennai,7,359.03,0.1,2261.89,1940.54,321.35,Credit Card,Consumer
ORD-02650,2025-05-08,CUST-0901,Furniture,Office Chair,South,Bengaluru,4,300.2,0.05,1140.76,788.49,352.27,UPI,Corporate
ORD-03493,2025-05-08,CUST-0314,Furniture,Desk,West,Mumbai,8,225.56,0.0,1804.48,1145.64,658.84,Credit Card,Consumer
ORD-03056,2025-05-08,CUST-0541,Electronics,Monitor,Central,Indore,7,662.8,0.0,4639.6,3820.79,818.81,Credit Card,Small Business
ORD-01537,2025-05-08,CUST-0370,Electronics,Keyboard,South,Bengaluru,8,300.12,0.0,2400.96,2055.08,345.88,UPI,Consumer
ORD-02929,2025-05-08,CUST-0628,Home & Kitchen,Toaster,South,Chennai,3,132.52,0.1,357.8,222.27,135.53,Bank Transfer,Small Business
ORD-01760,2025-05-08,CUST-0798,Office Supplies,Notebook,Central,Nagpur,3,25.0,0.1,67.5,45.95,21.55,Debit Card,Corporate
ORD-01818,2025-05-08,CUST-0494,Electronics,Keyboard,South,Hyderabad,2,489.58,0.15,832.29,614.69,217.6,Debit Card,Consumer
ORD-02843,2025-05-08,CUST-0501,Furniture,Table,South,Bengaluru,6,221.46,0.05,1262.32,817.13,445.19,Credit Card,Consumer
ORD-01020,2025-05-09,CUST-0406,Clothing,Backpack,Central,Nagpur,5,42.7,0.0,213.5,163.97,49.53,Debit Card,Small Business
ORD-00750,2025-05-09,CUST-0468,Furniture,Office Chair,West,Ahmedabad,2,201.69,0.15,342.87,273.03,69.84,Cash,Corporate
ORD-02452,2025-05-09,CUST-0832,Furniture,Table,South,Chennai,4,252.43,0.0,1009.72,762.98,246.74,UPI,Consumer
ORD-04296,2025-05-09,CUST-0641,Office Supplies,Calculator,East,Bhubaneswar,1,25.24,0.05,23.98,17.38,6.6,Credit Card,Consumer
ORD-02264,2025-05-09,CUST-0515,Electronics,Laptop,Central,Nagpur,7,315.8,0.0,2210.6,1542.79,667.81,Credit Card,Small Business
ORD-04537,2025-05-09,CUST-1131,Office Supplies,Notebook,West,Pune,5,55.65,0.1,250.42,198.68,51.74,Bank Transfer,Corporate
ORD-00302,2025-05-09,CUST-0746,Clothing,Jacket,West,Mumbai,4,44.94,0.15,152.8,107.59,45.21,UPI,Consumer
ORD-03382,2025-05-09,CUST-1100,Office Supplies,Calculator,Central,Nagpur,4,38.37,0.0,153.48,108.39,45.09,Debit Card,Consumer
ORD-04138,2025-05-09,CUST-0595,Home & Kitchen,Cookware Set,East,Bhubaneswar,6,148.07,0.1,799.58,659.59,139.99,UPI,Corporate
ORD-04428,2025-05-10,CUST-0849,Furniture,Bookshelf,North,Jaipur,6,197.97,0.0,1187.82,899.8,288.02,Debit Card,Small Business
ORD-02167,2025-05-10,CUST-0014,Furniture,Office Chair,East,Kolkata,7,256.75,0.0,1797.25,1370.07,427.18,Credit Card,Corporate
ORD-02794,2025-05-10,CUST-0715,Clothing,Jacket,West,Ahmedabad,8,67.16,0.15,456.69,317.44,139.25,UPI,Corporate
ORD-04113,2025-05-10,CUST-1146,Office Supplies,Stapler,East,Bhubaneswar,7,55.69,0.0,389.83,309.66,80.17,UPI,Corporate
ORD-00931,2025-05-10,CUST-1024,Office Supplies,Stapler,Central,Indore,8,26.82,0.05,203.83,139.14,64.69,Bank Transfer,Small Business
ORD-01468,2025-05-10,CUST-0513,Electronics,Laptop,Central,Bhopal,3,381.09,0.0,1143.27,704.56,438.71,UPI,Corporate
ORD-00552,2025-05-10,CUST-0058,Electronics,Keyboard,West,Ahmedabad,8,654.81,0.05,4976.56,4061.0,915.56,Credit Card,Corporate
ORD-03388,2025-05-10,CUST-0254,Furniture,Office Chair,North,Delhi,1,268.78,0.0,268.78,193.05,75.73,Debit Card,Consumer
ORD-04668,2025-05-10,CUST-0817,Electronics,Headphones,North,Chandigarh,6,486.65,0.0,2919.9,1945.65,974.25,Bank Transfer,Consumer
ORD-00921,2025-05-10,CUST-0830,Home & Kitchen,Vacuum Cleaner,Central,Indore,3,131.52,0.2,315.65,204.95,110.7,Bank Transfer,Consumer
ORD-03339,2025-05-10,CUST-0719,Office Supplies,Pen Set,North,Jaipur,7,32.49,0.2,181.94,127.22,54.72,UPI,Small Business
ORD-04592,2025-05-10,CUST-0270,Electronics,Smartphone,West,Mumbai,6,395.98,0.0,2375.88,1612.46,763.42,Debit Card,Corporate
ORD-02343,2025-05-11,CUST-0119,Furniture,Table,South,Chennai,6,290.34,0.0,1742.04,1358.01,384.03,Credit Card,Consumer
ORD-03975,2025-05-11,CUST-0611,Home & Kitchen,Cookware Set,West,Ahmedabad,8,161.04,0.1,1159.49,911.96,247.53,Credit Card,Consumer
ORD-00704,2025-05-11,CUST-1124,Electronics,Monitor,West,Mumbai,3,472.46,0.0,1417.38,912.38,505.0,Credit Card,Corporate
ORD-04046,2025-05-11,CUST-0545,Office Supplies,Stapler,West,Mumbai,2,50.73,0.05,96.39,65.81,30.58,Debit Card,Consumer
ORD-04851,2025-05-11,CUST-0087,Clothing,T-Shirt,North,Delhi,7,54.08,0.0,378.56,259.94,118.62,Credit Card,Corporate
ORD-01812,2025-05-11,CUST-0893,Office Supplies,Notebook,Central,Nagpur,6,39.43,0.1,212.92,156.5,56.42,Credit Card,Consumer
ORD-04273,2025-05-11,CUST-0429,Office Supplies,Pen Set,East,Kolkata,1,38.55,0.05,36.62,21.45,15.17,UPI,Small Business
ORD-02256,2025-05-11,CUST-0311,Furniture,Bookshelf,West,Mumbai,6,274.24,0.1,1480.9,1054.7,426.2,UPI,Small Business
ORD-01822,2025-05-12,CUST-0672,Furniture,Cabinet,North,Jaipur,2,253.53,0.05,481.71,316.05,165.66,Credit Card,Corporate
ORD-03010,2025-05-12,CUST-0168,Electronics,Smartphone,North,Chandigarh,8,670.46,0.15,4559.13,3233.13,1326.0,UPI,Corporate
ORD-04398,2025-05-12,CUST-0613,Office Supplies,Calculator,South,Hyderabad,3,33.65,0.0,100.95,58.91,42.04,Credit Card,Consumer
ORD-03036,2025-05-12,CUST-0532,Clothing,Jacket,South,Hyderabad,7,81.75,0.05,543.64,362.69,180.95,UPI,Small Business
ORD-03342,2025-05-12,CUST-0394,Home & Kitchen,Cookware Set,South,Bengaluru,6,105.16,0.05,599.41,465.64,133.77,UPI,Consumer
ORD-04338,2025-05-12,CUST-0598,Home & Kitchen,Cookware Set,North,Chandigarh,2,182.08,0.0,364.16,222.99,141.17,UPI,Consumer
ORD-02596,2025-05-12,CUST-0992,Electronics,Laptop,South,Hyderabad,2,504.89,0.1,908.8,689.9,218.9,Credit Card,Corporate
ORD-01974,2025-05-12,CUST-0796,Office Supplies,Pen Set,North,Chandigarh,5,40.92,0.15,173.91,115.19,58.72,Credit Card,Corporate
ORD-02603,2025-05-12,CUST-0916,Clothing,T-Shirt,East,Kolkata,4,46.61,0.05,177.12,147.97,29.15,UPI,Corporate
ORD-00273,2025-05-12,CUST-0553,Home & Kitchen,Toaster,Central,Indore,7,109.17,0.0,764.19,569.72,194.47,Debit Card,Corporate
ORD-01490,2025-05-12,CUST-0487,Clothing,Backpack,West,Mumbai,2,40.87,0.05,77.65,50.38,27.27,Cash,Corporate
ORD-01084,2025-05-12,CUST-0222,Office Supplies,Calculator,East,Guwahati,3,40.02,0.1,108.05,70.22,37.83,Cash,Consumer
ORD-02085,2025-05-13,CUST-0737,Office Supplies,Notebook,South,Chennai,6,41.71,0.1,225.23,188.06,37.17,UPI,Consumer
ORD-03584,2025-05-13,CUST-1065,Office Supplies,Stapler,East,Guwahati,8,37.26,0.0,298.08,242.74,55.34,Cash,Small Business
ORD-02464,2025-05-13,CUST-0132,Electronics,Headphones,Central,Nagpur,1,464.51,0.1,418.06,244.4,173.66,Credit Card,Consumer
ORD-00662,2025-05-13,CUST-0246,Home & Kitchen,Coffee Maker,North,Chandigarh,7,82.4,0.0,576.8,464.53,112.27,Credit Card,Small Business
ORD-01894,2025-05-13,CUST-0475,Clothing,Jeans,West,Pune,7,86.33,0.05,574.09,422.89,151.2,UPI,Small Business
ORD-01151,2025-05-13,CUST-0516,Office Supplies,Stapler,North,Chandigarh,7,29.76,0.0,208.32,177.14,31.18,UPI,Small Business
ORD-01484,2025-05-13,CUST-0954,Electronics,Monitor,West,Pune,5,436.93,0.05,2075.42,1252.24,823.18,Credit Card,Consumer
ORD-04933,2025-05-13,CUST-0412,Clothing,Sneakers,South,Chennai,8,75.92,0.0,607.36,405.72,201.64,UPI,Consumer
ORD-01132,2025-05-13,CUST-0525,Electronics,Keyboard,West,Ahmedabad,3,498.83,0.0,1496.49,1270.23,226.26,UPI,Consumer
ORD-00052,2025-05-13,CUST-0677,Home & Kitchen,Blender,Central,Nagpur,6,156.98,0.15,800.6,595.52,205.08,Cash,Consumer
ORD-01557,2025-05-13,CUST-0354,Electronics,Laptop,East,Kolkata,7,583.97,0.05,3883.4,3139.2,744.2,Credit Card,Corporate
ORD-01363,2025-05-13,CUST-0585,Electronics,Keyboard,Central,Indore,1,402.88,0.2,322.3,219.78,102.52,Credit Card,Consumer
ORD-01220,2025-05-13,CUST-0044,Furniture,Bookshelf,Central,Nagpur,6,347.84,0.15,1773.98,1152.35,621.63,Debit Card,Consumer
ORD-04985,2025-05-14,CUST-0294,Office Supplies,Stapler,West,Mumbai,8,29.31,0.1,211.03,159.36,51.67,Debit Card,Consumer
ORD-00744,2025-05-14,CUST-0146,Furniture,Desk,Central,Bhopal,4,147.58,0.2,472.26,299.53,172.73,Bank Transfer,Consumer
ORD-04136,2025-05-14,CUST-1082,Furniture,Desk,South,Chennai,5,298.86,0.1,1344.87,1111.14,233.73,UPI,Consumer
ORD-00559,2025-05-14,CUST-0446,Office Supplies,Notebook,North,Jaipur,6,48.83,0.1,263.68,158.96,104.72,Credit Card,Small Business
ORD-02416,2025-05-14,CUST-0541,Office Supplies,Stapler,South,Chennai,8,17.72,0.0,141.76,88.83,52.93,UPI,Consumer
ORD-01990,2025-05-14,CUST-0463,Electronics,Monitor,South,Hyderabad,2,319.97,0.1,575.95,346.9,229.05,Credit Card,Consumer
ORD-00773,2025-05-14,CUST-0249,Clothing,Jacket,West,Mumbai,1,71.76,0.0,71.76,43.52,28.24,Credit Card,Consumer
ORD-00073,2025-05-14,CUST-0478,Office Supplies,Pen Set,East,Bhubaneswar,3,22.06,0.0,66.18,53.1,13.08,Bank Transfer,Corporate
ORD-01616,2025-05-14,CUST-0211,Office Supplies,Notebook,East,Guwahati,6,36.48,0.0,218.88,171.07,47.81,UPI,Corporate
ORD-04207,2025-05-14,CUST-0266,Furniture,Table,West,Ahmedabad,3,284.01,0.1,766.83,480.33,286.5,Bank Transfer,Corporate
ORD-02852,2025-05-14,CUST-0105,Office Supplies,Notebook,Central,Indore,8,31.79,0.05,241.6,183.94,57.66,UPI,Consumer
ORD-03128,2025-05-14,CUST-0813,Office Supplies,Printer Paper,North,Jaipur,1,31.37,0.0,31.37,22.54,8.83,Cash,Corporate
ORD-02767,2025-05-14,CUST-0906,Clothing,Jacket,South,Chennai,8,60.13,0.1,432.94,273.6,159.34,Credit Card,Small Business
ORD-00257,2025-05-14,CUST-0720,Electronics,Laptop,South,Bengaluru,7,461.46,0.0,3230.22,2209.75,1020.47,Debit Card,Corporate
ORD-04505,2025-05-14,CUST-0975,Clothing,Jeans,Central,Indore,6,56.77,0.15,289.53,218.84,70.69,Debit Card,Corporate
ORD-01884,2025-05-14,CUST-1111,Furniture,Office Chair,East,Guwahati,2,379.74,0.0,759.48,642.03,117.45,Bank Transfer,Small Business
ORD-03160,2025-05-14,CUST-1123,Home & Kitchen,Blender,South,Chennai,6,40.17,0.0,241.02,159.21,81.81,Bank Transfer,Consumer
ORD-01730,2025-05-15,CUST-0874,Electronics,Laptop,East,Kolkata,4,555.59,0.05,2111.24,1283.32,827.92,UPI,Consumer
ORD-02606,2025-05-15,CUST-0339,Home & Kitchen,Cookware Set,East,Kolkata,7,68.94,0.0,482.58,338.63,143.95,Credit Card,Corporate
ORD-03244,2025-05-15,CUST-0554,Furniture,Bookshelf,South,Bengaluru,6,181.58,0.0,1089.48,732.94,356.54,Cash,Corporate
ORD-04758,2025-05-15,CUST-0406,Home & Kitchen,Vacuum Cleaner,South,Bengaluru,2,125.17,0.1,225.31,171.36,53.95,Credit Card,Consumer
ORD-04675,2025-05-15,CUST-0350,Electronics,Laptop,West,Ahmedabad,4,549.32,0.15,1867.69,1435.29,432.4,Debit Card,Consumer
ORD-01286,2025-05-15,CUST-0040,Furniture,Table,South,Hyderabad,8,289.26,0.1,2082.67,1563.27,519.4,Bank Transfer,Small Business
ORD-02086,2025-05-15,CUST-0822,Furniture,Cabinet,East,Kolkata,2,177.56,0.1,319.61,220.79,98.82,Credit Card,Small Business
ORD-04371,2025-05-15,CUST-0251,Clothing,Jacket,South,Bengaluru,3,43.24,0.1,116.75,94.29,22.46,Credit Card,Consumer
ORD-03299,2025-05-15,CUST-0073,Office Supplies,Pen Set,South,Hyderabad,2,29.0,0.1,52.2,40.43,11.77,Bank Transfer,Small Business
ORD-02470,2025-05-15,CUST-0187,Clothing,T-Shirt,South,Bengaluru,6,67.69,0.05,385.83,305.33,80.5,Bank Transfer,Small Business
ORD-03428,2025-05-15,CUST-0280,Electronics,Laptop,North,Delhi,4,503.67,0.1,1813.21,1395.27,417.94,Bank Transfer,Corporate
ORD-00798,2025-05-15,CUST-1165,Electronics,Laptop,North,Jaipur,7,585.93,0.0,4101.51,3176.82,924.69,Bank Transfer,Consumer
ORD-03985,2025-05-16,CUST-0012,Home & Kitchen,Blender,Central,Indore,4,137.04,0.0,548.16,338.86,209.3,UPI,Corporate
ORD-02611,2025-05-16,CUST-0938,Office Supplies,Printer Paper,North,Jaipur,3,39.95,0.15,101.87,70.08,31.79,Credit Card,Consumer
ORD-02279,2025-05-16,CUST-1093,Home & Kitchen,Vacuum Cleaner,West,Mumbai,2,171.68,0.05,326.19,197.53,128.66,UPI,Corporate
ORD-01152,2025-05-16,CUST-0757,Electronics,Headphones,South,Hyderabad,8,363.99,0.1,2620.73,1615.75,1004.98,Credit Card,Consumer
ORD-00138,2025-05-16,CUST-0345,Electronics,Smartphone,North,Jaipur,7,431.55,0.05,2869.81,1688.91,1180.9,UPI,Corporate
ORD-04603,2025-05-16,CUST-1032,Furniture,Bookshelf,South,Hyderabad,4,207.46,0.15,705.36,444.94,260.42,Debit Card,Corporate
ORD-04327,2025-05-16,CUST-1106,Electronics,Keyboard,East,Guwahati,2,435.36,0.05,827.18,603.92,223.26,Credit Card,Corporate
ORD-00218,2025-05-16,CUST-0341,Office Supplies,Notebook,North,Jaipur,3,12.31,0.15,31.39,20.71,10.68,UPI,Consumer
ORD-02472,2025-05-16,CUST-0555,Furniture,Cabinet,North,Chandigarh,2,331.45,0.0,662.9,509.49,153.41,Credit Card,Small Business
ORD-02982,2025-05-16,CUST-0579,Electronics,Laptop,Central,Nagpur,6,533.65,0.0,3201.9,1863.23,1338.67,Debit Card,Corporate
ORD-04540,2025-05-16,CUST-0945,Home & Kitchen,Coffee Maker,North,Jaipur,4,100.26,0.0,401.04,272.18,128.86,Credit Card,Consumer
ORD-03720,2025-05-16,CUST-0285,Office Supplies,Pen Set,West,Ahmedabad,3,45.78,0.05,130.47,99.25,31.22,UPI,Consumer
ORD-03742,2025-05-16,CUST-0228,Electronics,Monitor,Central,Bhopal,7,553.85,0.1,3489.26,2360.54,1128.72,Credit Card,Consumer
ORD-01371,2025-05-17,CUST-0135,Office Supplies,Notebook,East,Kolkata,5,23.08,0.15,98.09,74.85,23.24,Credit Card,Consumer
ORD-01443,2025-05-17,CUST-0038,Office Supplies,Notebook,South,Chennai,3,34.63,0.05,98.7,66.59,32.11,Credit Card,Consumer
ORD-04932,2025-05-17,CUST-0194,Clothing,Sneakers,North,Jaipur,1,66.77,0.05,63.43,49.6,13.83,UPI,Consumer
ORD-02544,2025-05-17,CUST-0186,Clothing,Jacket,Central,Nagpur,2,29.27,0.15,49.76,39.31,10.45,UPI,Consumer
ORD-01654,2025-05-17,CUST-0393,Electronics,Keyboard,North,Chandigarh,2,592.95,0.15,1008.02,837.96,170.06,UPI,Consumer
ORD-04358,2025-05-17,CUST-0579,Office Supplies,Stapler,South,Hyderabad,6,33.14,0.0,198.84,121.13,77.71,Cash,Consumer
ORD-00464,2025-05-17,CUST-0368,Home & Kitchen,Coffee Maker,North,Jaipur,4,137.74,0.15,468.32,292.83,175.49,UPI,Corporate
ORD-03243,2025-05-17,CUST-1114,Furniture,Desk,South,Bengaluru,2,246.65,0.05,468.64,366.58,102.06,Credit Card,Consumer
ORD-02146,2025-05-17,CUST-1128,Electronics,Smartphone,North,Delhi,3,398.87,0.1,1076.95,906.33,170.62,Debit Card,Consumer
ORD-02816,2025-05-17,CUST-0670,Office Supplies,Calculator,East,Kolkata,8,35.88,0.05,272.69,183.06,89.63,Debit Card,Consumer
ORD-00883,2025-05-17,CUST-0057,Furniture,Cabinet,East,Kolkata,8,182.06,0.1,1310.83,1083.22,227.61,UPI,Small Business
ORD-02379,2025-05-17,CUST-1112,Clothing,Sneakers,North,Delhi,7,85.24,0.0,596.68,440.87,155.81,UPI,Small Business
ORD-00925,2025-05-17,CUST-0166,Electronics,Laptop,North,Delhi,4,411.23,0.0,1644.92,1190.8,454.12,Bank Transfer,Small Business
ORD-04143,2025-05-17,CUST-0923,Office Supplies,Calculator,South,Chennai,7,43.15,0.0,302.05,244.59,57.46,Debit Card,Consumer
ORD-01682,2025-05-18,CUST-0318,Electronics,Laptop,South,Bengaluru,6,345.63,0.0,2073.78,1234.82,838.96,Credit Card,Consumer
ORD-01419,2025-05-18,CUST-0553,Home & Kitchen,Toaster,West,Pune,6,95.3,0.15,486.03,304.9,181.13,UPI,Consumer
ORD-00736,2025-05-18,CUST-0684,Office Supplies,Pen Set,Central,Bhopal,2,35.3,0.1,63.54,41.98,21.56,Credit Card,Small Business
ORD-01380,2025-05-18,CUST-0592,Electronics,Smartphone,East,Bhubaneswar,6,630.46,0.0,3782.76,3127.4,655.36,UPI,Consumer
ORD-02450,2025-05-18,CUST-0318,Home & Kitchen,Coffee Maker,East,Guwahati,2,85.89,0.0,171.78,113.09,58.69,Debit Card,Consumer
ORD-03418,2025-05-18,CUST-0278,Furniture,Bookshelf,Central,Nagpur,7,195.26,0.15,1161.8,718.87,442.93,Credit Card,Small Business
ORD-03659,2025-05-18,CUST-0734,Furniture,Office Chair,East,Guwahati,1,333.04,0.0,333.04,266.3,66.74,Debit Card,Corporate
ORD-03525,2025-05-18,CUST-0555,Office Supplies,Notebook,North,Delhi,6,15.69,0.1,84.73,62.28,22.45,UPI,Corporate
ORD-02594,2025-05-18,CUST-0336,Electronics,Headphones,Central,Indore,5,443.52,0.0,2217.6,1324.33,893.27,Credit Card,Consumer
ORD-03629,2025-05-18,CUST-1184,Electronics,Monitor,West,Ahmedabad,5,346.86,0.1,1560.87,974.36,586.51,Debit Card,Consumer
ORD-01630,2025-05-18,CUST-0447,Office Supplies,Pen Set,East,Kolkata,5,48.53,0.0,242.65,182.41,60.24,Cash,Small Business
ORD-04723,2025-05-18,CUST-1153,Clothing,Backpack,East,Guwahati,8,50.42,0.1,363.02,281.77,81.25,Cash,Consumer
ORD-02921,2025-05-19,CUST-0239,Office Supplies,Stapler,South,Bengaluru,2,37.26,0.05,70.79,53.72,17.07,UPI,Corporate
ORD-04637,2025-05-19,CUST-0284,Furniture,Desk,East,Guwahati,6,276.68,0.15,1411.07,1110.6,300.47,Debit Card,Consumer
ORD-01368,2025-05-19,CUST-0553,Clothing,T-Shirt,East,Kolkata,7,29.6,0.15,176.12,139.49,36.63,Credit Card,Consumer
ORD-00008,2025-05-19,CUST-0289,Office Supplies,Notebook,West,Ahmedabad,3,27.29,0.1,73.68,57.77,15.91,UPI,Small Business
ORD-02745,2025-05-19,CUST-0919,Office Supplies,Notebook,West,Pune,7,45.84,0.0,320.88,199.44,121.44,Cash,Consumer
ORD-01845,2025-05-19,CUST-0139,Office Supplies,Calculator,South,Hyderabad,3,35.69,0.0,107.07,82.27,24.8,Debit Card,Corporate
ORD-02638,2025-05-19,CUST-0180,Electronics,Smartphone,West,Pune,5,608.19,0.0,3040.95,2091.95,949.0,Bank Transfer,Corporate
ORD-01415,2025-05-19,CUST-0945,Electronics,Headphones,North,Delhi,3,553.29,0.15,1410.89,909.62,501.27,UPI,Small Business
ORD-03485,2025-05-19,CUST-0513,Office Supplies,Printer Paper,Central,Bhopal,5,30.51,0.1,137.3,102.3,35.0,Debit Card,Corporate
ORD-00655,2025-05-19,CUST-0684,Home & Kitchen,Toaster,West,Mumbai,4,99.07,0.0,396.28,271.94,124.34,UPI,Consumer
ORD-04633,2025-05-19,CUST-0459,Furniture,Table,Central,Bhopal,8,140.81,0.05,1070.16,693.7,376.46,Cash,Consumer
ORD-01422,2025-05-19,CUST-0876,Office Supplies,Stapler,West,Mumbai,6,31.01,0.0,186.06,133.18,52.88,Credit Card,Consumer
ORD-00817,2025-05-20,CUST-0162,Office Supplies,Calculator,North,Jaipur,5,31.71,0.0,158.55,117.88,40.67,UPI,Consumer
ORD-02159,2025-05-20,CUST-0399,Furniture,Office Chair,South,Bengaluru,2,291.2,0.15,495.04,305.34,189.7,Credit Card,Consumer
ORD-02656,2025-05-20,CUST-0143,Electronics,Keyboard,Central,Indore,8,518.19,0.0,4145.52,2882.59,1262.93,UPI,Small Business
ORD-03074,2025-05-20,CUST-0373,Office Supplies,Calculator,West,Pune,5,43.56,0.1,196.02,116.81,79.21,Bank Transfer,Consumer
ORD-04819,2025-05-20,CUST-0765,Office Supplies,Pen Set,West,Pune,1,29.58,0.15,25.14,17.17,7.97,UPI,Consumer
ORD-00604,2025-05-20,CUST-0859,Furniture,Office Chair,West,Pune,5,252.12,0.0,1260.6,1061.36,199.24,UPI,Corporate
ORD-03279,2025-05-20,CUST-0462,Clothing,Sneakers,South,Chennai,6,36.41,0.0,218.46,165.07,53.39,Cash,Consumer
ORD-00478,2025-05-20,CUST-0636,Clothing,Backpack,East,Guwahati,1,43.47,0.05,41.3,27.19,14.11,UPI,Consumer
ORD-00019,2025-05-20,CUST-0816,Office Supplies,Printer Paper,North,Jaipur,5,37.27,0.0,186.35,126.3,60.05,Cash,Small Business
ORD-04276,2025-05-20,CUST-1080,Office Supplies,Calculator,East,Kolkata,4,43.05,0.05,163.59,126.97,36.62,UPI,Consumer
ORD-04814,2025-05-20,CUST-0581,Clothing,Backpack,Central,Nagpur,2,63.34,0.05,120.35,85.41,34.94,Bank Transfer,Small Business
ORD-00781,2025-05-20,CUST-1053,Electronics,Headphones,East,Bhubaneswar,8,446.2,0.05,3391.12,2541.12,850.0,UPI,Consumer
ORD-00922,2025-05-20,CUST-0480,Office Supplies,Notebook,East,Guwahati,7,47.49,0.15,282.57,233.88,48.69,Cash,Small Business
ORD-01775,2025-05-20,CUST-0211,Home & Kitchen,Toaster,West,Mumbai,6,97.49,0.0,584.94,469.14,115.8,UPI,Consumer
ORD-00457,2025-05-20,CUST-1082,Electronics,Headphones,North,Delhi,6,336.31,0.1,1816.07,1113.44,702.63,Credit Card,Consumer
ORD-04656,2025-05-20,CUST-0896,Home & Kitchen,Coffee Maker,West,Ahmedabad,7,171.96,0.0,1203.72,960.42,243.3,UPI,Consumer
ORD-00856,2025-05-21,CUST-0290,Home & Kitchen,Vacuum Cleaner,South,Chennai,4,78.98,0.0,315.92,194.89,121.03,Debit Card,Consumer
ORD-02289,2025-05-21,CUST-1062,Furniture,Cabinet,Central,Indore,4,244.62,0.0,978.48,593.5,384.98,Bank Transfer,Consumer
ORD-02405,2025-05-21,CUST-0187,Office Supplies,Printer Paper,Central,Nagpur,1,35.88,0.05,34.09,23.25,10.84,UPI,Corporate
ORD-02120,2025-05-21,CUST-0353,Electronics,Headphones,North,Chandigarh,6,342.76,0.0,2056.56,1302.54,754.02,UPI,Corporate
ORD-04319,2025-05-21,CUST-0361,Furniture,Cabinet,North,Delhi,5,224.6,0.0,1123.0,802.24,320.76,Debit Card,Corporate
ORD-01469,2025-05-21,CUST-0473,Office Supplies,Pen Set,South,Hyderabad,8,27.66,0.1,199.15,153.75,45.4,UPI,Small Business
ORD-00503,2025-05-21,CUST-0095,Electronics,Keyboard,South,Bengaluru,6,588.74,0.1,3179.2,2722.26,456.94,Bank Transfer,Small Business
ORD-02915,2025-05-21,CUST-0183,Electronics,Smartphone,North,Jaipur,5,497.92,0.1,2240.64,1786.98,453.66,Credit Card,Corporate
ORD-02969,2025-05-21,CUST-0568,Home & Kitchen,Toaster,South,Hyderabad,4,57.36,0.05,217.97,142.35,75.62,Cash,Corporate
ORD-02991,2025-05-21,CUST-0996,Electronics,Monitor,East,Guwahati,6,395.28,0.05,2253.1,1517.75,735.35,Bank Transfer,Consumer
ORD-00308,2025-05-21,CUST-0239,Electronics,Smartphone,South,Hyderabad,6,475.02,0.05,2707.61,1587.2,1120.41,Credit Card,Corporate
ORD-01914,2025-05-21,CUST-0750,Clothing,Sneakers,East,Kolkata,3,66.9,0.0,200.7,159.07,41.63,Debit Card,Consumer
ORD-03968,2025-05-21,CUST-1052,Furniture,Cabinet,Central,Bhopal,7,437.79,0.1,2758.08,2254.82,503.26,Credit Card,Consumer
ORD-02386,2025-05-21,CUST-0502,Office Supplies,Stapler,North,Chandigarh,6,35.54,0.05,202.58,170.94,31.64,UPI,Small Business
ORD-02956,2025-05-22,CUST-0346,Electronics,Laptop,East,Guwahati,7,265.4,0.0,1857.8,1556.95,300.85,Debit Card,Consumer
ORD-01031,2025-05-22,CUST-0522,Home & Kitchen,Cookware Set,East,Kolkata,4,126.56,0.15,430.3,258.82,171.48,UPI,Corporate
ORD-03727,2025-05-22,CUST-0035,Clothing,Backpack,North,Chandigarh,7,65.79,0.1,414.48,333.0,81.48,Credit Card,Consumer
ORD-02190,2025-05-22,CUST-0634,Furniture,Bookshelf,West,Pune,1,248.44,0.0,248.44,176.23,72.21,UPI,Small Business
ORD-02353,2025-05-22,CUST-0684,Clothing,Backpack,North,Jaipur,2,74.95,0.1,134.91,93.12,41.79,Debit Card,Consumer
ORD-00192,2025-05-22,CUST-1155,Office Supplies,Calculator,South,Chennai,1,25.1,0.05,23.84,20.37,3.47,UPI,Consumer
ORD-01048,2025-05-22,CUST-0008,Clothing,T-Shirt,West,Mumbai,6,61.92,0.0,371.52,271.3,100.22,Credit Card,Consumer
ORD-00917,2025-05-22,CUST-0913,Electronics,Keyboard,East,Guwahati,6,449.99,0.0,2699.94,1730.7,969.24,Debit Card,Consumer
ORD-00102,2025-05-22,CUST-0293,Clothing,T-Shirt,East,Kolkata,8,50.24,0.0,401.92,266.46,135.46,Credit Card,Consumer
ORD-00989,2025-05-22,CUST-0839,Office Supplies,Calculator,North,Chandigarh,5,31.42,0.05,149.24,101.62,47.62,Credit Card,Consumer
ORD-01385,2025-05-22,CUST-0410,Furniture,Desk,South,Chennai,1,337.28,0.05,320.42,234.62,85.8,Cash,Small Business
ORD-03771,2025-05-22,CUST-0577,Office Supplies,Printer Paper,North,Delhi,7,35.91,0.1,226.23,148.29,77.94,Debit Card,Consumer
ORD-03242,2025-05-22,CUST-0185,Office Supplies,Pen Set,Central,Indore,7,51.47,0.05,342.28,227.35,114.93,Cash,Consumer
ORD-01314,2025-05-23,CUST-0543,Office Supplies,Pen Set,South,Bengaluru,2,25.61,0.1,46.1,32.11,13.99,Credit Card,Small Business
ORD-00489,2025-05-23,CUST-0957,Home & Kitchen,Vacuum Cleaner,East,Guwahati,8,108.52,0.0,868.16,672.67,195.49,Credit Card,Consumer
ORD-00493,2025-05-23,CUST-1014,Home & Kitchen,Coffee Maker,East,Kolkata,6,94.11,0.0,564.66,359.68,204.98,Bank Transfer,Corporate
ORD-01871,2025-05-23,CUST-0530,Electronics,Laptop,East,Kolkata,8,522.85,0.1,3764.52,2292.15,1472.37,UPI,Small Business
ORD-01284,2025-05-23,CUST-0450,Office Supplies,Notebook,East,Guwahati,5,29.09,0.05,138.18,106.6,31.58,Debit Card,Small Business
ORD-01450,2025-05-23,CUST-0202,Home & Kitchen,Blender,South,Hyderabad,2,164.84,0.0,329.68,240.33,89.35,Bank Transfer,Consumer
ORD-01754,2025-05-23,CUST-1133,Clothing,Jacket,North,Jaipur,6,20.28,0.1,109.51,72.55,36.96,UPI,Corporate
ORD-04735,2025-05-23,CUST-0660,Office Supplies,Stapler,South,Hyderabad,7,24.7,0.05,164.26,102.2,62.06,UPI,Corporate
ORD-01956,2025-05-23,CUST-1129,Electronics,Keyboard,North,Jaipur,7,434.51,0.0,3041.57,2406.76,634.81,Cash,Consumer
ORD-01076,2025-05-23,CUST-0329,Home & Kitchen,Coffee Maker,North,Jaipur,5,135.11,0.1,608.0,435.84,172.16,UPI,Consumer
ORD-04333,2025-05-23,CUST-0494,Home & Kitchen,Blender,Central,Nagpur,6,50.96,0.2,244.61,165.13,79.48,Cash,Consumer
ORD-01774,2025-05-23,CUST-0037,Furniture,Bookshelf,North,Jaipur,4,339.39,0.05,1289.68,1030.67,259.01,UPI,Consumer
ORD-00816,2025-05-23,CUST-1125,Clothing,Jacket,East,Bhubaneswar,3,43.02,0.1,116.15,94.27,21.88,UPI,Corporate
ORD-04118,2025-05-23,CUST-0573,Clothing,Sneakers,West,Mumbai,2,67.47,0.05,128.19,93.35,34.84,Bank Transfer,Small Business
ORD-02917,2025-05-24,CUST-0413,Office Supplies,Printer Paper,North,Chandigarh,5,40.29,0.15,171.23,105.51,65.72,UPI,Consumer
ORD-04994,2025-05-24,CUST-0402,Office Supplies,Notebook,East,Guwahati,6,28.0,0.1,151.2,87.89,63.31,Credit Card,Consumer
ORD-04584,2025-05-24,CUST-0770,Home & Kitchen,Blender,South,Bengaluru,1,151.05,0.05,143.5,98.79,44.71,Credit Card,Consumer
ORD-01128,2025-05-24,CUST-0068,Furniture,Cabinet,South,Bengaluru,6,238.1,0.1,1285.74,1045.34,240.4,Debit Card,Consumer
ORD-00532,2025-05-24,CUST-0525,Electronics,Headphones,East,Kolkata,5,200.44,0.0,1002.2,782.12,220.08,UPI,Consumer
ORD-02570,2025-05-24,CUST-0809,Furniture,Office Chair,North,Delhi,6,268.25,0.0,1609.5,1202.86,406.64,Credit Card,Consumer
ORD-00332,2025-05-24,CUST-1069,Electronics,Laptop,West,Ahmedabad,6,427.0,0.1,2305.8,1473.74,832.06,Bank Transfer,Corporate
ORD-00155,2025-05-24,CUST-0364,Clothing,Sneakers,North,Chandigarh,6,51.99,0.0,311.94,267.61,44.33,Credit Card,Corporate
ORD-02825,2025-05-25,CUST-0438,Office Supplies,Printer Paper,Central,Indore,6,33.5,0.05,190.95,155.78,35.17,Credit Card,Corporate
ORD-04934,2025-05-25,CUST-0926,Home & Kitchen,Blender,South,Chennai,1,131.06,0.1,117.95,98.23,19.72,Bank Transfer,Consumer
ORD-04485,2025-05-25,CUST-1055,Home & Kitchen,Toaster,West,Mumbai,1,113.74,0.1,102.37,63.95,38.42,Cash,Corporate
ORD-04595,2025-05-25,CUST-0765,Electronics,Monitor,West,Mumbai,8,502.2,0.0,4017.6,2952.13,1065.47,Cash,Small Business
ORD-04894,2025-05-25,CUST-0249,Clothing,T-Shirt,East,Guwahati,5,46.65,0.05,221.59,168.07,53.52,UPI,Consumer
ORD-00049,2025-05-25,CUST-0390,Furniture,Table,East,Bhubaneswar,1,346.53,0.1,311.88,195.09,116.79,Bank Transfer,Corporate
ORD-00502,2025-05-25,CUST-0820,Office Supplies,Calculator,North,Delhi,5,32.1,0.0,160.5,101.57,58.93,UPI,Consumer
ORD-02138,2025-05-25,CUST-1053,Electronics,Smartphone,West,Pune,4,368.99,0.0,1475.96,1225.9,250.06,Debit Card,Consumer
ORD-01816,2025-05-25,CUST-0382,Home & Kitchen,Toaster,Central,Nagpur,3,109.67,0.15,279.66,182.7,96.96,UPI,Small Business
ORD-00761,2025-05-25,CUST-1059,Home & Kitchen,Coffee Maker,East,Guwahati,1,107.04,0.0,107.04,83.29,23.75,UPI,Corporate
ORD-03937,2025-05-25,CUST-0101,Furniture,Bookshelf,East,Kolkata,4,255.08,0.15,867.27,732.22,135.05,Cash,Consumer
ORD-04201,2025-05-25,CUST-0440,Furniture,Office Chair,West,Pune,3,186.45,0.15,475.45,337.09,138.36,Debit Card,Consumer
ORD-00234,2025-05-25,CUST-0064,Office Supplies,Calculator,West,Mumbai,5,32.5,0.05,154.38,99.39,54.99,UPI,Corporate
ORD-00063,2025-05-25,CUST-0111,Home & Kitchen,Coffee Maker,West,Mumbai,5,170.61,0.1,767.75,552.45,215.3,UPI,Corporate
ORD-04990,2025-05-25,CUST-0678,Furniture,Bookshelf,North,Jaipur,1,299.83,0.0,299.83,207.8,92.03,UPI,Small Business
ORD-03168,2025-05-25,CUST-0428,Home & Kitchen,Blender,Central,Nagpur,8,159.03,0.0,1272.24,1071.57,200.67,Credit Card,Consumer
ORD-04922,2025-05-26,CUST-0347,Furniture,Bookshelf,East,Bhubaneswar,8,292.99,0.1,2109.53,1679.5,430.03,UPI,Consumer
ORD-03871,2025-05-26,CUST-0641,Electronics,Headphones,Central,Indore,1,350.07,0.0,350.07,280.56,69.51,Bank Transfer,Consumer
ORD-00996,2025-05-26,CUST-0468,Office Supplies,Notebook,North,Chandigarh,1,38.54,0.05,36.61,29.63,6.98,Debit Card,Consumer
ORD-04188,2025-05-26,CUST-0300,Office Supplies,Printer Paper,South,Chennai,6,37.09,0.05,211.41,137.36,74.05,Cash,Corporate
ORD-00962,2025-05-26,CUST-0816,Home & Kitchen,Blender,North,Delhi,5,179.56,0.0,897.8,525.39,372.41,UPI,Corporate
ORD-01579,2025-05-26,CUST-1105,Furniture,Office Chair,South,Hyderabad,4,333.66,0.0,1334.64,979.14,355.5,Bank Transfer,Corporate
ORD-01322,2025-05-26,CUST-0765,Clothing,Backpack,North,Chandigarh,5,46.09,0.15,195.88,154.03,41.85,Cash,Consumer
ORD-04055,2025-05-26,CUST-0354,Clothing,T-Shirt,East,Kolkata,6,39.25,0.15,200.18,122.28,77.9,Credit Card,Consumer
ORD-04277,2025-05-26,CUST-0108,Home & Kitchen,Cookware Set,East,Bhubaneswar,8,159.51,0.1,1148.47,916.3,232.17,UPI,Consumer
ORD-04939,2025-05-26,CUST-0629,Office Supplies,Pen Set,South,Hyderabad,7,28.12,0.05,187.0,122.34,64.66,Cash,Consumer
ORD-04125,2025-05-26,CUST-0690,Office Supplies,Printer Paper,North,Delhi,4,37.14,0.0,148.56,89.64,58.92,Credit Card,Corporate
ORD-01414,2025-05-26,CUST-0239,Clothing,Backpack,North,Jaipur,2,58.83,0.0,117.66,97.27,20.39,Debit Card,Corporate
ORD-03118,2025-05-26,CUST-1098,Furniture,Bookshelf,North,Chandigarh,6,170.86,0.05,973.9,776.43,197.47,UPI,Consumer
ORD-04652,2025-05-26,CUST-1098,Home & Kitchen,Blender,West,Mumbai,2,110.26,0.05,209.49,133.61,75.88,Credit Card,Corporate
ORD-02441,2025-05-26,CUST-1036,Home & Kitchen,Cookware Set,South,Bengaluru,8,85.85,0.0,686.8,558.98,127.82,Credit Card,Corporate
ORD-03310,2025-05-26,CUST-1101,Clothing,Sneakers,West,Mumbai,1,40.27,0.0,40.27,28.21,12.06,UPI,Consumer
ORD-00090,2025-05-26,CUST-0934,Electronics,Headphones,East,Bhubaneswar,8,568.93,0.0,4551.44,3374.55,1176.89,Credit Card,Consumer
ORD-03044,2025-05-27,CUST-0017,Home & Kitchen,Toaster,North,Chandigarh,3,187.93,0.0,563.79,425.02,138.77,UPI,Consumer
ORD-03336,2025-05-27,CUST-0458,Office Supplies,Printer Paper,East,Guwahati,2,24.64,0.1,44.35,29.63,14.72,UPI,Consumer
ORD-00842,2025-05-27,CUST-0293,Home & Kitchen,Vacuum Cleaner,North,Delhi,4,141.96,0.05,539.45,318.65,220.8,UPI,Consumer
ORD-01614,2025-05-27,CUST-0365,Electronics,Monitor,West,Ahmedabad,2,438.6,0.1,789.48,538.92,250.56,Cash,Corporate
ORD-01444,2025-05-27,CUST-0502,Electronics,Headphones,South,Hyderabad,2,415.91,0.05,790.23,475.76,314.47,UPI,Small Business
ORD-04462,2025-05-27,CUST-0491,Office Supplies,Notebook,Central,Bhopal,3,29.65,0.05,84.5,57.64,26.86,Credit Card,Consumer
ORD-03446,2025-05-27,CUST-0811,Electronics,Laptop,East,Guwahati,7,223.18,0.0,1562.26,1014.12,548.14,UPI,Consumer
ORD-00117,2025-05-27,CUST-1186,Clothing,Backpack,East,Bhubaneswar,1,32.3,0.0,32.3,25.29,7.01,Credit Card,Consumer
ORD-04815,2025-05-27,CUST-0884,Furniture,Cabinet,Central,Indore,3,377.22,0.15,961.91,796.57,165.34,Bank Transfer,Consumer
ORD-04253,2025-05-27,CUST-1016,Electronics,Monitor,Central,Nagpur,1,445.28,0.1,400.75,334.43,66.32,Bank Transfer,Consumer
ORD-04263,2025-05-27,CUST-0232,Electronics,Monitor,North,Chandigarh,6,510.36,0.2,2449.73,1583.82,865.91,Debit Card,Consumer
ORD-04887,2025-05-28,CUST-0219,Office Supplies,Pen Set,North,Jaipur,5,36.15,0.0,180.75,121.22,59.53,Cash,Small Business
ORD-02113,2025-05-28,CUST-0004,Office Supplies,Printer Paper,East,Guwahati,2,18.79,0.15,31.94,25.42,6.52,UPI,Consumer
ORD-04021,2025-05-28,CUST-0852,Electronics,Monitor,West,Mumbai,2,740.92,0.15,1259.56,1006.09,253.47,UPI,Small Business
ORD-04564,2025-05-28,CUST-0497,Electronics,Laptop,West,Mumbai,7,534.68,0.0,3742.76,3197.56,545.2,Debit Card,Consumer
ORD-02503,2025-05-28,CUST-0124,Electronics,Monitor,West,Ahmedabad,2,203.18,0.05,386.04,273.42,112.62,Credit Card,Consumer
ORD-03050,2025-05-28,CUST-0990,Office Supplies,Stapler,West,Pune,4,30.27,0.15,102.92,84.7,18.22,Debit Card,Small Business
ORD-03815,2025-05-28,CUST-0824,Home & Kitchen,Cookware Set,North,Delhi,1,142.33,0.15,120.98,101.7,19.28,Cash,Consumer
ORD-02066,2025-05-28,CUST-0160,Electronics,Laptop,Central,Bhopal,6,284.18,0.05,1619.83,1220.86,398.97,UPI,Small Business
ORD-04059,2025-05-28,CUST-0713,Electronics,Headphones,Central,Bhopal,7,435.89,0.0,3051.23,1912.28,1138.95,Bank Transfer,Consumer
ORD-02518,2025-05-28,CUST-1059,Clothing,Jacket,South,Hyderabad,8,76.48,0.05,581.25,449.64,131.61,UPI,Corporate
ORD-02115,2025-05-28,CUST-0451,Home & Kitchen,Coffee Maker,Central,Bhopal,3,128.5,0.15,327.68,218.71,108.97,UPI,Consumer
ORD-02382,2025-05-29,CUST-0328,Electronics,Keyboard,North,Chandigarh,8,340.34,0.0,2722.72,1775.44,947.28,Credit Card,Consumer
ORD-02670,2025-05-29,CUST-0376,Home & Kitchen,Vacuum Cleaner,South,Hyderabad,6,166.65,0.1,899.91,760.43,139.48,UPI,Small Business
ORD-01528,2025-05-29,CUST-0246,Electronics,Keyboard,East,Bhubaneswar,2,522.86,0.1,941.15,641.12,300.03,Credit Card,Consumer
ORD-01141,2025-05-29,CUST-0234,Clothing,Sneakers,East,Kolkata,5,74.31,0.0,371.55,240.94,130.61,Cash,Corporate
ORD-02583,2025-05-29,CUST-0960,Office Supplies,Pen Set,West,Mumbai,2,26.77,0.0,53.54,38.18,15.36,UPI,Corporate
ORD-02385,2025-05-29,CUST-1087,Electronics,Laptop,South,Hyderabad,8,434.85,0.0,3478.8,2076.98,1401.82,Bank Transfer,Consumer
ORD-04615,2025-05-29,CUST-0777,Electronics,Monitor,East,Guwahati,4,613.77,0.0,2455.08,1995.23,459.85,Debit Card,Consumer
ORD-04975,2025-05-29,CUST-0402,Furniture,Desk,South,Bengaluru,7,278.66,0.05,1853.09,1356.06,497.03,Credit Card,Consumer
ORD-03094,2025-05-29,CUST-0473,Office Supplies,Calculator,West,Pune,1,39.39,0.0,39.39,31.39,8.0,UPI,Small Business
ORD-00392,2025-05-29,CUST-0710,Furniture,Cabinet,East,Guwahati,8,300.87,0.0,2406.96,1694.17,712.79,UPI,Small Business
ORD-02348,2025-05-29,CUST-0974,Office Supplies,Stapler,North,Jaipur,8,26.48,0.0,211.84,145.61,66.23,Cash,Corporate
ORD-01653,2025-05-29,CUST-1029,Home & Kitchen,Vacuum Cleaner,East,Bhubaneswar,2,124.75,0.05,237.02,184.23,52.79,Bank Transfer,Consumer
ORD-02024,2025-05-29,CUST-0611,Clothing,Jacket,Central,Indore,8,47.32,0.1,340.7,208.11,132.59,UPI,Small Business
ORD-02657,2025-05-29,CUST-0531,Furniture,Bookshelf,West,Mumbai,1,301.0,0.05,285.95,173.55,112.4,Cash,Corporate
ORD-02280,2025-05-29,CUST-0580,Office Supplies,Pen Set,West,Ahmedabad,7,40.07,0.1,252.44,207.85,44.59,Cash,Small Business
ORD-02981,2025-05-29,CUST-0042,Electronics,Monitor,South,Hyderabad,2,425.46,0.05,808.37,560.91,247.46,UPI,Consumer
ORD-04772,2025-05-29,CUST-1198,Furniture,Office Chair,South,Bengaluru,7,244.15,0.2,1367.24,946.41,420.83,UPI,Small Business
ORD-04011,2025-05-30,CUST-0801,Office Supplies,Notebook,West,Pune,2,27.19,0.0,54.38,35.94,18.44,UPI,Consumer
ORD-00697,2025-05-30,CUST-0680,Clothing,T-Shirt,Central,Indore,7,65.68,0.05,436.77,319.44,117.33,Debit Card,Consumer
ORD-03295,2025-05-30,CUST-0486,Furniture,Office Chair,West,Mumbai,6,359.76,0.0,2158.56,1550.11,608.45,Credit Card,Consumer
ORD-04555,2025-05-30,CUST-0504,Office Supplies,Calculator,East,Kolkata,1,46.15,0.1,41.54,34.34,7.2,Credit Card,Consumer
ORD-01709,2025-05-30,CUST-0097,Electronics,Smartphone,Central,Indore,5,540.71,0.1,2433.2,1876.02,557.18,Bank Transfer,Small Business
ORD-03714,2025-05-30,CUST-0337,Clothing,Sneakers,East,Kolkata,1,42.05,0.15,35.74,26.3,9.44,UPI,Corporate
ORD-04854,2025-05-30,CUST-0575,Electronics,Smartphone,South,Chennai,3,497.89,0.1,1344.3,1026.99,317.31,UPI,Consumer
ORD-04058,2025-05-30,CUST-0383,Office Supplies,Pen Set,South,Hyderabad,6,34.29,0.0,205.74,154.76,50.98,Debit Card,Small Business
ORD-00304,2025-05-30,CUST-0465,Electronics,Headphones,East,Guwahati,1,296.62,0.15,252.13,194.02,58.11,Debit Card,Consumer
ORD-03116,2025-05-30,CUST-0041,Office Supplies,Stapler,North,Jaipur,7,36.2,0.0,253.4,198.11,55.29,UPI,Corporate
ORD-03934,2025-05-30,CUST-0174,Electronics,Smartphone,South,Bengaluru,6,399.44,0.1,2156.98,1265.54,891.44,UPI,Small Business
ORD-00490,2025-05-31,CUST-0068,Office Supplies,Calculator,North,Chandigarh,3,25.9,0.0,77.7,61.8,15.9,Cash,Small Business
ORD-02647,2025-05-31,CUST-0358,Office Supplies,Pen Set,East,Guwahati,4,32.34,0.15,109.96,89.65,20.31,UPI,Consumer
ORD-04096,2025-05-31,CUST-0289,Furniture,Table,West,Ahmedabad,8,237.74,0.05,1806.82,1513.29,293.53,UPI,Consumer
ORD-03820,2025-05-31,CUST-0677,Electronics,Keyboard,West,Pune,3,333.04,0.1,899.21,604.8,294.41,Cash,Small Business
ORD-00585,2025-05-31,CUST-0968,Home & Kitchen,Toaster,West,Pune,5,77.64,0.05,368.79,280.97,87.82,UPI,Consumer
ORD-04246,2025-05-31,CUST-0595,Office Supplies,Stapler,West,Pune,5,38.62,0.0,193.1,112.24,80.86,Credit Card,Consumer
ORD-01445,2025-05-31,CUST-0767,Furniture,Office Chair,West,Ahmedabad,2,492.04,0.05,934.88,718.59,216.29,Credit Card,Small Business
ORD-01599,2025-05-31,CUST-0512,Office Supplies,Calculator,North,Jaipur,8,28.47,0.15,193.6,149.07,44.53,Debit Card,Consumer
ORD-04695,2025-05-31,CUST-0165,Furniture,Office Chair,East,Guwahati,7,276.09,0.0,1932.63,1325.81,606.82,UPI,Consumer
ORD-00018,2025-05-31,CUST-0144,Home & Kitchen,Coffee Maker,North,Chandigarh,7,104.9,0.15,624.16,407.09,217.07,Cash,Corporate
ORD-02474,2025-05-31,CUST-0541,Home & Kitchen,Vacuum Cleaner,East,Guwahati,4,165.17,0.0,660.68,405.04,255.64,Credit Card,Small Business
ORD-04976,2025-05-31,CUST-0458,Home & Kitchen,Vacuum Cleaner,Central,Bhopal,7,122.28,0.0,855.96,637.96,218.0,Debit Card,Small Business
ORD-03877,2025-05-31,CUST-0229,Office Supplies,Stapler,West,Pune,6,33.14,0.05,188.9,141.04,47.86,UPI,Consumer
ORD-01211,2025-05-31,CUST-0067,Electronics,Keyboard,West,Ahmedabad,4,401.42,0.05,1525.4,1013.12,512.28,Credit Card,Corporate
ORD-03282,2025-05-31,CUST-1009,Office Supplies,Printer Paper,West,Pune,4,32.42,0.1,116.71,75.45,41.26,Credit Card,Consumer
ORD-02946,2025-05-31,CUST-0128,Office Supplies,Calculator,Central,Bhopal,6,33.62,0.0,201.72,135.95,65.77,Credit Card,Small Business
ORD-00378,2025-05-31,CUST-1148,Furniture,Table,Central,Indore,8,325.85,0.0,2606.8,1995.72,611.08,Cash,Corporate
ORD-01950,2025-05-31,CUST-0196,Furniture,Bookshelf,Central,Nagpur,4,285.07,0.05,1083.27,883.69,199.58,Debit Card,Corporate
ORD-01351,2025-06-01,CUST-0633,Office Supplies,Pen Set,North,Delhi,6,43.53,0.1,235.06,185.07,49.99,Bank Transfer,Small Business
ORD-00438,2025-06-01,CUST-0899,Clothing,T-Shirt,North,Jaipur,3,53.53,0.05,152.56,93.61,58.95,Credit Card,Consumer
ORD-00307,2025-06-01,CUST-0195,Electronics,Monitor,East,Bhubaneswar,8,445.61,0.1,3208.39,2643.75,564.64,UPI,Corporate
ORD-03842,2025-06-01,CUST-0762,Electronics,Keyboard,East,Bhubaneswar,5,327.57,0.15,1392.17,833.63,558.54,Cash,Small Business
ORD-04872,2025-06-01,CUST-0181,Furniture,Table,East,Bhubaneswar,4,281.43,0.1,1013.15,827.54,185.61,Bank Transfer,Consumer
ORD-01227,2025-06-01,CUST-0754,Home & Kitchen,Blender,South,Hyderabad,2,109.85,0.0,219.7,187.36,32.34,Cash,Small Business
ORD-01476,2025-06-01,CUST-0907,Home & Kitchen,Blender,South,Chennai,8,109.08,0.0,872.64,650.4,222.24,Cash,Corporate
ORD-04736,2025-06-01,CUST-0782,Electronics,Laptop,West,Ahmedabad,1,529.5,0.0,529.5,387.29,142.21,Bank Transfer,Consumer
ORD-00658,2025-06-01,CUST-0624,Office Supplies,Stapler,North,Delhi,6,34.35,0.0,206.1,160.56,45.54,Cash,Consumer
ORD-01050,2025-06-01,CUST-1133,Office Supplies,Notebook,West,Mumbai,4,33.03,0.05,125.51,105.67,19.84,UPI,Corporate
ORD-04859,2025-06-01,CUST-0233,Home & Kitchen,Toaster,North,Delhi,4,144.25,0.1,519.3,391.79,127.51,Credit Card,Small Business
ORD-02477,2025-06-01,CUST-1100,Office Supplies,Calculator,East,Guwahati,5,26.08,0.15,110.84,86.4,24.44,UPI,Small Business
ORD-02118,2025-06-02,CUST-0402,Electronics,Headphones,Central,Nagpur,1,338.66,0.0,338.66,290.64,48.02,Debit Card,Consumer
ORD-02989,2025-06-02,CUST-1032,Furniture,Cabinet,North,Delhi,1,277.52,0.0,277.52,237.64,39.88,Debit Card,Consumer
ORD-01040,2025-06-02,CUST-0178,Office Supplies,Pen Set,East,Bhubaneswar,3,36.44,0.05,103.85,79.88,23.97,Debit Card,Consumer
ORD-01177,2025-06-02,CUST-0961,Electronics,Keyboard,West,Ahmedabad,6,318.59,0.0,1911.54,1473.46,438.08,Credit Card,Consumer
ORD-02610,2025-06-02,CUST-0152,Furniture,Office Chair,South,Chennai,2,366.75,0.0,733.5,573.33,160.17,Credit Card,Corporate
ORD-01410,2025-06-02,CUST-0694,Office Supplies,Stapler,Central,Bhopal,7,40.75,0.0,285.25,201.81,83.44,Bank Transfer,Consumer
ORD-04060,2025-06-02,CUST-0574,Furniture,Desk,North,Jaipur,1,191.53,0.05,181.95,139.57,42.38,UPI,Consumer
ORD-02566,2025-06-02,CUST-0342,Electronics,Headphones,South,Chennai,7,443.46,0.1,2793.8,1913.39,880.41,Bank Transfer,Consumer
ORD-04202,2025-06-02,CUST-0001,Office Supplies,Pen Set,West,Pune,4,39.24,0.15,133.42,87.36,46.06,Debit Card,Consumer
ORD-02761,2025-06-02,CUST-0367,Home & Kitchen,Toaster,North,Chandigarh,4,159.71,0.0,638.84,516.42,122.42,Bank Transfer,Consumer
ORD-04095,2025-06-02,CUST-0764,Office Supplies,Calculator,South,Hyderabad,1,45.83,0.0,45.83,34.61,11.22,Bank Transfer,Corporate
ORD-01602,2025-06-02,CUST-0310,Furniture,Desk,West,Pune,4,278.13,0.15,945.64,676.49,269.15,Credit Card,Consumer
ORD-02751,2025-06-02,CUST-0620,Clothing,Jeans,North,Delhi,8,48.12,0.0,384.96,314.11,70.85,Cash,Consumer
ORD-04467,2025-06-02,CUST-0135,Office Supplies,Printer Paper,West,Mumbai,1,45.08,0.1,40.57,30.81,9.76,UPI,Small Business
ORD-02308,2025-06-03,CUST-1002,Clothing,T-Shirt,South,Hyderabad,8,54.52,0.05,414.35,309.99,104.36,Bank Transfer,Corporate
ORD-02034,2025-06-03,CUST-0066,Home & Kitchen,Coffee Maker,North,Delhi,4,140.79,0.15,478.69,343.27,135.42,Debit Card,Consumer
ORD-00981,2025-06-03,CUST-0745,Office Supplies,Pen Set,South,Bengaluru,3,40.97,0.1,110.62,72.03,38.59,Debit Card,Consumer
ORD-01840,2025-06-03,CUST-0573,Electronics,Smartphone,South,Hyderabad,3,430.11,0.05,1225.81,714.66,511.15,Bank Transfer,Corporate
ORD-04179,2025-06-03,CUST-0006,Electronics,Headphones,West,Mumbai,7,342.69,0.0,2398.83,1656.24,742.59,UPI,Small Business
ORD-03221,2025-06-03,CUST-0769,Electronics,Monitor,Central,Indore,3,400.95,0.05,1142.71,862.39,280.32,Cash,Corporate
ORD-02193,2025-06-03,CUST-0452,Electronics,Keyboard,North,Chandigarh,7,473.75,0.0,3316.25,1941.99,1374.26,UPI,Corporate
ORD-04175,2025-06-03,CUST-0047,Office Supplies,Notebook,West,Mumbai,3,22.38,0.05,63.78,44.14,19.64,Cash,Small Business
ORD-04511,2025-06-03,CUST-1044,Clothing,Jeans,North,Delhi,5,51.97,0.05,246.86,205.14,41.72,Credit Card,Small Business
ORD-04722,2025-06-03,CUST-0881,Electronics,Headphones,North,Delhi,4,387.93,0.05,1474.13,1061.91,412.22,Debit Card,Small Business
ORD-00148,2025-06-03,CUST-0531,Office Supplies,Calculator,South,Bengaluru,3,39.75,0.1,107.32,70.5,36.82,Bank Transfer,Corporate
ORD-04360,2025-06-03,CUST-0814,Office Supplies,Stapler,West,Pune,3,31.33,0.1,84.59,51.95,32.64,Debit Card,Consumer
ORD-04362,2025-06-03,CUST-0466,Furniture,Desk,East,Bhubaneswar,6,233.83,0.05,1332.83,1143.08,189.75,Bank Transfer,Corporate
ORD-00863,2025-06-03,CUST-0762,Furniture,Table,North,Chandigarh,7,265.04,0.1,1669.75,1157.76,511.99,UPI,Consumer
ORD-00203,2025-06-03,CUST-0646,Electronics,Keyboard,North,Jaipur,6,483.01,0.0,2898.06,1921.46,976.6,UPI,Consumer
ORD-04960,2025-06-03,CUST-0226,Furniture,Office Chair,Central,Nagpur,8,326.94,0.0,2615.52,1815.8,799.72,UPI,Corporate
ORD-01346,2025-06-03,CUST-0839,Home & Kitchen,Toaster,East,Kolkata,1,112.27,0.05,106.66,84.87,21.79,UPI,Corporate
ORD-00110,2025-06-04,CUST-0557,Clothing,Jeans,West,Ahmedabad,6,64.58,0.0,387.48,320.39,67.09,Bank Transfer,Consumer
ORD-04325,2025-06-04,CUST-1086,Furniture,Bookshelf,East,Kolkata,6,162.38,0.15,828.14,506.53,321.61,Credit Card,Consumer
ORD-02147,2025-06-04,CUST-0766,Clothing,Backpack,West,Ahmedabad,7,62.44,0.15,371.52,261.62,109.9,Credit Card,Consumer
ORD-04768,2025-06-04,CUST-0867,Electronics,Headphones,South,Bengaluru,3,379.67,0.15,968.16,686.77,281.39,UPI,Consumer
ORD-04755,2025-06-04,CUST-0002,Office Supplies,Printer Paper,West,Ahmedabad,8,31.85,0.05,242.06,164.27,77.79,Credit Card,Consumer
ORD-00229,2025-06-04,CUST-0125,Office Supplies,Calculator,West,Pune,6,34.23,0.0,205.38,120.46,84.92,UPI,Consumer
ORD-04598,2025-06-04,CUST-0134,Clothing,Sneakers,West,Ahmedabad,1,99.98,0.0,99.98,62.81,37.17,UPI,Corporate
ORD-00026,2025-06-04,CUST-0246,Clothing,Jeans,South,Hyderabad,2,51.05,0.15,86.78,68.33,18.45,Debit Card,Consumer
ORD-01454,2025-06-04,CUST-0186,Home & Kitchen,Cookware Set,South,Chennai,8,111.35,0.2,712.64,511.67,200.97,UPI,Consumer
ORD-00328,2025-06-04,CUST-1099,Office Supplies,Pen Set,Central,Indore,7,54.43,0.15,323.86,197.82,126.04,Credit Card,Consumer
ORD-04861,2025-06-04,CUST-0402,Clothing,Sneakers,West,Mumbai,3,67.14,0.0,201.42,147.63,53.79,UPI,Consumer
ORD-00968,2025-06-04,CUST-0993,Office Supplies,Notebook,West,Pune,5,34.59,0.15,147.01,123.61,23.4,Bank Transfer,Corporate
ORD-01691,2025-06-04,CUST-1127,Furniture,Table,West,Mumbai,3,240.49,0.1,649.32,474.62,174.7,UPI,Consumer
ORD-04461,2025-06-04,CUST-0802,Home & Kitchen,Blender,East,Kolkata,8,127.62,0.0,1020.96,801.76,219.2,UPI,Consumer
ORD-03822,2025-06-04,CUST-0045,Electronics,Smartphone,North,Jaipur,4,374.33,0.05,1422.45,1006.53,415.92,Debit Card,Consumer
ORD-02077,2025-06-04,CUST-0329,Furniture,Table,Central,Indore,5,312.38,0.15,1327.62,829.95,497.67,Debit Card,Corporate
ORD-00821,2025-06-05,CUST-0102,Electronics,Laptop,West,Pune,2,323.87,0.0,647.74,489.5,158.24,Credit Card,Consumer
ORD-03953,2025-06-05,CUST-0617,Office Supplies,Printer Paper,South,Bengaluru,6,56.77,0.0,340.62,212.91,127.71,Cash,Small Business
ORD-02145,2025-06-05,CUST-0320,Electronics,Smartphone,North,Delhi,4,551.06,0.15,1873.6,1323.75,549.85,Cash,Consumer
ORD-00351,2025-06-05,CUST-1143,Furniture,Desk,East,Guwahati,3,390.47,0.0,1171.41,957.59,213.82,UPI,Consumer
ORD-04147,2025-06-05,CUST-0459,Home & Kitchen,Blender,East,Kolkata,8,143.34,0.05,1089.38,652.09,437.29,Bank Transfer,Small Business
ORD-00680,2025-06-05,CUST-0925,Clothing,Jacket,South,Bengaluru,6,51.87,0.1,280.1,178.97,101.13,Credit Card,Consumer
ORD-04581,2025-06-05,CUST-0924,Home & Kitchen,Coffee Maker,East,Guwahati,1,98.29,0.05,93.38,70.45,22.93,Credit Card,Consumer
ORD-04655,2025-06-05,CUST-0480,Home & Kitchen,Cookware Set,West,Mumbai,8,87.18,0.0,697.44,405.05,292.39,UPI,Consumer
ORD-00268,2025-06-05,CUST-0170,Electronics,Smartphone,West,Mumbai,2,304.51,0.15,517.67,306.92,210.75,Debit Card,Small Business
ORD-03863,2025-06-05,CUST-1065,Office Supplies,Pen Set,South,Hyderabad,1,32.03,0.0,32.03,25.22,6.81,Credit Card,Consumer
ORD-02665,2025-06-05,CUST-0028,Electronics,Headphones,West,Ahmedabad,2,509.28,0.0,1018.56,767.63,250.93,UPI,Consumer
ORD-01146,2025-06-05,CUST-0645,Electronics,Monitor,East,Bhubaneswar,2,491.23,0.15,835.09,628.27,206.82,UPI,Consumer
ORD-02655,2025-06-05,CUST-0671,Clothing,Jacket,South,Bengaluru,1,55.3,0.0,55.3,32.3,23.0,Bank Transfer,Consumer
ORD-04489,2025-06-05,CUST-0627,Office Supplies,Stapler,Central,Bhopal,8,38.77,0.1,279.14,225.31,53.83,Credit Card,Small Business
ORD-00256,2025-06-05,CUST-0698,Office Supplies,Notebook,West,Ahmedabad,8,45.46,0.1,327.31,237.61,89.7,Bank Transfer,Corporate
ORD-03922,2025-06-05,CUST-0934,Home & Kitchen,Cookware Set,East,Bhubaneswar,8,132.47,0.1,953.78,640.64,313.14,UPI,Consumer
ORD-03501,2025-06-05,CUST-0261,Electronics,Headphones,South,Chennai,5,385.42,0.15,1638.04,1049.47,588.57,Credit Card,Small Business
ORD-02209,2025-06-05,CUST-1064,Office Supplies,Pen Set,East,Guwahati,2,27.16,0.1,48.89,39.55,9.34,UPI,Consumer
ORD-00884,2025-06-05,CUST-0876,Electronics,Smartphone,North,Jaipur,5,375.93,0.1,1691.69,1376.93,314.76,Credit Card,Corporate
ORD-02434,2025-06-06,CUST-0186,Electronics,Laptop,Central,Nagpur,4,471.94,0.05,1793.37,1312.4,480.97,Debit Card,Consumer
ORD-04513,2025-06-06,CUST-1194,Office Supplies,Calculator,South,Chennai,7,45.9,0.0,321.3,195.76,125.54,Cash,Consumer
ORD-01406,2025-06-06,CUST-0461,Electronics,Smartphone,West,Ahmedabad,1,644.44,0.15,547.77,376.91,170.86,UPI,Small Business
ORD-01364,2025-06-06,CUST-0974,Home & Kitchen,Toaster,Central,Nagpur,7,123.71,0.15,736.07,434.29,301.78,Bank Transfer,Small Business
ORD-00075,2025-06-06,CUST-0095,Clothing,Sneakers,Central,Nagpur,8,53.59,0.1,385.85,301.58,84.27,UPI,Corporate
ORD-02204,2025-06-06,CUST-0595,Home & Kitchen,Blender,South,Bengaluru,1,136.24,0.05,129.43,83.43,46.0,Cash,Consumer
ORD-04713,2025-06-06,CUST-1144,Home & Kitchen,Coffee Maker,South,Hyderabad,7,66.94,0.15,398.29,311.93,86.36,Credit Card,Small Business
ORD-00661,2025-06-06,CUST-0662,Electronics,Laptop,West,Ahmedabad,7,279.36,0.0,1955.52,1502.31,453.21,UPI,Small Business
ORD-03212,2025-06-06,CUST-0952,Furniture,Desk,North,Chandigarh,4,237.86,0.0,951.44,739.38,212.06,Credit Card,Consumer
ORD-01244,2025-06-06,CUST-1101,Home & Kitchen,Toaster,North,Jaipur,8,103.28,0.05,784.93,593.01,191.92,Bank Transfer,Consumer
ORD-02014,2025-06-06,CUST-0739,Electronics,Keyboard,East,Kolkata,5,542.43,0.0,2712.15,2009.27,702.88,UPI,Consumer
ORD-02076,2025-06-06,CUST-0709,Office Supplies,Pen Set,West,Pune,1,40.31,0.05,38.29,28.69,9.6,UPI,Consumer
ORD-03845,2025-06-06,CUST-0869,Electronics,Smartphone,East,Kolkata,1,297.5,0.0,297.5,201.85,95.65,Credit Card,Consumer
ORD-02091,2025-06-06,CUST-0080,Office Supplies,Calculator,West,Mumbai,4,39.76,0.15,135.18,80.62,54.56,Credit Card,Corporate
ORD-00991,2025-06-06,CUST-0500,Clothing,T-Shirt,East,Guwahati,7,62.57,0.0,437.99,284.26,153.73,Cash,Corporate
ORD-01985,2025-06-06,CUST-0462,Home & Kitchen,Coffee Maker,East,Guwahati,8,98.3,0.05,747.08,463.64,283.44,UPI,Small Business
ORD-00461,2025-06-07,CUST-0056,Home & Kitchen,Coffee Maker,South,Chennai,4,72.9,0.05,277.02,235.74,41.28,UPI,Consumer
ORD-01367,2025-06-07,CUST-0799,Electronics,Laptop,Central,Bhopal,4,377.76,0.1,1359.94,1132.32,227.62,Credit Card,Consumer
ORD-00356,2025-06-07,CUST-0628,Furniture,Office Chair,North,Jaipur,3,272.02,0.0,816.06,571.56,244.5,Credit Card,Corporate
ORD-01714,2025-06-07,CUST-0633,Office Supplies,Stapler,South,Chennai,8,32.65,0.1,235.08,157.81,77.27,Credit Card,Consumer
ORD-01029,2025-06-07,CUST-0330,Electronics,Headphones,South,Bengaluru,2,400.92,0.1,721.66,449.46,272.2,Credit Card,Consumer
ORD-01430,2025-06-07,CUST-1142,Furniture,Cabinet,North,Delhi,8,90.47,0.15,615.2,391.65,223.55,Credit Card,Consumer
ORD-01260,2025-06-07,CUST-0308,Office Supplies,Printer Paper,North,Jaipur,2,27.83,0.0,55.66,45.81,9.85,Credit Card,Consumer
ORD-01404,2025-06-07,CUST-0327,Electronics,Smartphone,North,Jaipur,5,436.79,0.0,2183.95,1424.2,759.75,Bank Transfer,Consumer
ORD-00111,2025-06-07,CUST-0295,Clothing,Jeans,East,Kolkata,7,65.53,0.15,389.9,281.54,108.36,Credit Card,Consumer
ORD-00383,2025-06-08,CUST-0288,Home & Kitchen,Cookware Set,South,Chennai,8,121.31,0.1,873.43,747.52,125.91,UPI,Consumer
ORD-03283,2025-06-08,CUST-0207,Office Supplies,Calculator,West,Mumbai,8,30.45,0.15,207.06,128.95,78.11,Debit Card,Consumer
ORD-01879,2025-06-08,CUST-0242,Home & Kitchen,Toaster,South,Hyderabad,6,126.44,0.0,758.64,572.53,186.11,Bank Transfer,Corporate
ORD-04018,2025-06-08,CUST-0009,Office Supplies,Stapler,North,Chandigarh,4,21.09,0.1,75.92,49.09,26.83,Bank Transfer,Consumer
ORD-04210,2025-06-08,CUST-0220,Furniture,Cabinet,Central,Indore,1,232.94,0.05,221.29,131.41,89.88,Credit Card,Consumer
ORD-02456,2025-06-08,CUST-0476,Office Supplies,Pen Set,West,Pune,1,22.6,0.0,22.6,16.34,6.26,Credit Card,Consumer
ORD-02351,2025-06-08,CUST-0604,Office Supplies,Notebook,West,Mumbai,3,47.37,0.05,135.0,79.87,55.13,Debit Card,Consumer
ORD-01798,2025-06-08,CUST-0031,Clothing,Jacket,East,Guwahati,2,54.89,0.0,109.78,86.52,23.26,UPI,Consumer
ORD-00650,2025-06-08,CUST-1071,Home & Kitchen,Coffee Maker,North,Chandigarh,2,92.13,0.0,184.26,117.22,67.04,Debit Card,Consumer
ORD-04800,2025-06-08,CUST-0683,Clothing,T-Shirt,West,Pune,5,67.97,0.0,339.85,230.66,109.19,UPI,Small Business
ORD-00146,2025-06-08,CUST-0445,Electronics,Keyboard,South,Hyderabad,7,494.64,0.0,3462.48,2777.44,685.04,Debit Card,Small Business
ORD-02854,2025-06-08,CUST-1167,Office Supplies,Pen Set,South,Bengaluru,3,34.11,0.0,102.33,76.48,25.85,Cash,Consumer
ORD-00262,2025-06-08,CUST-0005,Furniture,Table,North,Chandigarh,1,306.44,0.1,275.8,213.26,62.54,UPI,Consumer
ORD-00945,2025-06-08,CUST-1046,Electronics,Monitor,East,Guwahati,6,459.63,0.1,2482.0,1967.37,514.63,UPI,Small Business
ORD-04642,2025-06-08,CUST-0735,Home & Kitchen,Coffee Maker,North,Chandigarh,2,93.99,0.1,169.18,119.91,49.27,Credit Card,Consumer
ORD-04568,2025-06-08,CUST-1176,Home & Kitchen,Toaster,West,Mumbai,7,143.42,0.2,803.15,534.34,268.81,UPI,Consumer
ORD-01280,2025-06-09,CUST-0888,Clothing,T-Shirt,East,Guwahati,4,92.23,0.1,332.03,201.03,131.0,Debit Card,Corporate
ORD-03349,2025-06-09,CUST-0815,Office Supplies,Stapler,West,Ahmedabad,5,36.67,0.1,165.02,133.58,31.44,Bank Transfer,Consumer
ORD-01843,2025-06-09,CUST-0856,Clothing,Sneakers,East,Bhubaneswar,2,57.41,0.15,97.6,65.71,31.89,UPI,Consumer
ORD-01402,2025-06-09,CUST-0777,Home & Kitchen,Coffee Maker,South,Hyderabad,4,133.81,0.15,454.95,381.13,73.82,UPI,Consumer
ORD-02892,2025-06-09,CUST-0831,Electronics,Keyboard,North,Jaipur,3,462.06,0.1,1247.56,1067.72,179.84,Bank Transfer,Corporate
ORD-02912,2025-06-09,CUST-0548,Office Supplies,Calculator,North,Chandigarh,8,23.0,0.2,147.2,107.91,39.29,Credit Card,Consumer
ORD-04699,2025-06-09,CUST-0053,Clothing,Jacket,East,Guwahati,2,53.89,0.1,97.0,73.29,23.71,UPI,Small Business
ORD-04500,2025-06-10,CUST-0747,Home & Kitchen,Blender,North,Jaipur,8,126.5,0.0,1012.0,856.61,155.39,UPI,Consumer
ORD-03804,2025-06-10,CUST-0871,Furniture,Bookshelf,North,Jaipur,4,150.25,0.0,601.0,359.93,241.07,Debit Card,Consumer
ORD-00675,2025-06-10,CUST-0754,Home & Kitchen,Coffee Maker,South,Chennai,8,118.85,0.0,950.8,751.75,199.05,UPI,Corporate
ORD-04811,2025-06-10,CUST-0335,Electronics,Headphones,North,Delhi,8,419.97,0.0,3359.76,2074.14,1285.62,Bank Transfer,Corporate
ORD-00193,2025-06-10,CUST-0289,Furniture,Bookshelf,North,Delhi,2,237.49,0.0,474.98,366.42,108.56,UPI,Consumer
ORD-01409,2025-06-10,CUST-0064,Furniture,Cabinet,East,Kolkata,3,246.46,0.15,628.47,497.48,130.99,Debit Card,Small Business
ORD-02729,2025-06-10,CUST-0209,Furniture,Desk,North,Chandigarh,8,152.54,0.0,1220.32,1014.21,206.11,UPI,Consumer
ORD-03931,2025-06-10,CUST-1125,Office Supplies,Notebook,West,Mumbai,2,35.25,0.0,70.5,58.89,11.61,Debit Card,Small Business
ORD-04124,2025-06-10,CUST-0347,Electronics,Monitor,South,Chennai,4,612.06,0.0,2448.24,1495.62,952.62,Debit Card,Corporate
ORD-00135,2025-06-10,CUST-0126,Office Supplies,Calculator,East,Kolkata,1,50.01,0.05,47.51,33.94,13.57,Bank Transfer,Corporate
ORD-00002,2025-06-10,CUST-0857,Home & Kitchen,Vacuum Cleaner,South,Bengaluru,4,116.28,0.1,418.61,243.62,174.99,Debit Card,Corporate
ORD-04280,2025-06-11,CUST-1047,Electronics,Headphones,Central,Indore,2,507.01,0.0,1014.02,711.58,302.44,Cash,Corporate
ORD-02836,2025-06-11,CUST-1148,Furniture,Office Chair,West,Pune,8,206.9,0.05,1572.44,1134.07,438.37,Credit Card,Corporate
ORD-04387,2025-06-11,CUST-0657,Office Supplies,Calculator,North,Chandigarh,7,43.97,0.05,292.4,202.76,89.64,UPI,Consumer
ORD-03166,2025-06-11,CUST-0850,Furniture,Office Chair,North,Chandigarh,6,352.67,0.0,2116.02,1455.02,661.0,Bank Transfer,Consumer
ORD-00456,2025-06-11,CUST-1040,Home & Kitchen,Toaster,West,Ahmedabad,6,110.23,0.2,529.1,418.66,110.44,Credit Card,Corporate
ORD-01059,2025-06-11,CUST-0306,Electronics,Keyboard,Central,Indore,7,402.65,0.1,2536.69,1776.28,760.41,Credit Card,Consumer
ORD-03096,2025-06-11,CUST-0443,Office Supplies,Calculator,South,Hyderabad,5,33.19,0.15,141.06,93.09,47.97,Credit Card,Small Business
ORD-04525,2025-06-11,CUST-0738,Office Supplies,Pen Set,Central,Indore,1,29.76,0.1,26.78,22.72,4.06,Bank Transfer,Small Business
ORD-02773,2025-06-11,CUST-0787,Electronics,Headphones,East,Bhubaneswar,8,259.72,0.15,1766.1,1025.96,740.14,Debit Card,Corporate
ORD-01365,2025-06-11,CUST-1010,Electronics,Keyboard,South,Hyderabad,5,356.14,0.0,1780.7,1312.92,467.78,Credit Card,Corporate
ORD-03031,2025-06-11,CUST-0654,Electronics,Laptop,West,Ahmedabad,4,409.15,0.0,1636.6,1232.34,404.26,Debit Card,Consumer
ORD-03222,2025-06-11,CUST-0900,Office Supplies,Calculator,West,Ahmedabad,3,30.79,0.1,83.13,52.13,31.0,UPI,Consumer
ORD-01323,2025-06-11,CUST-0573,Electronics,Monitor,South,Chennai,6,309.65,0.05,1765.0,1290.63,474.37,UPI,Consumer
ORD-00253,2025-06-11,CUST-0940,Electronics,Headphones,Central,Bhopal,1,492.35,0.1,443.12,296.17,146.95,Debit Card,Corporate
ORD-02849,2025-06-11,CUST-0545,Office Supplies,Notebook,North,Delhi,8,34.67,0.1,249.62,146.36,103.26,Cash,Consumer
ORD-00588,2025-06-11,CUST-0605,Electronics,Monitor,West,Ahmedabad,3,446.8,0.1,1206.36,730.23,476.13,Bank Transfer,Consumer
ORD-02645,2025-06-11,CUST-1175,Electronics,Headphones,South,Hyderabad,3,731.15,0.0,2193.45,1384.64,808.81,Debit Card,Small Business
ORD-01661,2025-06-11,CUST-0089,Furniture,Bookshelf,Central,Bhopal,2,216.9,0.2,347.04,230.67,116.37,UPI,Small Business
ORD-01658,2025-06-12,CUST-0857,Office Supplies,Stapler,East,Kolkata,3,27.58,0.05,78.6,61.75,16.85,Debit Card,Corporate
ORD-01700,2025-06-12,CUST-0085,Electronics,Keyboard,North,Jaipur,2,495.1,0.2,792.16,589.25,202.91,UPI,Corporate
ORD-04587,2025-06-12,CUST-0609,Furniture,Table,South,Hyderabad,1,359.62,0.05,341.64,203.49,138.15,UPI,Corporate
ORD-00747,2025-06-12,CUST-1187,Electronics,Laptop,East,Guwahati,4,432.85,0.15,1471.69,1258.52,213.17,UPI,Consumer
ORD-02070,2025-06-12,CUST-1191,Clothing,Backpack,Central,Nagpur,7,55.14,0.15,328.08,260.95,67.13,Debit Card,Consumer
ORD-00159,2025-06-12,CUST-0266,Clothing,Sneakers,North,Chandigarh,2,53.49,0.2,85.58,63.37,22.21,Cash,Consumer
ORD-00677,2025-06-12,CUST-1107,Clothing,Sneakers,South,Bengaluru,7,48.26,0.05,320.93,241.66,79.27,Credit Card,Small Business
ORD-00633,2025-06-12,CUST-0939,Furniture,Office Chair,North,Chandigarh,3,478.86,0.05,1364.75,905.2,459.55,Credit Card,Corporate
ORD-00324,2025-06-12,CUST-0803,Clothing,Jacket,Central,Nagpur,7,36.97,0.0,258.79,179.89,78.9,Credit Card,Consumer
ORD-00205,2025-06-12,CUST-0279,Electronics,Smartphone,North,Delhi,4,478.03,0.0,1912.12,1437.64,474.48,UPI,Consumer
ORD-04717,2025-06-12,CUST-0681,Electronics,Monitor,Central,Bhopal,2,642.7,0.05,1221.13,914.24,306.89,UPI,Small Business
ORD-04803,2025-06-13,CUST-0969,Clothing,Jeans,West,Mumbai,1,53.56,0.05,50.88,42.71,8.17,Debit Card,Consumer
ORD-03037,2025-06-13,CUST-0653,Furniture,Table,Central,Indore,5,169.19,0.05,803.65,650.72,152.93,Debit Card,Consumer
ORD-01431,2025-06-13,CUST-0241,Electronics,Monitor,Central,Nagpur,5,471.01,0.0,2355.05,1981.98,373.07,Credit Card,Consumer
ORD-03807,2025-06-13,CUST-1052,Clothing,Sneakers,North,Jaipur,7,61.43,0.15,365.51,269.68,95.83,Bank Transfer,Consumer
ORD-04556,2025-06-13,CUST-0234,Office Supplies,Calculator,West,Ahmedabad,5,34.52,0.05,163.97,119.55,44.42,Credit Card,Consumer
ORD-04545,2025-06-13,CUST-0303,Electronics,Headphones,Central,Indore,7,506.09,0.0,3542.63,2684.66,857.97,Debit Card,Small Business
ORD-03705,2025-06-13,CUST-0646,Electronics,Monitor,West,Ahmedabad,2,445.58,0.1,802.04,509.03,293.01,Cash,Small Business
ORD-02106,2025-06-13,CUST-0339,Electronics,Keyboard,East,Kolkata,6,473.73,0.15,2416.02,1534.93,881.09,UPI,Consumer
ORD-01725,2025-06-13,CUST-0504,Electronics,Monitor,West,Pune,4,571.45,0.05,2171.51,1480.69,690.82,UPI,Small Business
ORD-01204,2025-06-14,CUST-0344,Clothing,Jeans,North,Delhi,5,66.44,0.05,315.59,221.34,94.25,Bank Transfer,Consumer
ORD-04523,2025-06-14,CUST-0961,Electronics,Smartphone,South,Bengaluru,7,534.62,0.0,3742.34,2215.14,1527.2,Cash,Corporate
ORD-04444,2025-06-14,CUST-1112,Home & Kitchen,Toaster,North,Jaipur,1,154.23,0.15,131.1,86.1,45.0,UPI,Consumer
ORD-00441,2025-06-14,CUST-0003,Clothing,T-Shirt,South,Hyderabad,1,56.56,0.1,50.9,43.51,7.39,UPI,Consumer
ORD-01787,2025-06-14,CUST-0334,Electronics,Headphones,South,Bengaluru,7,482.91,0.1,3042.33,2486.36,555.97,Debit Card,Consumer
ORD-03819,2025-06-14,CUST-0448,Home & Kitchen,Cookware Set,Central,Bhopal,1,110.29,0.0,110.29,87.74,22.55,UPI,Consumer
ORD-00682,2025-06-14,CUST-0568,Electronics,Monitor,West,Mumbai,3,420.0,0.05,1197.0,783.11,413.89,UPI,Small Business
ORD-00305,2025-06-14,CUST-0597,Office Supplies,Notebook,Central,Nagpur,7,39.86,0.0,279.02,171.02,108.0,UPI,Corporate
ORD-04449,2025-06-15,CUST-1163,Home & Kitchen,Vacuum Cleaner,East,Kolkata,4,76.61,0.0,306.44,222.62,83.82,Cash,Corporate
ORD-02552,2025-06-15,CUST-0935,Clothing,Backpack,East,Guwahati,2,71.56,0.1,128.81,107.14,21.67,Credit Card,Consumer
ORD-01662,2025-06-15,CUST-0803,Electronics,Smartphone,North,Jaipur,4,596.24,0.0,2384.96,1993.79,391.17,Bank Transfer,Consumer
ORD-01036,2025-06-15,CUST-0849,Office Supplies,Pen Set,South,Chennai,7,44.21,0.1,278.52,172.5,106.02,Bank Transfer,Consumer
ORD-00535,2025-06-15,CUST-0216,Electronics,Laptop,Central,Indore,7,389.42,0.0,2725.94,2036.21,689.73,Bank Transfer,Consumer
ORD-04770,2025-06-15,CUST-0383,Furniture,Desk,West,Mumbai,8,332.32,0.15,2259.78,1558.86,700.92,Bank Transfer,Corporate
ORD-01670,2025-06-15,CUST-0988,Furniture,Table,North,Jaipur,6,268.93,0.15,1371.54,931.68,439.86,Bank Transfer,Corporate
ORD-00056,2025-06-15,CUST-0759,Electronics,Smartphone,West,Mumbai,1,411.49,0.1,370.34,255.92,114.42,UPI,Corporate
ORD-03695,2025-06-15,CUST-0555,Office Supplies,Calculator,South,Hyderabad,1,26.97,0.0,26.97,16.71,10.26,Cash,Small Business
ORD-01621,2025-06-15,CUST-1099,Electronics,Keyboard,West,Mumbai,7,414.21,0.05,2754.5,1657.24,1097.26,UPI,Small Business
ORD-00741,2025-06-15,CUST-0382,Furniture,Table,South,Hyderabad,5,269.01,0.1,1210.54,936.62,273.92,Bank Transfer,Corporate
ORD-04139,2025-06-15,CUST-0182,Electronics,Smartphone,West,Pune,3,417.73,0.1,1127.87,960.54,167.33,Credit Card,Consumer
ORD-01043,2025-06-15,CUST-0807,Furniture,Table,West,Ahmedabad,3,257.54,0.0,772.62,651.99,120.63,UPI,Consumer
ORD-04092,2025-06-15,CUST-0132,Office Supplies,Stapler,South,Chennai,5,33.6,0.05,159.6,111.67,47.93,Debit Card,Consumer
ORD-00290,2025-06-15,CUST-0219,Clothing,Jeans,West,Pune,6,40.69,0.0,244.14,182.3,61.84,Credit Card,Small Business
ORD-02795,2025-06-15,CUST-0932,Electronics,Headphones,Central,Bhopal,2,741.19,0.0,1482.38,946.64,535.74,Credit Card,Small Business
ORD-02649,2025-06-15,CUST-0986,Electronics,Monitor,Central,Nagpur,3,395.01,0.1,1066.53,748.94,317.59,Debit Card,Corporate
ORD-03829,2025-06-15,CUST-0341,Home & Kitchen,Blender,South,Bengaluru,6,86.54,0.1,467.32,316.56,150.76,UPI,Small Business
ORD-03685,2025-06-16,CUST-0139,Electronics,Smartphone,Central,Nagpur,8,694.42,0.05,5277.59,3503.98,1773.61,Bank Transfer,Consumer
ORD-02846,2025-06-16,CUST-0263,Electronics,Headphones,East,Kolkata,7,333.11,0.05,2215.18,1704.67,510.51,Cash,Corporate
ORD-03101,2025-06-16,CUST-1080,Furniture,Office Chair,East,Guwahati,1,263.05,0.1,236.74,186.88,49.86,UPI,Small Business
ORD-02681,2025-06-16,CUST-0400,Home & Kitchen,Cookware Set,West,Pune,1,132.37,0.1,119.13,90.49,28.64,Bank Transfer,Consumer
ORD-01553,2025-06-16,CUST-1062,Home & Kitchen,Blender,West,Pune,4,115.22,0.1,414.79,297.54,117.25,Debit Card,Corporate
ORD-04881,2025-06-16,CUST-0002,Electronics,Headphones,East,Guwahati,1,473.42,0.1,426.08,314.4,111.68,Bank Transfer,Corporate
ORD-03491,2025-06-16,CUST-0426,Electronics,Keyboard,South,Hyderabad,3,372.01,0.1,1004.43,792.19,212.24,UPI,Small Business
ORD-03449,2025-06-16,CUST-0772,Home & Kitchen,Blender,Central,Bhopal,1,142.12,0.0,142.12,83.66,58.46,UPI,Corporate
ORD-03174,2025-06-16,CUST-0448,Clothing,Jeans,Central,Bhopal,4,53.59,0.05,203.64,129.06,74.58,UPI,Corporate
ORD-02894,2025-06-16,CUST-0210,Home & Kitchen,Coffee Maker,East,Bhubaneswar,8,156.0,0.15,1060.8,620.9,439.9,Bank Transfer,Consumer
ORD-04116,2025-06-16,CUST-0200,Clothing,T-Shirt,South,Hyderabad,5,68.5,0.15,291.12,176.27,114.85,Credit Card,Consumer
ORD-00713,2025-06-16,CUST-0275,Electronics,Monitor,North,Delhi,8,326.4,0.05,2480.64,1572.04,908.6,UPI,Small Business
ORD-03483,2025-06-16,CUST-0218,Home & Kitchen,Cookware Set,South,Chennai,4,132.62,0.05,503.96,398.17,105.79,Debit Card,Consumer
ORD-00961,2025-06-17,CUST-0039,Office Supplies,Printer Paper,East,Bhubaneswar,2,32.14,0.05,61.07,41.85,19.22,UPI,Small Business
ORD-00871,2025-06-17,CUST-0659,Furniture,Bookshelf,East,Bhubaneswar,6,341.11,0.0,2046.66,1702.51,344.15,UPI,Consumer
ORD-02527,2025-06-17,CUST-0287,Electronics,Keyboard,South,Hyderabad,7,588.44,0.05,3913.13,3283.93,629.2,Cash,Consumer
ORD-01250,2025-06-17,CUST-0588,Clothing,Jacket,South,Chennai,8,35.02,0.0,280.16,216.9,63.26,Bank Transfer,Consumer
ORD-02162,2025-06-17,CUST-0181,Home & Kitchen,Cookware Set,Central,Indore,8,131.97,0.2,844.61,551.13,293.48,Credit Card,Consumer
ORD-02562,2025-06-17,CUST-0771,Office Supplies,Pen Set,East,Kolkata,5,40.27,0.0,201.35,120.25,81.1,Debit Card,Consumer
ORD-04054,2025-06-17,CUST-1093,Home & Kitchen,Blender,West,Ahmedabad,8,99.17,0.0,793.36,653.22,140.14,UPI,Consumer
ORD-01643,2025-06-17,CUST-0445,Electronics,Headphones,West,Mumbai,2,483.77,0.15,822.41,567.09,255.32,Debit Card,Corporate
ORD-00855,2025-06-17,CUST-1070,Clothing,Jacket,South,Chennai,7,45.93,0.15,273.28,212.92,60.36,Credit Card,Small Business
ORD-02203,2025-06-17,CUST-0339,Electronics,Monitor,West,Ahmedabad,2,501.34,0.0,1002.68,694.31,308.37,UPI,Small Business
ORD-00036,2025-06-17,CUST-0012,Clothing,Sneakers,East,Kolkata,2,73.89,0.0,147.78,97.05,50.73,Credit Card,Consumer
ORD-03894,2025-06-17,CUST-0473,Office Supplies,Notebook,East,Kolkata,2,39.78,0.2,63.65,51.03,12.62,UPI,Corporate
ORD-00197,2025-06-17,CUST-1068,Home & Kitchen,Cookware Set,Central,Bhopal,2,131.02,0.05,248.94,150.95,97.99,UPI,Consumer
ORD-04000,2025-06-17,CUST-0757,Office Supplies,Calculator,West,Pune,2,27.34,0.15,46.48,37.25,9.23,UPI,Small Business
ORD-01644,2025-06-17,CUST-1167,Office Supplies,Calculator,North,Chandigarh,7,17.68,0.05,117.57,68.82,48.75,Credit Card,Consumer
ORD-04753,2025-06-18,CUST-1155,Home & Kitchen,Vacuum Cleaner,East,Kolkata,2,110.72,0.1,199.3,126.61,72.69,Bank Transfer,Consumer
ORD-01885,2025-06-18,CUST-0898,Furniture,Table,North,Jaipur,3,294.2,0.0,882.6,690.89,191.71,UPI,Consumer
ORD-00289,2025-06-18,CUST-1019,Electronics,Smartphone,Central,Indore,5,488.38,0.0,2441.9,1771.64,670.26,UPI,Consumer
ORD-00651,2025-06-18,CUST-1136,Office Supplies,Stapler,Central,Nagpur,5,27.45,0.0,137.25,90.55,46.7,Credit Card,Consumer
ORD-02626,2025-06-18,CUST-0194,Clothing,Backpack,Central,Indore,1,34.22,0.15,29.09,18.05,11.04,Credit Card,Consumer
ORD-01267,2025-06-18,CUST-0059,Electronics,Monitor,Central,Indore,3,323.12,0.1,872.42,573.61,298.81,Bank Transfer,Corporate
ORD-00393,2025-06-18,CUST-0616,Home & Kitchen,Toaster,West,Mumbai,6,126.94,0.0,761.64,527.49,234.15,Debit Card,Consumer
ORD-02904,2025-06-18,CUST-1107,Electronics,Headphones,South,Hyderabad,5,496.96,0.05,2360.56,1475.63,884.93,Credit Card,Consumer
ORD-02026,2025-06-18,CUST-0343,Clothing,Backpack,East,Bhubaneswar,1,54.13,0.15,46.01,28.09,17.92,Credit Card,Small Business
ORD-04823,2025-06-18,CUST-0658,Furniture,Bookshelf,West,Ahmedabad,2,288.81,0.0,577.62,487.59,90.03,Debit Card,Consumer
ORD-03309,2025-06-18,CUST-0924,Electronics,Monitor,East,Bhubaneswar,6,545.89,0.05,3111.57,2642.1,469.47,UPI,Consumer
ORD-03650,2025-06-18,CUST-0753,Clothing,Sneakers,West,Pune,1,84.33,0.0,84.33,65.51,18.82,UPI,Consumer
ORD-01624,2025-06-18,CUST-0447,Office Supplies,Pen Set,Central,Nagpur,8,51.79,0.1,372.89,256.21,116.68,Cash,Consumer
ORD-01470,2025-06-18,CUST-0419,Clothing,T-Shirt,South,Chennai,5,49.79,0.15,211.61,141.03,70.58,UPI,Consumer
ORD-04086,2025-06-19,CUST-0422,Furniture,Bookshelf,West,Pune,3,220.77,0.05,629.19,453.64,175.55,Credit Card,Consumer
ORD-02107,2025-06-19,CUST-0725,Electronics,Monitor,Central,Indore,2,51.64,0.0,103.28,74.2,29.08,Credit Card,Consumer
ORD-04995,2025-06-19,CUST-1013,Furniture,Cabinet,South,Hyderabad,8,131.37,0.1,945.86,623.76,322.1,Cash,Consumer
ORD-04051,2025-06-19,CUST-0417,Home & Kitchen,Cookware Set,West,Pune,2,97.9,0.0,195.8,162.37,33.43,Credit Card,Small Business
ORD-02468,2025-06-19,CUST-0826,Electronics,Headphones,West,Ahmedabad,3,459.8,0.0,1379.4,805.28,574.12,Credit Card,Corporate
ORD-01842,2025-06-19,CUST-0957,Home & Kitchen,Vacuum Cleaner,South,Hyderabad,6,136.05,0.05,775.48,554.41,221.07,UPI,Consumer
ORD-02199,2025-06-19,CUST-0192,Electronics,Headphones,West,Pune,3,396.2,0.0,1188.6,750.1,438.5,Credit Card,Consumer
ORD-04992,2025-06-19,CUST-1182,Home & Kitchen,Vacuum Cleaner,West,Mumbai,2,111.13,0.0,222.26,188.25,34.01,UPI,Corporate
ORD-04697,2025-06-19,CUST-0505,Office Supplies,Pen Set,Central,Indore,5,44.41,0.1,199.84,170.58,29.26,UPI,Consumer
ORD-03431,2025-06-19,CUST-0357,Furniture,Cabinet,West,Ahmedabad,2,253.48,0.05,481.61,368.5,113.11,Credit Card,Corporate
ORD-01232,2025-06-19,CUST-0511,Office Supplies,Notebook,North,Jaipur,8,27.54,0.05,209.3,175.76,33.54,UPI,Consumer
ORD-00865,2025-06-19,CUST-0402,Office Supplies,Stapler,East,Kolkata,7,49.34,0.05,328.11,273.81,54.3,Bank Transfer,Consumer
ORD-03528,2025-06-19,CUST-0471,Furniture,Desk,West,Ahmedabad,1,346.38,0.0,346.38,271.06,75.32,Credit Card,Consumer
ORD-03294,2025-06-19,CUST-0819,Office Supplies,Calculator,East,Bhubaneswar,8,30.38,0.0,243.04,197.92,45.12,UPI,Small Business
ORD-02397,2025-06-19,CUST-0450,Office Supplies,Stapler,West,Ahmedabad,4,25.46,0.0,101.84,59.65,42.19,Bank Transfer,Consumer
ORD-01567,2025-06-20,CUST-0130,Office Supplies,Stapler,East,Guwahati,3,24.17,0.0,72.51,54.8,17.71,Cash,Consumer
ORD-03855,2025-06-20,CUST-0600,Clothing,T-Shirt,South,Hyderabad,1,39.95,0.05,37.95,30.32,7.63,UPI,Consumer
ORD-03993,2025-06-20,CUST-0713,Home & Kitchen,Coffee Maker,West,Ahmedabad,4,143.2,0.0,572.8,477.79,95.01,Bank Transfer,Corporate
ORD-00753,2025-06-20,CUST-0133,Office Supplies,Printer Paper,West,Ahmedabad,2,39.19,0.0,78.38,67.01,11.37,Credit Card,Corporate
ORD-00398,2025-06-20,CUST-0052,Home & Kitchen,Cookware Set,East,Kolkata,5,162.56,0.1,731.52,581.49,150.03,UPI,Corporate
ORD-02213,2025-06-20,CUST-0990,Clothing,Backpack,West,Mumbai,6,64.29,0.15,327.88,233.94,93.94,UPI,Consumer
ORD-01951,2025-06-20,CUST-0854,Electronics,Keyboard,South,Bengaluru,2,522.2,0.05,992.18,706.56,285.62,Debit Card,Consumer
ORD-04774,2025-06-20,CUST-0151,Home & Kitchen,Toaster,East,Guwahati,2,125.07,0.0,250.14,191.93,58.21,Bank Transfer,Small Business
ORD-01733,2025-06-20,CUST-1029,Electronics,Keyboard,East,Kolkata,4,362.42,0.15,1232.23,867.92,364.31,Cash,Corporate
ORD-04121,2025-06-20,CUST-0130,Home & Kitchen,Blender,West,Ahmedabad,6,135.14,0.0,810.84,493.67,317.17,UPI,Consumer
ORD-01329,2025-06-21,CUST-0901,Clothing,Jacket,South,Chennai,4,68.24,0.0,272.96,171.94,101.02,Bank Transfer,Consumer
ORD-02011,2025-06-21,CUST-0602,Electronics,Smartphone,South,Chennai,6,376.86,0.1,2035.04,1411.99,623.05,Credit Card,Small Business
ORD-00175,2025-06-21,CUST-0039,Office Supplies,Stapler,West,Mumbai,8,32.19,0.2,206.02,158.22,47.8,Cash,Small Business
ORD-03838,2025-06-21,CUST-0435,Electronics,Keyboard,North,Chandigarh,6,260.57,0.1,1407.08,939.41,467.67,Credit Card,Consumer
ORD-02927,2025-06-21,CUST-0410,Office Supplies,Calculator,South,Chennai,1,23.4,0.2,18.72,12.67,6.05,Credit Card,Corporate
ORD-03084,2025-06-21,CUST-0039,Home & Kitchen,Blender,West,Pune,3,83.04,0.1,224.21,189.08,35.13,Cash,Consumer
ORD-00854,2025-06-21,CUST-0476,Electronics,Headphones,South,Chennai,1,403.1,0.0,403.1,278.63,124.47,Bank Transfer,Consumer
ORD-01291,2025-06-21,CUST-0666,Home & Kitchen,Blender,East,Bhubaneswar,6,58.47,0.15,298.2,210.79,87.41,UPI,Corporate
ORD-00548,2025-06-21,CUST-0626,Clothing,Sneakers,South,Chennai,7,56.53,0.0,395.71,301.78,93.93,UPI,Consumer
ORD-02140,2025-06-22,CUST-0876,Office Supplies,Calculator,South,Bengaluru,8,25.18,0.0,201.44,154.29,47.15,Debit Card,Consumer
ORD-01498,2025-06-22,CUST-0646,Office Supplies,Stapler,East,Bhubaneswar,7,31.25,0.05,207.81,168.37,39.44,Bank Transfer,Small Business
ORD-04347,2025-06-22,CUST-0721,Furniture,Desk,Central,Bhopal,7,308.12,0.05,2049.0,1425.69,623.31,Bank Transfer,Consumer
ORD-00715,2025-06-22,CUST-0583,Office Supplies,Calculator,Central,Bhopal,4,46.97,0.1,169.09,129.5,39.59,UPI,Consumer
ORD-00067,2025-06-22,CUST-0001,Clothing,Jacket,South,Hyderabad,4,46.35,0.1,166.86,121.53,45.33,UPI,Consumer
ORD-00185,2025-06-22,CUST-1137,Clothing,Backpack,West,Ahmedabad,4,65.42,0.0,261.68,178.99,82.69,UPI,Corporate
ORD-02320,2025-06-22,CUST-0035,Home & Kitchen,Cookware Set,East,Kolkata,3,151.93,0.0,455.79,303.81,151.98,UPI,Consumer
ORD-00992,2025-06-22,CUST-0113,Clothing,Jacket,South,Chennai,6,68.81,0.0,412.86,243.51,169.35,Credit Card,Consumer
ORD-01832,2025-06-22,CUST-0319,Clothing,Backpack,Central,Nagpur,1,50.04,0.1,45.04,38.31,6.73,Credit Card,Consumer
ORD-00711,2025-06-22,CUST-0841,Office Supplies,Notebook,West,Mumbai,7,16.51,0.05,109.79,86.68,23.11,Credit Card,Consumer
ORD-02139,2025-06-22,CUST-0845,Clothing,Backpack,South,Bengaluru,7,58.49,0.0,409.43,290.53,118.9,UPI,Corporate
ORD-00369,2025-06-22,CUST-1028,Furniture,Desk,East,Bhubaneswar,7,290.63,0.15,1729.25,1211.8,517.45,Cash,Consumer
ORD-00986,2025-06-22,CUST-1186,Electronics,Headphones,West,Ahmedabad,8,434.48,0.1,3128.26,2227.77,900.49,UPI,Corporate
ORD-00053,2025-06-22,CUST-0095,Electronics,Laptop,North,Chandigarh,5,487.48,0.1,2193.66,1301.13,892.53,Credit Card,Corporate
ORD-04208,2025-06-23,CUST-0563,Clothing,T-Shirt,North,Chandigarh,2,44.3,0.15,75.31,53.07,22.24,Credit Card,Corporate
ORD-00814,2025-06-23,CUST-0220,Home & Kitchen,Cookware Set,Central,Nagpur,5,86.52,0.0,432.6,353.2,79.4,UPI,Small Business
ORD-03932,2025-06-23,CUST-0099,Electronics,Monitor,North,Delhi,8,570.91,0.05,4338.92,2681.9,1657.02,UPI,Consumer
ORD-02104,2025-06-23,CUST-0398,Home & Kitchen,Toaster,North,Jaipur,6,86.62,0.0,519.72,445.17,74.55,UPI,Consumer
ORD-04484,2025-06-23,CUST-0226,Electronics,Headphones,South,Hyderabad,8,426.22,0.05,3239.27,2498.73,740.54,Credit Card,Consumer
ORD-03245,2025-06-23,CUST-0415,Office Supplies,Pen Set,Central,Nagpur,5,43.49,0.0,217.45,137.34,80.11,UPI,Corporate
ORD-04968,2025-06-23,CUST-0390,Office Supplies,Calculator,East,Bhubaneswar,5,45.87,0.05,217.88,133.11,84.77,UPI,Consumer
ORD-02037,2025-06-23,CUST-0230,Office Supplies,Calculator,Central,Nagpur,1,22.51,0.05,21.38,13.71,7.67,Debit Card,Consumer
ORD-04291,2025-06-23,CUST-0319,Electronics,Headphones,East,Bhubaneswar,4,502.62,0.0,2010.48,1303.82,706.66,Credit Card,Consumer
ORD-00467,2025-06-23,CUST-0787,Home & Kitchen,Blender,South,Chennai,4,153.25,0.0,613.0,512.97,100.03,UPI,Corporate
ORD-04664,2025-06-23,CUST-0462,Office Supplies,Pen Set,Central,Bhopal,5,34.03,0.0,170.15,112.72,57.43,UPI,Consumer
ORD-00496,2025-06-23,CUST-0294,Furniture,Bookshelf,East,Guwahati,2,210.14,0.1,378.25,221.15,157.1,Cash,Consumer
ORD-02383,2025-06-24,CUST-0828,Clothing,Sneakers,North,Chandigarh,8,70.75,0.0,566.0,425.86,140.14,Cash,Consumer
ORD-02868,2025-06-24,CUST-0469,Office Supplies,Stapler,East,Kolkata,7,32.37,0.1,203.93,172.49,31.44,Bank Transfer,Corporate
ORD-03320,2025-06-24,CUST-0568,Home & Kitchen,Vacuum Cleaner,East,Kolkata,1,77.52,0.0,77.52,52.81,24.71,UPI,Consumer
ORD-00826,2025-06-24,CUST-0502,Clothing,Backpack,East,Kolkata,3,83.18,0.1,224.59,142.62,81.97,Cash,Small Business
ORD-00763,2025-06-24,CUST-0929,Office Supplies,Stapler,West,Pune,3,30.52,0.0,91.56,56.43,35.13,UPI,Corporate
ORD-03141,2025-06-24,CUST-0417,Electronics,Keyboard,East,Bhubaneswar,7,438.28,0.15,2607.77,1850.55,757.22,Credit Card,Corporate
ORD-03656,2025-06-24,CUST-1091,Furniture,Table,South,Bengaluru,1,308.37,0.1,277.53,226.31,51.22,UPI,Consumer
ORD-04921,2025-06-24,CUST-0464,Electronics,Laptop,Central,Nagpur,1,314.42,0.1,282.98,189.43,93.55,Credit Card,Small Business
ORD-02891,2025-06-24,CUST-0601,Home & Kitchen,Cookware Set,North,Chandigarh,7,158.19,0.0,1107.33,785.07,322.26,Credit Card,Consumer
ORD-04468,2025-06-24,CUST-0420,Electronics,Headphones,East,Bhubaneswar,3,650.11,0.15,1657.78,1028.66,629.12,Bank Transfer,Corporate
ORD-03275,2025-06-24,CUST-0133,Home & Kitchen,Blender,North,Jaipur,1,88.19,0.05,83.78,67.79,15.99,Credit Card,Consumer
ORD-02845,2025-06-24,CUST-0446,Office Supplies,Calculator,East,Kolkata,4,23.5,0.1,84.6,62.39,22.21,Credit Card,Consumer
ORD-01888,2025-06-24,CUST-0549,Home & Kitchen,Toaster,East,Bhubaneswar,8,164.69,0.0,1317.52,1114.6,202.92,UPI,Corporate
ORD-00772,2025-06-24,CUST-0349,Office Supplies,Notebook,North,Delhi,6,27.47,0.05,156.58,93.11,63.47,Credit Card,Small Business
ORD-03860,2025-06-24,CUST-1194,Office Supplies,Notebook,West,Pune,4,30.37,0.0,121.48,96.92,24.56,UPI,Consumer
ORD-00705,2025-06-25,CUST-0213,Electronics,Smartphone,East,Kolkata,3,502.81,0.0,1508.43,1226.96,281.47,Bank Transfer,Consumer
ORD-00869,2025-06-25,CUST-0718,Office Supplies,Pen Set,West,Pune,3,11.9,0.15,30.35,18.67,11.68,Bank Transfer,Consumer
ORD-00734,2025-06-25,CUST-1021,Home & Kitchen,Coffee Maker,West,Ahmedabad,8,113.21,0.05,860.4,724.58,135.82,UPI,Corporate
ORD-01804,2025-06-25,CUST-0254,Clothing,Sneakers,Central,Nagpur,5,69.45,0.05,329.89,196.26,133.63,UPI,Small Business
ORD-02901,2025-06-25,CUST-0951,Furniture,Office Chair,East,Bhubaneswar,8,202.59,0.0,1620.72,1149.35,471.37,Cash,Consumer
ORD-03284,2025-06-25,CUST-0738,Home & Kitchen,Coffee Maker,West,Ahmedabad,6,110.91,0.0,665.46,571.22,94.24,UPI,Consumer
ORD-00912,2025-06-25,CUST-1199,Electronics,Laptop,West,Pune,2,347.71,0.1,625.88,524.55,101.33,Bank Transfer,Consumer
ORD-01639,2025-06-25,CUST-0147,Furniture,Bookshelf,North,Jaipur,4,119.17,0.05,452.85,333.08,119.77,UPI,Consumer
ORD-04431,2025-06-25,CUST-0443,Office Supplies,Printer Paper,Central,Indore,4,51.92,0.0,207.68,142.62,65.06,Credit Card,Corporate
ORD-00022,2025-06-25,CUST-1046,Furniture,Bookshelf,North,Delhi,4,372.76,0.05,1416.49,1073.94,342.55,Credit Card,Small Business
ORD-02019,2025-06-25,CUST-0453,Home & Kitchen,Coffee Maker,East,Guwahati,3,161.3,0.0,483.9,306.42,177.48,UPI,Consumer
ORD-00525,2025-06-25,CUST-0514,Office Supplies,Printer Paper,South,Hyderabad,4,30.62,0.0,122.48,76.03,46.45,UPI,Consumer
ORD-01753,2025-06-25,CUST-0288,Home & Kitchen,Coffee Maker,West,Mumbai,6,48.56,0.0,291.36,237.3,54.06,Credit Card,Small Business
ORD-02818,2025-06-26,CUST-0742,Electronics,Keyboard,Central,Indore,6,450.36,0.1,2431.94,1734.83,697.11,Bank Transfer,Corporate
ORD-02714,2025-06-26,CUST-0319,Clothing,Sneakers,North,Chandigarh,5,75.73,0.0,378.65,319.91,58.74,Debit Card,Small Business
ORD-04078,2025-06-26,CUST-0035,Clothing,Jeans,East,Guwahati,3,43.32,0.15,110.47,79.15,31.32,UPI,Consumer
ORD-04850,2025-06-26,CUST-0986,Home & Kitchen,Blender,North,Delhi,4,149.65,0.15,508.81,321.71,187.1,Bank Transfer,Corporate
ORD-04232,2025-06-26,CUST-0743,Home & Kitchen,Coffee Maker,East,Guwahati,7,76.23,0.15,453.57,274.75,178.82,UPI,Consumer
ORD-01504,2025-06-26,CUST-0598,Home & Kitchen,Blender,North,Delhi,5,160.39,0.1,721.76,524.82,196.94,Bank Transfer,Consumer
ORD-02471,2025-06-27,CUST-0499,Home & Kitchen,Vacuum Cleaner,East,Bhubaneswar,1,106.2,0.1,95.58,56.46,39.12,Credit Card,Small Business
ORD-02853,2025-06-27,CUST-1060,Office Supplies,Notebook,West,Mumbai,1,33.01,0.2,26.41,18.48,7.93,Debit Card,Small Business
ORD-00648,2025-06-27,CUST-0878,Home & Kitchen,Toaster,South,Bengaluru,2,114.35,0.1,205.83,149.03,56.8,Credit Card,Consumer
ORD-01201,2025-06-27,CUST-0928,Office Supplies,Calculator,East,Bhubaneswar,1,19.5,0.0,19.5,13.1,6.4,UPI,Small Business
ORD-03261,2025-06-27,CUST-1191,Electronics,Headphones,East,Guwahati,1,298.15,0.0,298.15,202.66,95.49,UPI,Consumer
ORD-01636,2025-06-27,CUST-0760,Clothing,Backpack,Central,Indore,8,69.44,0.0,555.52,363.84,191.68,Credit Card,Consumer
ORD-00198,2025-06-27,CUST-0504,Electronics,Keyboard,North,Chandigarh,3,628.65,0.1,1697.35,1442.84,254.51,Credit Card,Consumer
ORD-04634,2025-06-27,CUST-1190,Office Supplies,Calculator,West,Pune,5,16.28,0.15,69.19,42.16,27.03,Bank Transfer,Consumer
ORD-00958,2025-06-27,CUST-0295,Home & Kitchen,Toaster,Central,Indore,3,94.95,0.15,242.12,197.72,44.4,Credit Card,Consumer
ORD-01799,2025-06-27,CUST-0874,Electronics,Smartphone,Central,Bhopal,2,511.46,0.0,1022.92,704.35,318.57,Debit Card,Corporate
ORD-01012,2025-06-27,CUST-0793,Electronics,Monitor,North,Jaipur,1,439.28,0.2,351.42,207.52,143.9,Credit Card,Consumer
ORD-04419,2025-06-28,CUST-0776,Office Supplies,Notebook,North,Delhi,6,34.68,0.0,208.08,178.95,29.13,Bank Transfer,Consumer
ORD-01384,2025-06-28,CUST-0879,Office Supplies,Pen Set,West,Ahmedabad,6,47.49,0.0,284.94,229.66,55.28,UPI,Consumer
ORD-01907,2025-06-28,CUST-0905,Home & Kitchen,Blender,Central,Bhopal,4,128.76,0.15,437.78,360.04,77.74,Bank Transfer,Corporate
ORD-01908,2025-06-28,CUST-0519,Home & Kitchen,Cookware Set,Central,Indore,2,202.46,0.0,404.92,260.95,143.97,Cash,Corporate
ORD-01446,2025-06-28,CUST-0744,Electronics,Smartphone,Central,Indore,1,582.95,0.0,582.95,415.41,167.54,UPI,Consumer
ORD-01304,2025-06-28,CUST-0009,Office Supplies,Notebook,South,Chennai,5,47.71,0.2,190.84,155.7,35.14,UPI,Small Business
ORD-03790,2025-06-28,CUST-0643,Furniture,Bookshelf,South,Hyderabad,7,389.97,0.1,2456.81,1493.43,963.38,UPI,Consumer
ORD-03210,2025-06-28,CUST-0200,Office Supplies,Notebook,North,Jaipur,4,26.68,0.15,90.71,72.14,18.57,UPI,Consumer
ORD-04080,2025-06-28,CUST-0622,Office Supplies,Notebook,South,Bengaluru,7,45.17,0.0,316.19,212.74,103.45,Credit Card,Small Business
ORD-03502,2025-06-28,CUST-0779,Office Supplies,Stapler,Central,Bhopal,6,43.0,0.0,258.0,194.92,63.08,UPI,Corporate
ORD-01187,2025-06-28,CUST-0243,Office Supplies,Pen Set,South,Bengaluru,5,33.15,0.15,140.89,117.49,23.4,Debit Card,Consumer
ORD-03972,2025-06-28,CUST-1144,Home & Kitchen,Vacuum Cleaner,Central,Nagpur,6,139.53,0.05,795.32,505.23,290.09,Credit Card,Consumer
ORD-03565,2025-06-28,CUST-0529,Home & Kitchen,Toaster,Central,Nagpur,3,84.29,0.0,252.87,180.84,72.03,Credit Card,Consumer
ORD-01340,2025-06-28,CUST-0875,Clothing,Sneakers,South,Hyderabad,5,36.72,0.1,165.24,97.63,67.61,Credit Card,Small Business
ORD-00849,2025-06-28,CUST-0621,Home & Kitchen,Coffee Maker,Central,Bhopal,8,110.73,0.0,885.84,641.51,244.33,Bank Transfer,Consumer
ORD-00415,2025-06-28,CUST-0009,Home & Kitchen,Coffee Maker,West,Ahmedabad,5,121.45,0.05,576.89,495.25,81.64,UPI,Small Business
ORD-04097,2025-06-28,CUST-0482,Electronics,Headphones,Central,Nagpur,2,371.41,0.1,668.54,426.08,242.46,Credit Card,Small Business
ORD-00916,2025-06-28,CUST-0769,Furniture,Cabinet,South,Hyderabad,8,423.11,0.05,3215.64,1968.17,1247.47,Cash,Corporate
ORD-02212,2025-06-28,CUST-0323,Home & Kitchen,Coffee Maker,West,Pune,8,133.35,0.15,906.78,756.76,150.02,Bank Transfer,Consumer
ORD-01491,2025-06-28,CUST-0233,Home & Kitchen,Toaster,Central,Nagpur,4,114.11,0.1,410.8,277.28,133.52,UPI,Corporate
ORD-03291,2025-06-29,CUST-0967,Electronics,Headphones,South,Chennai,5,610.73,0.15,2595.6,1942.49,653.11,Debit Card,Consumer
ORD-04450,2025-06-29,CUST-0872,Furniture,Office Chair,North,Delhi,7,359.52,0.05,2390.81,1570.31,820.5,Debit Card,Consumer
ORD-04161,2025-06-29,CUST-0518,Electronics,Smartphone,East,Kolkata,2,291.23,0.1,524.21,406.14,118.07,UPI,Consumer
ORD-01684,2025-06-29,CUST-0764,Office Supplies,Calculator,South,Chennai,7,32.83,0.05,218.32,130.11,88.21,UPI,Small Business
ORD-01282,2025-06-29,CUST-0980,Furniture,Bookshelf,South,Chennai,8,228.66,0.15,1554.89,1086.12,468.77,Cash,Consumer
ORD-04816,2025-06-29,CUST-0209,Home & Kitchen,Coffee Maker,East,Kolkata,3,105.46,0.05,300.56,250.94,49.62,Debit Card,Consumer
ORD-04197,2025-06-29,CUST-0675,Electronics,Laptop,South,Bengaluru,3,679.86,0.0,2039.58,1292.04,747.54,Debit Card,Small Business
ORD-04209,2025-06-29,CUST-0042,Clothing,Sneakers,South,Chennai,1,59.83,0.0,59.83,41.54,18.29,Credit Card,Consumer
ORD-04863,2025-06-29,CUST-0236,Clothing,Jacket,Central,Nagpur,7,37.82,0.0,264.74,162.9,101.84,UPI,Corporate
ORD-01030,2025-06-29,CUST-0297,Furniture,Office Chair,South,Hyderabad,4,353.37,0.05,1342.81,891.62,451.19,UPI,Consumer
ORD-01563,2025-06-29,CUST-0430,Electronics,Keyboard,North,Jaipur,1,592.97,0.05,563.32,469.21,94.11,UPI,Consumer
ORD-00482,2025-06-29,CUST-0843,Electronics,Monitor,South,Chennai,2,516.66,0.0,1033.32,766.21,267.11,Cash,Consumer
ORD-01765,2025-06-29,CUST-0179,Electronics,Laptop,South,Bengaluru,4,370.05,0.0,1480.2,972.52,507.68,Bank Transfer,Corporate
ORD-03043,2025-06-29,CUST-1065,Home & Kitchen,Coffee Maker,East,Kolkata,2,117.94,0.0,235.88,142.58,93.3,Credit Card,Consumer
ORD-04014,2025-06-29,CUST-0612,Home & Kitchen,Vacuum Cleaner,West,Mumbai,6,160.42,0.0,962.52,713.6,248.92,Credit Card,Consumer
ORD-00081,2025-06-29,CUST-1073,Office Supplies,Pen Set,North,Chandigarh,6,28.71,0.0,172.26,110.17,62.09,Credit Card,Small Business
ORD-04241,2025-06-30,CUST-0711,Electronics,Keyboard,North,Jaipur,2,519.67,0.0,1039.34,839.9,199.44,Credit Card,Consumer
ORD-02617,2025-06-30,CUST-0338,Electronics,Headphones,North,Jaipur,1,355.43,0.15,302.12,225.17,76.95,Bank Transfer,Corporate
ORD-02985,2025-06-30,CUST-0922,Furniture,Office Chair,West,Mumbai,6,230.89,0.0,1385.34,1084.71,300.63,Bank Transfer,Consumer
ORD-01860,2025-06-30,CUST-0466,Furniture,Cabinet,South,Chennai,1,237.4,0.15,201.79,133.51,68.28,UPI,Consumer
ORD-04157,2025-06-30,CUST-1043,Office Supplies,Stapler,North,Chandigarh,4,19.99,0.1,71.96,46.1,25.86,Credit Card,Consumer
ORD-00521,2025-06-30,CUST-0640,Home & Kitchen,Toaster,North,Delhi,5,142.64,0.0,713.2,563.79,149.41,Debit Card,Consumer
ORD-01671,2025-06-30,CUST-0484,Clothing,Sneakers,West,Mumbai,1,34.29,0.1,30.86,18.0,12.86,UPI,Small Business
ORD-00409,2025-06-30,CUST-1125,Office Supplies,Stapler,South,Chennai,7,39.9,0.0,279.3,193.7,85.6,UPI,Small Business
ORD-00703,2025-06-30,CUST-1047,Furniture,Cabinet,West,Ahmedabad,4,400.57,0.0,1602.28,1327.66,274.62,Debit Card,Consumer
ORD-00584,2025-06-30,CUST-0295,Electronics,Keyboard,West,Ahmedabad,7,494.21,0.0,3459.47,2187.97,1271.5,Credit Card,Corporate
ORD-00086,2025-07-01,CUST-0007,Clothing,Jacket,East,Kolkata,5,43.06,0.05,204.54,137.19,67.35,UPI,Corporate
ORD-04589,2025-07-01,CUST-0351,Clothing,Backpack,West,Ahmedabad,4,67.9,0.05,258.02,149.92,108.1,Cash,Small Business
ORD-00954,2025-07-01,CUST-1129,Office Supplies,Calculator,North,Jaipur,4,39.06,0.0,156.24,102.05,54.19,UPI,Corporate
ORD-00486,2025-07-01,CUST-0616,Electronics,Headphones,South,Chennai,5,437.28,0.0,2186.4,1402.99,783.41,UPI,Consumer
ORD-01685,2025-07-01,CUST-0791,Electronics,Headphones,East,Kolkata,1,656.54,0.05,623.71,391.2,232.51,Credit Card,Consumer
ORD-02701,2025-07-01,CUST-0655,Office Supplies,Pen Set,West,Pune,5,39.17,0.2,156.68,114.31,42.37,Debit Card,Consumer
ORD-02858,2025-07-01,CUST-0565,Electronics,Laptop,Central,Indore,6,315.02,0.2,1512.1,984.6,527.5,UPI,Consumer
ORD-04885,2025-07-01,CUST-0801,Electronics,Headphones,East,Guwahati,4,576.1,0.0,2304.4,1387.19,917.21,UPI,Consumer
ORD-04999,2025-07-01,CUST-0252,Office Supplies,Stapler,South,Bengaluru,2,55.28,0.15,93.98,59.77,34.21,UPI,Consumer
ORD-04510,2025-07-01,CUST-0923,Furniture,Bookshelf,East,Bhubaneswar,4,215.06,0.0,860.24,559.28,300.96,UPI,Small Business
ORD-00314,2025-07-01,CUST-0574,Electronics,Monitor,East,Guwahati,6,473.77,0.05,2700.49,1618.24,1082.25,Debit Card,Consumer
ORD-00039,2025-07-02,CUST-0596,Clothing,Backpack,West,Mumbai,5,47.06,0.05,223.54,163.1,60.44,Cash,Consumer
ORD-03646,2025-07-02,CUST-0231,Clothing,Jacket,East,Kolkata,2,54.7,0.0,109.4,91.16,18.24,Cash,Corporate
ORD-04372,2025-07-02,CUST-1036,Clothing,Jeans,North,Chandigarh,5,62.94,0.05,298.96,215.48,83.48,UPI,Consumer
ORD-04870,2025-07-02,CUST-0995,Furniture,Desk,Central,Bhopal,3,309.6,0.05,882.36,648.48,233.88,UPI,Small Business
ORD-02499,2025-07-02,CUST-0096,Electronics,Smartphone,South,Chennai,2,889.06,0.15,1511.4,999.3,512.1,Credit Card,Consumer
ORD-03583,2025-07-02,CUST-0102,Furniture,Desk,South,Bengaluru,3,252.42,0.1,681.53,511.56,169.97,Bank Transfer,Consumer
ORD-02710,2025-07-02,CUST-0093,Office Supplies,Printer Paper,East,Kolkata,1,35.39,0.1,31.85,21.27,10.58,Credit Card,Consumer
ORD-01183,2025-07-02,CUST-0293,Office Supplies,Calculator,West,Mumbai,3,40.49,0.0,121.47,79.18,42.29,Cash,Consumer
ORD-01181,2025-07-02,CUST-1157,Clothing,Backpack,South,Bengaluru,7,51.29,0.15,305.18,232.39,72.79,Debit Card,Small Business
ORD-01801,2025-07-02,CUST-0437,Clothing,T-Shirt,West,Pune,1,70.86,0.05,67.32,50.46,16.86,UPI,Corporate
ORD-02980,2025-07-02,CUST-0009,Clothing,Backpack,East,Guwahati,2,46.68,0.0,93.36,60.4,32.96,UPI,Consumer
ORD-02420,2025-07-02,CUST-0566,Furniture,Table,East,Guwahati,7,373.06,0.1,2350.28,1860.1,490.18,Credit Card,Small Business
ORD-03558,2025-07-02,CUST-0072,Home & Kitchen,Toaster,West,Pune,7,81.34,0.0,569.38,378.91,190.47,Bank Transfer,Consumer
ORD-04575,2025-07-02,CUST-0240,Office Supplies,Stapler,West,Ahmedabad,4,32.68,0.05,124.18,99.77,24.41,UPI,Consumer
ORD-03795,2025-07-02,CUST-0062,Clothing,Jeans,Central,Indore,6,58.12,0.1,313.85,216.22,97.63,UPI,Corporate
ORD-03717,2025-07-03,CUST-1084,Electronics,Monitor,North,Jaipur,7,382.64,0.1,2410.63,1509.06,901.57,Credit Card,Corporate
ORD-01561,2025-07-03,CUST-0150,Home & Kitchen,Cookware Set,North,Chandigarh,3,111.96,0.0,335.88,214.08,121.8,Bank Transfer,Consumer
ORD-02029,2025-07-03,CUST-0753,Electronics,Keyboard,North,Chandigarh,5,413.69,0.05,1965.03,1568.65,396.38,Debit Card,Small Business
ORD-01336,2025-07-03,CUST-1105,Home & Kitchen,Cookware Set,North,Chandigarh,5,150.0,0.1,675.0,404.65,270.35,Debit Card,Small Business
ORD-02189,2025-07-03,CUST-0954,Clothing,T-Shirt,East,Kolkata,2,54.54,0.1,98.17,70.73,27.44,Bank Transfer,Small Business
ORD-01477,2025-07-03,CUST-0523,Clothing,Jacket,East,Kolkata,3,81.91,0.0,245.73,187.49,58.24,UPI,Corporate
ORD-04275,2025-07-03,CUST-0990,Office Supplies,Pen Set,South,Chennai,5,28.15,0.0,140.75,96.34,44.41,UPI,Corporate
ORD-00779,2025-07-03,CUST-0293,Electronics,Laptop,South,Chennai,8,411.15,0.1,2960.28,2015.29,944.99,UPI,Small Business
ORD-03219,2025-07-03,CUST-0121,Clothing,Jeans,South,Hyderabad,4,45.71,0.15,155.41,96.61,58.8,Debit Card,Corporate
ORD-02770,2025-07-03,CUST-0805,Home & Kitchen,Cookware Set,Central,Bhopal,4,123.65,0.0,494.6,389.61,104.99,Debit Card,Corporate
ORD-01980,2025-07-04,CUST-0416,Electronics,Laptop,West,Pune,5,400.5,0.2,1602.0,1144.73,457.27,UPI,Corporate
ORD-02598,2025-07-04,CUST-0713,Office Supplies,Stapler,North,Delhi,3,41.53,0.05,118.36,69.28,49.08,Credit Card,Small Business
ORD-00447,2025-07-04,CUST-0878,Electronics,Laptop,Central,Indore,2,503.87,0.0,1007.74,618.45,389.29,Bank Transfer,Corporate
ORD-03557,2025-07-04,CUST-0736,Home & Kitchen,Coffee Maker,Central,Nagpur,2,116.72,0.2,186.75,141.97,44.78,UPI,Consumer
ORD-03333,2025-07-04,CUST-0050,Clothing,Backpack,South,Bengaluru,1,59.32,0.0,59.32,47.51,11.81,Credit Card,Consumer
ORD-02068,2025-07-04,CUST-1143,Electronics,Keyboard,West,Mumbai,2,411.54,0.1,740.77,479.99,260.78,Credit Card,Consumer
ORD-03092,2025-07-04,CUST-0578,Home & Kitchen,Toaster,West,Ahmedabad,1,138.81,0.1,124.93,95.37,29.56,Credit Card,Consumer
ORD-02239,2025-07-04,CUST-0031,Clothing,Jeans,South,Chennai,8,43.68,0.0,349.44,262.3,87.14,UPI,Corporate
ORD-03506,2025-07-04,CUST-0078,Furniture,Table,North,Delhi,7,350.01,0.0,2450.07,1713.96,736.11,Cash,Consumer
ORD-00033,2025-07-04,CUST-0551,Office Supplies,Pen Set,Central,Indore,5,32.92,0.0,164.6,118.13,46.47,Debit Card,Consumer
ORD-00514,2025-07-04,CUST-0178,Electronics,Laptop,North,Chandigarh,7,382.9,0.05,2546.28,1705.51,840.77,Credit Card,Corporate
ORD-02049,2025-07-04,CUST-0148,Office Supplies,Pen Set,South,Bengaluru,1,44.95,0.2,35.96,30.9,5.06,Credit Card,Small Business
ORD-03524,2025-07-05,CUST-1002,Electronics,Monitor,Central,Nagpur,8,464.77,0.0,3718.16,3134.29,583.87,UPI,Small Business
ORD-03307,2025-07-05,CUST-0352,Office Supplies,Calculator,West,Mumbai,7,28.7,0.0,200.9,137.91,62.99,Debit Card,Consumer
ORD-03751,2025-07-05,CUST-0941,Electronics,Laptop,North,Delhi,2,294.95,0.1,530.91,383.02,147.89,Debit Card,Consumer
ORD-01657,2025-07-05,CUST-1017,Electronics,Headphones,West,Pune,7,509.38,0.0,3565.66,2851.91,713.75,Debit Card,Consumer
ORD-02130,2025-07-05,CUST-0618,Office Supplies,Stapler,East,Guwahati,6,38.16,0.2,183.17,107.05,76.12,Credit Card,Consumer
ORD-00499,2025-07-05,CUST-0037,Office Supplies,Stapler,West,Ahmedabad,7,30.24,0.05,201.1,144.95,56.15,Bank Transfer,Consumer
ORD-04732,2025-07-05,CUST-0141,Home & Kitchen,Blender,Central,Bhopal,3,153.73,0.0,461.19,352.28,108.91,Credit Card,Consumer
ORD-04711,2025-07-05,CUST-0312,Clothing,Jeans,Central,Nagpur,7,45.35,0.0,317.45,250.23,67.22,Credit Card,Consumer
ORD-03997,2025-07-05,CUST-0356,Office Supplies,Printer Paper,West,Ahmedabad,3,46.64,0.15,118.93,85.09,33.84,UPI,Corporate
ORD-01482,2025-07-05,CUST-0356,Clothing,Backpack,North,Chandigarh,7,66.57,0.0,465.99,329.88,136.11,UPI,Corporate
ORD-01863,2025-07-05,CUST-0325,Office Supplies,Pen Set,West,Mumbai,4,28.72,0.1,103.39,83.37,20.02,Credit Card,Small Business
ORD-00599,2025-07-05,CUST-0825,Furniture,Office Chair,Central,Bhopal,5,297.5,0.1,1338.75,911.42,427.33,UPI,Consumer
ORD-04988,2025-07-06,CUST-0833,Home & Kitchen,Vacuum Cleaner,West,Mumbai,1,113.25,0.0,113.25,92.06,21.19,Credit Card,Small Business
ORD-01293,2025-07-06,CUST-0820,Office Supplies,Notebook,South,Chennai,7,34.12,0.0,238.84,147.16,91.68,Credit Card,Small Business
ORD-01343,2025-07-06,CUST-0774,Clothing,Jeans,West,Pune,8,58.65,0.0,469.2,396.63,72.57,UPI,Corporate
ORD-00093,2025-07-06,CUST-0406,Electronics,Monitor,East,Kolkata,7,510.86,0.05,3397.22,2877.94,519.28,UPI,Consumer
ORD-02266,2025-07-06,CUST-0776,Office Supplies,Calculator,West,Mumbai,1,30.26,0.05,28.75,17.19,11.56,Debit Card,Small Business
ORD-02965,2025-07-06,CUST-0627,Electronics,Monitor,South,Chennai,5,475.99,0.1,2141.96,1647.49,494.47,Credit Card,Consumer
ORD-04614,2025-07-06,CUST-0870,Office Supplies,Printer Paper,Central,Indore,8,46.25,0.1,333.0,253.06,79.94,UPI,Consumer
ORD-04509,2025-07-06,CUST-0098,Furniture,Table,West,Ahmedabad,2,155.1,0.0,310.2,266.43,43.77,Credit Card,Consumer
ORD-01991,2025-07-06,CUST-0309,Office Supplies,Calculator,North,Chandigarh,3,43.14,0.15,110.01,84.95,25.06,UPI,Small Business
ORD-03755,2025-07-06,CUST-0475,Home & Kitchen,Coffee Maker,North,Delhi,8,116.14,0.1,836.21,541.45,294.76,Bank Transfer,Consumer
ORD-04320,2025-07-06,CUST-0090,Clothing,T-Shirt,Central,Nagpur,4,64.06,0.05,243.43,203.31,40.12,UPI,Consumer
ORD-00462,2025-07-06,CUST-0114,Clothing,Sneakers,North,Jaipur,2,64.74,0.05,123.01,84.37,38.64,Bank Transfer,Consumer
ORD-01958,2025-07-06,CUST-0141,Clothing,Backpack,South,Hyderabad,7,74.51,0.0,521.57,381.12,140.45,UPI,Consumer
ORD-02571,2025-07-06,CUST-0778,Furniture,Cabinet,East,Bhubaneswar,2,221.6,0.15,376.72,322.6,54.12,Credit Card,Corporate
ORD-04262,2025-07-06,CUST-0998,Office Supplies,Notebook,Central,Nagpur,8,34.18,0.15,232.42,166.23,66.19,UPI,Corporate
ORD-01513,2025-07-06,CUST-0160,Electronics,Laptop,West,Pune,6,366.0,0.05,2086.2,1624.46,461.74,Bank Transfer,Small Business
ORD-03649,2025-07-06,CUST-0433,Electronics,Laptop,East,Bhubaneswar,8,402.81,0.1,2900.23,2012.36,887.87,Bank Transfer,Consumer
ORD-02696,2025-07-06,CUST-1158,Electronics,Headphones,South,Bengaluru,4,544.25,0.1,1959.3,1213.95,745.35,Credit Card,Consumer
ORD-04743,2025-07-06,CUST-0809,Office Supplies,Stapler,East,Kolkata,6,20.49,0.1,110.65,86.57,24.08,UPI,Corporate
ORD-04350,2025-07-06,CUST-1001,Furniture,Cabinet,Central,Nagpur,7,227.51,0.0,1592.57,1208.76,383.81,Credit Card,Consumer
ORD-00243,2025-07-07,CUST-0295,Electronics,Smartphone,South,Chennai,2,431.85,0.0,863.7,557.14,306.56,UPI,Consumer
ORD-00242,2025-07-07,CUST-0083,Electronics,Monitor,East,Guwahati,5,570.39,0.15,2424.16,1455.1,969.06,UPI,Consumer
ORD-04168,2025-07-07,CUST-0602,Clothing,Jeans,Central,Indore,1,35.82,0.0,35.82,29.65,6.17,UPI,Small Business
ORD-01573,2025-07-07,CUST-0662,Furniture,Desk,South,Bengaluru,7,315.12,0.05,2095.55,1684.54,411.01,Debit Card,Corporate
ORD-00982,2025-07-07,CUST-1173,Clothing,Backpack,Central,Bhopal,4,69.82,0.15,237.39,196.6,40.79,UPI,Consumer
ORD-01547,2025-07-07,CUST-1124,Home & Kitchen,Toaster,West,Mumbai,4,153.46,0.0,613.84,359.75,254.09,UPI,Consumer
ORD-02459,2025-07-07,CUST-0758,Electronics,Monitor,Central,Nagpur,2,373.05,0.1,671.49,456.87,214.62,UPI,Consumer
ORD-03572,2025-07-07,CUST-0743,Office Supplies,Calculator,North,Delhi,6,47.1,0.0,282.6,189.16,93.44,Bank Transfer,Small Business
ORD-01483,2025-07-07,CUST-0170,Home & Kitchen,Blender,East,Kolkata,4,149.57,0.1,538.45,364.88,173.57,UPI,Consumer
ORD-02976,2025-07-07,CUST-0212,Electronics,Headphones,North,Chandigarh,2,320.21,0.0,640.42,481.15,159.27,Credit Card,Consumer
ORD-04895,2025-07-07,CUST-1123,Home & Kitchen,Vacuum Cleaner,West,Mumbai,2,156.31,0.2,250.1,204.58,45.52,UPI,Consumer
ORD-02978,2025-07-07,CUST-1061,Electronics,Monitor,North,Jaipur,7,309.56,0.1,1950.23,1561.7,388.53,Debit Card,Corporate
ORD-00184,2025-07-07,CUST-0211,Clothing,Jeans,East,Guwahati,4,61.22,0.0,244.88,185.67,59.21,Credit Card,Consumer
ORD-00087,2025-07-07,CUST-0396,Home & Kitchen,Toaster,East,Kolkata,2,82.75,0.05,157.22,117.17,40.05,Cash,Consumer
ORD-04837,2025-07-07,CUST-0319,Office Supplies,Calculator,South,Chennai,4,36.67,0.0,146.68,110.78,35.9,Credit Card,Small Business
ORD-04315,2025-07-07,CUST-0585,Electronics,Headphones,West,Pune,1,577.11,0.15,490.54,399.55,90.99,UPI,Consumer
ORD-04152,2025-07-08,CUST-1058,Furniture,Office Chair,North,Jaipur,2,301.39,0.0,602.78,376.36,226.42,Credit Card,Corporate
ORD-00987,2025-07-08,CUST-0967,Furniture,Desk,East,Guwahati,8,292.72,0.0,2341.76,1459.21,882.55,Debit Card,Corporate
ORD-02948,2025-07-08,CUST-0850,Electronics,Laptop,East,Guwahati,4,336.85,0.0,1347.4,907.04,440.36,Credit Card,Consumer
ORD-03259,2025-07-08,CUST-0401,Office Supplies,Printer Paper,East,Kolkata,2,42.79,0.05,81.3,52.77,28.53,UPI,Corporate
ORD-01195,2025-07-08,CUST-0128,Office Supplies,Pen Set,Central,Indore,3,28.22,0.0,84.66,50.8,33.86,UPI,Consumer
ORD-01013,2025-07-08,CUST-0552,Electronics,Smartphone,North,Jaipur,4,487.98,0.05,1854.32,1268.9,585.42,UPI,Small Business
ORD-03274,2025-07-08,CUST-0813,Clothing,T-Shirt,East,Kolkata,5,66.42,0.0,332.1,229.57,102.53,UPI,Corporate
ORD-01858,2025-07-08,CUST-0565,Clothing,Backpack,North,Chandigarh,5,91.51,0.05,434.67,317.41,117.26,Cash,Consumer
ORD-03042,2025-07-08,CUST-0949,Clothing,Sneakers,Central,Nagpur,7,57.83,0.0,404.81,304.24,100.57,Credit Card,Corporate
ORD-03912,2025-07-08,CUST-0725,Office Supplies,Printer Paper,Central,Bhopal,1,42.12,0.05,40.01,28.73,11.28,Bank Transfer,Consumer
ORD-04075,2025-07-08,CUST-1115,Office Supplies,Notebook,South,Hyderabad,4,32.69,0.0,130.76,112.37,18.39,Bank Transfer,Small Business
ORD-04200,2025-07-08,CUST-0326,Clothing,Jeans,East,Kolkata,1,61.91,0.0,61.91,52.35,9.56,UPI,Corporate
ORD-00733,2025-07-08,CUST-0170,Office Supplies,Notebook,South,Bengaluru,2,46.52,0.15,79.08,57.37,21.71,UPI,Consumer
ORD-03926,2025-07-08,CUST-0135,Office Supplies,Notebook,East,Kolkata,7,31.78,0.0,222.46,145.49,76.97,Debit Card,Consumer
ORD-04192,2025-07-08,CUST-0130,Home & Kitchen,Blender,East,Kolkata,2,117.03,0.05,222.36,179.64,42.72,UPI,Consumer
ORD-04159,2025-07-08,CUST-0532,Electronics,Headphones,South,Chennai,8,428.7,0.15,2915.16,2231.15,684.01,UPI,Consumer
ORD-02723,2025-07-08,CUST-0135,Electronics,Keyboard,West,Pune,1,522.82,0.15,444.4,355.56,88.84,Debit Card,Small Business
ORD-00003,2025-07-09,CUST-1155,Electronics,Keyboard,West,Ahmedabad,6,379.18,0.05,2161.33,1612.08,549.25,Bank Transfer,Corporate
ORD-01698,2025-07-09,CUST-0079,Home & Kitchen,Vacuum Cleaner,East,Kolkata,2,103.7,0.1,186.66,152.65,34.01,Bank Transfer,Small Business
ORD-01269,2025-07-09,CUST-0958,Furniture,Office Chair,Central,Nagpur,1,384.94,0.0,384.94,263.9,121.04,Credit Card,Small Business
ORD-00995,2025-07-09,CUST-0914,Electronics,Headphones,South,Hyderabad,4,528.18,0.0,2112.72,1564.9,547.82,Credit Card,Corporate
ORD-01313,2025-07-09,CUST-0401,Clothing,Jeans,East,Kolkata,3,63.58,0.15,162.13,115.53,46.6,UPI,Small Business
ORD-03702,2025-07-09,CUST-0278,Clothing,Sneakers,North,Delhi,3,43.01,0.1,116.13,79.74,36.39,Debit Card,Small Business
ORD-03457,2025-07-09,CUST-0007,Furniture,Bookshelf,East,Guwahati,8,407.01,0.0,3256.08,2400.26,855.82,Cash,Corporate
ORD-04410,2025-07-09,CUST-0126,Electronics,Laptop,Central,Bhopal,1,335.92,0.0,335.92,211.48,124.44,Credit Card,Small Business
ORD-03447,2025-07-09,CUST-0128,Home & Kitchen,Coffee Maker,North,Delhi,2,115.5,0.0,231.0,141.69,89.31,Bank Transfer,Consumer
ORD-01154,2025-07-09,CUST-0904,Office Supplies,Notebook,South,Bengaluru,8,35.04,0.1,252.29,180.62,71.67,UPI,Consumer
ORD-02810,2025-07-09,CUST-0168,Furniture,Cabinet,East,Kolkata,7,198.77,0.0,1391.39,901.69,489.7,Credit Card,Consumer
ORD-04405,2025-07-09,CUST-0987,Office Supplies,Notebook,East,Guwahati,3,36.29,0.05,103.43,87.71,15.72,Debit Card,Consumer
ORD-04796,2025-07-09,CUST-1077,Electronics,Smartphone,North,Chandigarh,8,375.38,0.0,3003.04,2182.44,820.6,Credit Card,Consumer
ORD-02820,2025-07-09,CUST-0680,Furniture,Bookshelf,West,Mumbai,8,428.0,0.0,3424.0,2122.0,1302.0,Credit Card,Consumer
ORD-03098,2025-07-10,CUST-0875,Clothing,Jeans,South,Hyderabad,7,52.71,0.0,368.97,315.69,53.28,UPI,Corporate
ORD-03919,2025-07-10,CUST-0800,Electronics,Laptop,North,Jaipur,7,341.3,0.05,2269.64,1471.43,798.21,Credit Card,Corporate
ORD-02372,2025-07-10,CUST-0347,Electronics,Keyboard,West,Ahmedabad,5,301.99,0.05,1434.45,1103.44,331.01,Credit Card,Consumer
ORD-02742,2025-07-10,CUST-1114,Furniture,Bookshelf,South,Chennai,4,247.91,0.1,892.48,685.7,206.78,UPI,Small Business
ORD-00167,2025-07-10,CUST-0744,Furniture,Office Chair,West,Ahmedabad,5,196.49,0.0,982.45,772.66,209.79,Cash,Corporate
ORD-00580,2025-07-10,CUST-0338,Office Supplies,Stapler,South,Bengaluru,6,43.42,0.1,234.47,157.1,77.37,Credit Card,Small Business
ORD-01247,2025-07-10,CUST-0567,Electronics,Laptop,West,Pune,1,272.48,0.05,258.86,166.07,92.79,Bank Transfer,Consumer
ORD-02241,2025-07-10,CUST-1097,Electronics,Laptop,North,Chandigarh,5,410.82,0.0,2054.1,1369.52,684.58,UPI,Consumer
ORD-04203,2025-07-10,CUST-0082,Office Supplies,Notebook,North,Jaipur,1,32.81,0.05,31.17,18.76,12.41,Debit Card,Corporate
ORD-01506,2025-07-10,CUST-1070,Electronics,Smartphone,Central,Nagpur,2,357.63,0.0,715.26,574.18,141.08,UPI,Consumer
ORD-04217,2025-07-10,CUST-0653,Clothing,Sneakers,South,Chennai,1,70.21,0.0,70.21,41.7,28.51,UPI,Small Business
ORD-03387,2025-07-11,CUST-0345,Electronics,Laptop,South,Bengaluru,2,409.72,0.1,737.5,518.02,219.48,Credit Card,Consumer
ORD-02994,2025-07-11,CUST-0265,Electronics,Monitor,West,Mumbai,7,401.85,0.1,2531.66,1738.31,793.35,UPI,Small Business
ORD-01580,2025-07-11,CUST-1063,Electronics,Headphones,South,Chennai,6,272.75,0.0,1636.5,1014.89,621.61,Credit Card,Consumer
ORD-04843,2025-07-11,CUST-0199,Home & Kitchen,Blender,Central,Bhopal,6,113.94,0.1,615.28,376.96,238.32,Cash,Corporate
ORD-03053,2025-07-11,CUST-0368,Clothing,T-Shirt,East,Kolkata,3,55.72,0.1,150.44,103.97,46.47,Credit Card,Small Business
ORD-00602,2025-07-11,CUST-1019,Office Supplies,Notebook,South,Bengaluru,3,23.85,0.0,71.55,41.7,29.85,UPI,Small Business
ORD-00350,2025-07-11,CUST-0227,Home & Kitchen,Coffee Maker,Central,Bhopal,3,101.55,0.05,289.42,230.69,58.73,UPI,Consumer
ORD-03958,2025-07-11,CUST-0516,Office Supplies,Calculator,West,Ahmedabad,3,38.33,0.1,103.49,83.63,19.86,UPI,Consumer
ORD-04848,2025-07-11,CUST-0844,Clothing,Jeans,West,Pune,1,50.22,0.0,50.22,41.51,8.71,UPI,Small Business
ORD-03857,2025-07-11,CUST-0057,Electronics,Smartphone,North,Delhi,1,442.85,0.05,420.71,319.36,101.35,Debit Card,Consumer
ORD-03955,2025-07-12,CUST-0574,Home & Kitchen,Vacuum Cleaner,East,Guwahati,3,113.96,0.05,324.79,227.06,97.73,UPI,Small Business
ORD-02728,2025-07-12,CUST-0228,Electronics,Smartphone,South,Bengaluru,6,400.93,0.0,2405.58,2022.15,383.43,Credit Card,Consumer
ORD-03206,2025-07-12,CUST-0026,Office Supplies,Pen Set,Central,Bhopal,6,29.38,0.15,149.84,91.76,58.08,Credit Card,Consumer
ORD-01259,2025-07-12,CUST-0008,Home & Kitchen,Toaster,East,Bhubaneswar,5,88.01,0.05,418.05,248.95,169.1,Bank Transfer,Small Business
ORD-04824,2025-07-12,CUST-0149,Electronics,Headphones,South,Chennai,7,472.59,0.0,3308.13,1940.56,1367.57,Bank Transfer,Consumer
ORD-04818,2025-07-12,CUST-0129,Clothing,Backpack,Central,Nagpur,1,55.65,0.0,55.65,42.47,13.18,Bank Transfer,Consumer
ORD-00812,2025-07-12,CUST-1054,Clothing,Jacket,East,Kolkata,1,69.32,0.05,65.85,45.62,20.23,Credit Card,Consumer
ORD-03256,2025-07-12,CUST-0745,Office Supplies,Calculator,South,Chennai,2,37.05,0.05,70.4,51.73,18.67,UPI,Corporate
ORD-04798,2025-07-12,CUST-0319,Clothing,Sneakers,Central,Indore,1,68.31,0.15,58.06,40.97,17.09,Credit Card,Small Business
ORD-01002,2025-07-12,CUST-0043,Office Supplies,Calculator,South,Chennai,5,54.75,0.0,273.75,229.55,44.2,UPI,Small Business
ORD-00652,2025-07-12,CUST-0382,Clothing,Sneakers,Central,Bhopal,1,78.42,0.0,78.42,57.25,21.17,Bank Transfer,Small Business
ORD-02408,2025-07-12,CUST-0219,Home & Kitchen,Blender,West,Pune,1,94.32,0.2,75.46,64.32,11.14,UPI,Consumer
ORD-02702,2025-07-13,CUST-1026,Office Supplies,Stapler,South,Bengaluru,1,31.09,0.0,31.09,23.08,8.01,Credit Card,Consumer
ORD-03012,2025-07-13,CUST-0703,Office Supplies,Stapler,West,Mumbai,7,33.05,0.2,185.08,143.55,41.53,UPI,Consumer
ORD-02805,2025-07-13,CUST-0671,Office Supplies,Calculator,Central,Nagpur,3,52.14,0.1,140.78,116.12,24.66,UPI,Consumer
ORD-03773,2025-07-13,CUST-0895,Office Supplies,Notebook,Central,Bhopal,4,25.0,0.05,95.0,62.05,32.95,Cash,Consumer
ORD-05000,2025-07-13,CUST-0087,Office Supplies,Pen Set,North,Delhi,6,45.31,0.05,258.27,221.24,37.03,UPI,Consumer
ORD-01993,2025-07-13,CUST-0556,Furniture,Table,South,Bengaluru,2,323.26,0.05,614.19,377.54,236.65,UPI,Small Business
ORD-00745,2025-07-13,CUST-0244,Office Supplies,Pen Set,North,Chandigarh,7,52.98,0.05,352.32,268.19,84.13,UPI,Corporate
ORD-00818,2025-07-13,CUST-0949,Home & Kitchen,Coffee Maker,South,Bengaluru,3,80.86,0.2,194.06,113.0,81.06,UPI,Corporate
ORD-01235,2025-07-14,CUST-0399,Furniture,Desk,South,Chennai,6,227.22,0.0,1363.32,1117.6,245.72,Debit Card,Small Business
ORD-00132,2025-07-14,CUST-0844,Electronics,Headphones,East,Bhubaneswar,6,570.72,0.0,3424.32,2484.47,939.85,Cash,Consumer
ORD-02490,2025-07-14,CUST-0507,Electronics,Laptop,Central,Nagpur,8,599.34,0.15,4075.51,2958.96,1116.55,Credit Card,Corporate
ORD-02660,2025-07-14,CUST-1113,Home & Kitchen,Toaster,North,Jaipur,1,143.55,0.0,143.55,100.54,43.01,Debit Card,Small Business
ORD-04229,2025-07-14,CUST-0114,Office Supplies,Printer Paper,West,Pune,4,25.2,0.2,80.64,57.22,23.42,Credit Card,Consumer
ORD-02268,2025-07-14,CUST-0606,Furniture,Cabinet,West,Mumbai,7,309.17,0.15,1839.56,1077.93,761.63,Credit Card,Small Business
ORD-03350,2025-07-14,CUST-0036,Furniture,Desk,North,Chandigarh,7,194.4,0.1,1224.72,854.6,370.12,Debit Card,Small Business
ORD-03725,2025-07-14,CUST-0824,Electronics,Headphones,Central,Indore,2,582.21,0.1,1047.98,837.25,210.73,Credit Card,Consumer
ORD-00498,2025-07-14,CUST-0754,Clothing,Jacket,West,Pune,6,81.61,0.1,440.69,362.17,78.52,UPI,Consumer
ORD-04031,2025-07-14,CUST-0538,Home & Kitchen,Vacuum Cleaner,Central,Bhopal,5,190.47,0.05,904.73,691.0,213.73,Credit Card,Corporate
ORD-00058,2025-07-14,CUST-0061,Electronics,Keyboard,West,Mumbai,8,585.67,0.05,4451.09,3413.61,1037.48,Credit Card,Consumer
ORD-02883,2025-07-14,CUST-0265,Office Supplies,Notebook,North,Chandigarh,6,23.7,0.1,127.98,95.71,32.27,Bank Transfer,Small Business
ORD-00355,2025-07-14,CUST-0351,Furniture,Bookshelf,East,Kolkata,2,357.48,0.0,714.96,558.24,156.72,Debit Card,Corporate
ORD-04081,2025-07-14,CUST-0047,Electronics,Headphones,South,Chennai,5,476.71,0.05,2264.37,1365.3,899.07,Debit Card,Consumer
ORD-02880,2025-07-14,CUST-1004,Furniture,Desk,North,Delhi,2,246.6,0.0,493.2,419.09,74.11,Cash,Consumer
ORD-04759,2025-07-14,CUST-0990,Office Supplies,Notebook,Central,Bhopal,1,33.96,0.05,32.26,21.62,10.64,Credit Card,Corporate
ORD-04220,2025-07-14,CUST-0534,Home & Kitchen,Coffee Maker,West,Mumbai,2,102.87,0.05,195.45,166.14,29.31,Debit Card,Corporate
ORD-00565,2025-07-14,CUST-0858,Clothing,Jacket,South,Bengaluru,2,67.65,0.0,135.3,102.06,33.24,Bank Transfer,Corporate
ORD-04730,2025-07-14,CUST-0501,Electronics,Headphones,South,Bengaluru,2,381.5,0.05,724.85,480.68,244.17,Cash,Corporate
ORD-03766,2025-07-14,CUST-1057,Office Supplies,Calculator,East,Bhubaneswar,7,46.37,0.0,324.59,258.6,65.99,Cash,Corporate
ORD-03843,2025-07-14,CUST-0920,Office Supplies,Printer Paper,Central,Bhopal,6,35.58,0.0,213.48,153.09,60.39,Credit Card,Consumer
ORD-01955,2025-07-14,CUST-1096,Electronics,Laptop,East,Bhubaneswar,7,409.86,0.05,2725.57,2331.76,393.81,UPI,Consumer
ORD-01033,2025-07-14,CUST-0752,Electronics,Keyboard,Central,Nagpur,8,264.14,0.2,1690.5,1007.03,683.47,Credit Card,Consumer
ORD-02242,2025-07-14,CUST-0489,Clothing,Sneakers,Central,Bhopal,2,85.27,0.2,136.43,117.25,19.18,Credit Card,Consumer
ORD-01334,2025-07-15,CUST-0425,Clothing,Sneakers,East,Bhubaneswar,2,48.14,0.05,91.47,58.8,32.67,UPI,Corporate
ORD-01875,2025-07-15,CUST-0979,Electronics,Laptop,Central,Indore,4,312.27,0.05,1186.63,931.94,254.69,UPI,Corporate
ORD-01964,2025-07-15,CUST-1107,Office Supplies,Notebook,South,Chennai,5,33.99,0.05,161.45,133.73,27.72,Bank Transfer,Consumer
ORD-00714,2025-07-15,CUST-1178,Electronics,Laptop,West,Mumbai,6,256.82,0.1,1386.83,845.24,541.59,UPI,Small Business
ORD-04079,2025-07-15,CUST-1043,Home & Kitchen,Toaster,East,Bhubaneswar,6,107.76,0.0,646.56,409.11,237.45,Credit Card,Corporate
ORD-00509,2025-07-15,CUST-0529,Electronics,Keyboard,Central,Bhopal,3,415.08,0.0,1245.24,955.15,290.09,Bank Transfer,Small Business
ORD-01827,2025-07-15,CUST-0206,Electronics,Monitor,Central,Nagpur,2,811.8,0.0,1623.6,1003.99,619.61,Bank Transfer,Corporate
ORD-02041,2025-07-15,CUST-0225,Electronics,Headphones,Central,Indore,7,466.77,0.15,2777.28,2124.71,652.57,Credit Card,Consumer
ORD-02149,2025-07-15,CUST-0959,Office Supplies,Notebook,East,Kolkata,1,20.8,0.1,18.72,11.35,7.37,Credit Card,Consumer
ORD-02756,2025-07-15,CUST-0409,Electronics,Laptop,East,Guwahati,1,567.91,0.2,454.33,336.52,117.81,Credit Card,Consumer
ORD-04145,2025-07-15,CUST-0276,Clothing,Jacket,Central,Nagpur,6,74.55,0.1,402.57,263.58,138.99,Bank Transfer,Corporate
ORD-00808,2025-07-15,CUST-0052,Furniture,Table,South,Hyderabad,3,170.77,0.0,512.31,392.41,119.9,Bank Transfer,Corporate
ORD-00757,2025-07-15,CUST-0279,Electronics,Smartphone,East,Guwahati,7,557.87,0.0,3905.09,3273.72,631.37,Debit Card,Corporate
ORD-01287,2025-07-15,CUST-1163,Electronics,Monitor,Central,Nagpur,4,641.23,0.0,2564.92,1647.03,917.89,UPI,Consumer
ORD-03818,2025-07-15,CUST-1137,Office Supplies,Calculator,West,Pune,8,44.69,0.1,321.77,226.03,95.74,Cash,Consumer
ORD-02523,2025-07-15,CUST-0040,Office Supplies,Stapler,North,Delhi,6,30.8,0.1,166.32,126.77,39.55,UPI,Corporate
ORD-02390,2025-07-15,CUST-0397,Office Supplies,Stapler,North,Jaipur,3,29.83,0.15,76.07,58.91,17.16,UPI,Consumer
ORD-04989,2025-07-15,CUST-1010,Electronics,Headphones,East,Guwahati,5,494.77,0.15,2102.77,1278.02,824.75,UPI,Small Business
ORD-01308,2025-07-16,CUST-0773,Office Supplies,Pen Set,East,Guwahati,7,35.37,0.15,210.45,171.14,39.31,Credit Card,Small Business
ORD-02925,2025-07-16,CUST-0861,Furniture,Bookshelf,South,Bengaluru,5,310.14,0.0,1550.7,1053.95,496.75,UPI,Corporate
ORD-01479,2025-07-16,CUST-0371,Electronics,Monitor,East,Guwahati,4,372.13,0.1,1339.67,927.71,411.96,Cash,Consumer
ORD-03213,2025-07-16,CUST-1192,Home & Kitchen,Toaster,East,Kolkata,1,140.77,0.05,133.73,114.74,18.99,Debit Card,Consumer
ORD-04539,2025-07-16,CUST-0178,Furniture,Table,Central,Bhopal,2,346.68,0.0,693.36,506.26,187.1,Credit Card,Corporate
ORD-02823,2025-07-16,CUST-1091,Electronics,Smartphone,North,Jaipur,3,475.93,0.05,1356.4,1166.31,190.09,Cash,Corporate
ORD-04198,2025-07-16,CUST-0322,Clothing,Jacket,West,Mumbai,8,86.53,0.0,692.24,447.65,244.59,UPI,Consumer
ORD-02439,2025-07-16,CUST-0920,Furniture,Cabinet,East,Guwahati,4,292.91,0.1,1054.48,759.2,295.28,Credit Card,Small Business
ORD-01312,2025-07-16,CUST-0232,Electronics,Headphones,East,Bhubaneswar,8,533.84,0.15,3630.11,2629.67,1000.44,UPI,Consumer
ORD-03519,2025-07-16,CUST-0191,Home & Kitchen,Toaster,West,Mumbai,4,125.85,0.05,478.23,325.19,153.04,Debit Card,Consumer
ORD-04170,2025-07-16,CUST-0134,Clothing,Jacket,South,Bengaluru,4,69.48,0.0,277.92,213.89,64.03,Debit Card,Corporate
ORD-01852,2025-07-17,CUST-0414,Electronics,Laptop,Central,Indore,6,705.94,0.0,4235.64,2720.38,1515.26,Cash,Consumer
ORD-02259,2025-07-17,CUST-0776,Home & Kitchen,Toaster,North,Chandigarh,4,120.42,0.15,409.43,245.82,163.61,UPI,Corporate
ORD-00097,2025-07-17,CUST-0047,Clothing,Backpack,North,Chandigarh,8,58.95,0.0,471.6,403.95,67.65,Credit Card,Corporate
ORD-04527,2025-07-17,CUST-0010,Office Supplies,Pen Set,West,Pune,6,47.33,0.0,283.98,187.19,96.79,Credit Card,Consumer
ORD-01196,2025-07-17,CUST-0163,Home & Kitchen,Coffee Maker,West,Ahmedabad,8,153.63,0.1,1106.14,872.45,233.69,UPI,Consumer
ORD-00186,2025-07-17,CUST-0399,Home & Kitchen,Vacuum Cleaner,Central,Bhopal,4,102.63,0.05,389.99,245.66,144.33,UPI,Small Business
ORD-02295,2025-07-17,CUST-0257,Home & Kitchen,Coffee Maker,North,Chandigarh,3,138.48,0.0,415.44,347.14,68.3,Credit Card,Corporate
ORD-02844,2025-07-17,CUST-0453,Home & Kitchen,Vacuum Cleaner,West,Ahmedabad,2,145.54,0.15,247.42,202.42,45.0,UPI,Consumer
ORD-00364,2025-07-17,CUST-0785,Electronics,Headphones,South,Chennai,3,375.79,0.1,1014.63,864.39,150.24,Bank Transfer,Small Business
ORD-01746,2025-07-18,CUST-0551,Clothing,Sneakers,North,Delhi,6,69.02,0.05,393.41,322.41,71.0,Credit Card,Corporate
ORD-03866,2025-07-18,CUST-1143,Electronics,Headphones,Central,Indore,1,589.88,0.1,530.89,334.44,196.45,Bank Transfer,Corporate
ORD-01762,2025-07-18,CUST-0103,Office Supplies,Calculator,South,Bengaluru,5,33.64,0.15,142.97,114.9,28.07,UPI,Corporate
ORD-03090,2025-07-18,CUST-0643,Electronics,Monitor,North,Chandigarh,7,259.57,0.0,1816.99,1464.55,352.44,UPI,Consumer
ORD-00523,2025-07-18,CUST-0214,Electronics,Keyboard,North,Jaipur,7,382.17,0.1,2407.67,1941.13,466.54,UPI,Consumer
ORD-01996,2025-07-18,CUST-0230,Electronics,Laptop,West,Ahmedabad,4,498.38,0.0,1993.52,1168.32,825.2,UPI,Consumer
ORD-02786,2025-07-18,CUST-0137,Electronics,Headphones,West,Ahmedabad,8,447.74,0.05,3402.82,2100.41,1302.41,Cash,Consumer
ORD-03987,2025-07-18,CUST-0868,Furniture,Bookshelf,South,Bengaluru,3,227.93,0.15,581.22,445.5,135.72,Debit Card,Consumer
ORD-04611,2025-07-18,CUST-1106,Furniture,Office Chair,West,Pune,4,358.01,0.0,1432.04,1173.78,258.26,Credit Card,Consumer
ORD-04066,2025-07-18,CUST-1015,Electronics,Laptop,South,Chennai,5,457.11,0.1,2057.0,1698.38,358.62,UPI,Small Business
ORD-03303,2025-07-18,CUST-0165,Office Supplies,Pen Set,East,Kolkata,4,33.59,0.15,114.21,94.16,20.05,UPI,Corporate
ORD-01170,2025-07-18,CUST-0453,Home & Kitchen,Blender,North,Jaipur,8,113.63,0.05,863.59,646.0,217.59,UPI,Consumer
ORD-02161,2025-07-18,CUST-0395,Home & Kitchen,Blender,North,Delhi,8,112.5,0.15,765.0,497.21,267.79,Debit Card,Consumer
ORD-01241,2025-07-18,CUST-0753,Electronics,Headphones,North,Jaipur,8,459.65,0.1,3309.48,2582.84,726.64,Bank Transfer,Small Business
ORD-03854,2025-07-18,CUST-0103,Home & Kitchen,Coffee Maker,North,Chandigarh,8,124.0,0.05,942.4,762.97,179.43,UPI,Consumer
ORD-01890,2025-07-18,CUST-0526,Furniture,Office Chair,Central,Bhopal,7,324.06,0.0,2268.42,1615.73,652.69,Credit Card,Consumer
ORD-01722,2025-07-18,CUST-0052,Furniture,Cabinet,South,Hyderabad,3,284.83,0.1,769.04,564.81,204.23,Credit Card,Small Business
ORD-04367,2025-07-18,CUST-0695,Home & Kitchen,Cookware Set,Central,Indore,2,109.1,0.0,218.2,143.47,74.73,Credit Card,Consumer
ORD-04094,2025-07-18,CUST-0754,Clothing,Backpack,South,Bengaluru,6,50.8,0.0,304.8,259.18,45.62,Bank Transfer,Consumer
ORD-02389,2025-07-18,CUST-0834,Electronics,Laptop,Central,Nagpur,8,301.01,0.1,2167.27,1740.98,426.29,UPI,Small Business
ORD-02249,2025-07-19,CUST-0095,Electronics,Keyboard,West,Mumbai,7,365.53,0.15,2174.9,1744.08,430.82,Debit Card,Consumer
ORD-03073,2025-07-19,CUST-1111,Clothing,Sneakers,South,Bengaluru,5,39.94,0.0,199.7,144.37,55.33,Credit Card,Consumer
ORD-04474,2025-07-19,CUST-0221,Electronics,Keyboard,North,Delhi,1,602.26,0.05,572.15,366.0,206.15,Cash,Consumer
ORD-03422,2025-07-19,CUST-1047,Office Supplies,Calculator,North,Delhi,2,36.2,0.15,61.54,49.94,11.6,Credit Card,Consumer
ORD-01736,2025-07-19,CUST-0176,Office Supplies,Printer Paper,East,Bhubaneswar,7,38.85,0.0,271.95,209.03,62.92,UPI,Consumer
ORD-01805,2025-07-19,CUST-0526,Furniture,Desk,West,Mumbai,6,245.23,0.05,1397.81,1030.56,367.25,UPI,Consumer
ORD-02108,2025-07-19,CUST-0846,Electronics,Monitor,East,Kolkata,3,612.74,0.0,1838.22,1221.18,617.04,Credit Card,Corporate
ORD-00887,2025-07-19,CUST-0613,Clothing,Jeans,West,Ahmedabad,8,55.86,0.05,424.54,359.06,65.48,UPI,Consumer
ORD-03533,2025-07-19,CUST-0494,Home & Kitchen,Vacuum Cleaner,South,Bengaluru,4,176.81,0.0,707.24,421.03,286.21,Bank Transfer,Small Business
ORD-02545,2025-07-19,CUST-1181,Furniture,Cabinet,West,Mumbai,8,168.62,0.0,1348.96,1008.17,340.79,Bank Transfer,Corporate
ORD-02732,2025-07-19,CUST-0409,Electronics,Laptop,South,Chennai,5,529.86,0.0,2649.3,1966.04,683.26,Credit Card,Consumer
ORD-04946,2025-07-19,CUST-1006,Home & Kitchen,Blender,East,Kolkata,5,150.27,0.1,676.22,565.67,110.55,UPI,Small Business
ORD-00654,2025-07-19,CUST-0854,Furniture,Office Chair,Central,Nagpur,4,382.04,0.1,1375.34,1091.47,283.87,Credit Card,Small Business
ORD-02538,2025-07-19,CUST-0044,Office Supplies,Printer Paper,West,Pune,3,30.63,0.15,78.11,60.21,17.9,Credit Card,Consumer
ORD-03170,2025-07-20,CUST-1179,Home & Kitchen,Blender,West,Pune,7,118.11,0.1,744.09,630.56,113.53,Debit Card,Consumer
ORD-03071,2025-07-20,CUST-0404,Clothing,Backpack,South,Hyderabad,6,71.48,0.0,428.88,363.93,64.95,UPI,Consumer
ORD-00848,2025-07-20,CUST-1036,Office Supplies,Stapler,Central,Nagpur,1,48.64,0.1,43.78,30.98,12.8,UPI,Consumer
ORD-04845,2025-07-20,CUST-0091,Home & Kitchen,Cookware Set,North,Delhi,5,119.13,0.1,536.08,394.4,141.68,Cash,Small Business
ORD-04063,2025-07-20,CUST-1180,Electronics,Keyboard,East,Guwahati,2,321.19,0.0,642.38,539.53,102.85,Bank Transfer,Consumer
ORD-03121,2025-07-20,CUST-0195,Electronics,Keyboard,Central,Indore,3,704.83,0.05,2008.77,1613.87,394.9,Credit Card,Consumer
ORD-00347,2025-07-20,CUST-0417,Clothing,T-Shirt,East,Guwahati,4,67.62,0.0,270.48,159.52,110.96,Bank Transfer,Small Business
ORD-01703,2025-07-20,CUST-0367,Home & Kitchen,Vacuum Cleaner,Central,Nagpur,8,102.17,0.0,817.36,545.94,271.42,UPI,Small Business
ORD-04607,2025-07-20,CUST-0380,Clothing,Jacket,East,Kolkata,7,43.56,0.1,274.43,175.55,98.88,UPI,Corporate
ORD-04216,2025-07-20,CUST-0560,Clothing,Jeans,West,Mumbai,1,53.7,0.15,45.64,37.19,8.45,Bank Transfer,Corporate
ORD-01593,2025-07-20,CUST-0027,Home & Kitchen,Cookware Set,West,Ahmedabad,4,115.32,0.05,438.22,299.41,138.81,Credit Card,Small Business
ORD-04326,2025-07-20,CUST-0904,Office Supplies,Calculator,West,Ahmedabad,3,33.4,0.0,100.2,61.67,38.53,Debit Card,Consumer
ORD-02910,2025-07-21,CUST-1022,Home & Kitchen,Vacuum Cleaner,South,Chennai,4,92.72,0.1,333.79,236.32,97.47,Credit Card,Consumer
ORD-03497,2025-07-21,CUST-1094,Home & Kitchen,Blender,Central,Bhopal,3,168.44,0.15,429.52,352.9,76.62,Debit Card,Small Business
ORD-02363,2025-07-21,CUST-0753,Clothing,Backpack,North,Chandigarh,6,59.34,0.1,320.44,234.06,86.38,Cash,Consumer
ORD-04692,2025-07-21,CUST-0108,Furniture,Table,South,Chennai,1,330.51,0.05,313.98,190.98,123.0,UPI,Consumer
ORD-03859,2025-07-21,CUST-0644,Electronics,Laptop,Central,Nagpur,6,367.49,0.1,1984.45,1291.16,693.29,Debit Card,Small Business
ORD-04838,2025-07-21,CUST-0105,Home & Kitchen,Blender,West,Pune,6,135.48,0.1,731.59,589.19,142.4,Debit Card,Consumer
ORD-04184,2025-07-21,CUST-0663,Clothing,Jeans,East,Kolkata,3,83.78,0.15,213.64,157.92,55.72,Cash,Consumer
ORD-03597,2025-07-21,CUST-1054,Furniture,Desk,North,Jaipur,5,341.64,0.0,1708.2,1361.39,346.81,Credit Card,Corporate
ORD-04576,2025-07-21,CUST-0236,Office Supplies,Pen Set,East,Guwahati,4,28.91,0.05,109.86,70.2,39.66,UPI,Small Business
ORD-01562,2025-07-21,CUST-0804,Office Supplies,Notebook,Central,Nagpur,7,33.89,0.15,201.65,143.4,58.25,Debit Card,Consumer
ORD-00638,2025-07-21,CUST-0765,Office Supplies,Stapler,South,Hyderabad,8,22.43,0.0,179.44,137.46,41.98,Credit Card,Small Business
ORD-01386,2025-07-21,CUST-0337,Office Supplies,Calculator,East,Kolkata,2,36.27,0.2,58.03,40.78,17.25,Bank Transfer,Consumer
ORD-03976,2025-07-21,CUST-0358,Home & Kitchen,Vacuum Cleaner,Central,Nagpur,2,147.03,0.0,294.06,170.7,123.36,Cash,Consumer
ORD-02482,2025-07-21,CUST-0936,Furniture,Bookshelf,West,Ahmedabad,3,224.75,0.05,640.54,502.18,138.36,Debit Card,Consumer
ORD-01723,2025-07-21,CUST-0523,Office Supplies,Notebook,South,Chennai,2,49.98,0.0,99.96,70.52,29.44,UPI,Consumer
ORD-00122,2025-07-21,CUST-0002,Office Supplies,Stapler,West,Mumbai,8,30.0,0.0,240.0,161.14,78.86,UPI,Small Business
ORD-00370,2025-07-21,CUST-0447,Office Supplies,Printer Paper,North,Delhi,4,45.98,0.0,183.92,152.22,31.7,Debit Card,Consumer
ORD-01439,2025-07-21,CUST-0623,Furniture,Cabinet,West,Mumbai,7,335.39,0.0,2347.73,1994.85,352.88,Debit Card,Small Business
ORD-02679,2025-07-21,CUST-0164,Clothing,Sneakers,West,Mumbai,5,53.05,0.05,251.99,204.43,47.56,Debit Card,Consumer
ORD-02937,2025-07-21,CUST-0513,Home & Kitchen,Blender,North,Chandigarh,3,146.58,0.0,439.74,345.88,93.86,Credit Card,Consumer
ORD-03645,2025-07-21,CUST-0165,Office Supplies,Notebook,West,Pune,6,45.68,0.0,274.08,171.79,102.29,Debit Card,Corporate
ORD-00006,2025-07-21,CUST-0456,Home & Kitchen,Coffee Maker,West,Pune,6,107.73,0.15,549.42,430.55,118.87,UPI,Consumer
ORD-01135,2025-07-22,CUST-0940,Furniture,Desk,Central,Bhopal,6,163.02,0.0,978.12,704.9,273.22,UPI,Small Business
ORD-04953,2025-07-22,CUST-0955,Electronics,Keyboard,East,Bhubaneswar,6,553.06,0.1,2986.52,1966.09,1020.43,Bank Transfer,Consumer
ORD-01462,2025-07-22,CUST-0389,Home & Kitchen,Vacuum Cleaner,North,Delhi,2,108.22,0.0,216.44,134.73,81.71,UPI,Consumer
ORD-02893,2025-07-22,CUST-0347,Home & Kitchen,Cookware Set,Central,Bhopal,2,96.18,0.05,182.74,114.11,68.63,UPI,Small Business
ORD-00632,2025-07-22,CUST-0664,Electronics,Laptop,West,Mumbai,8,362.36,0.15,2464.05,1823.33,640.72,Bank Transfer,Consumer
ORD-02226,2025-07-22,CUST-0141,Office Supplies,Printer Paper,East,Bhubaneswar,1,39.53,0.0,39.53,24.5,15.03,Cash,Corporate
ORD-02713,2025-07-22,CUST-0337,Electronics,Headphones,North,Jaipur,5,490.6,0.05,2330.35,1595.59,734.76,UPI,Consumer
ORD-00554,2025-07-23,CUST-0986,Clothing,Jeans,North,Jaipur,1,44.74,0.1,40.27,26.16,14.11,Credit Card,Corporate
ORD-03858,2025-07-23,CUST-0080,Clothing,Sneakers,South,Bengaluru,6,73.85,0.15,376.63,228.15,148.48,UPI,Consumer
ORD-01337,2025-07-23,CUST-1079,Electronics,Headphones,Central,Nagpur,4,457.43,0.15,1555.26,919.4,635.86,Credit Card,Consumer
ORD-02166,2025-07-23,CUST-0995,Office Supplies,Stapler,West,Mumbai,6,36.91,0.0,221.46,174.61,46.85,Bank Transfer,Consumer
ORD-00769,2025-07-23,CUST-0443,Home & Kitchen,Vacuum Cleaner,East,Bhubaneswar,2,88.01,0.1,158.42,97.81,60.61,Debit Card,Small Business
ORD-04356,2025-07-23,CUST-0558,Furniture,Bookshelf,East,Kolkata,5,185.32,0.15,787.61,596.24,191.37,UPI,Corporate
ORD-02078,2025-07-23,CUST-0362,Home & Kitchen,Cookware Set,South,Bengaluru,8,131.31,0.05,997.96,703.54,294.42,Debit Card,Small Business
ORD-01522,2025-07-23,CUST-0629,Electronics,Monitor,West,Pune,6,392.38,0.0,2354.28,1458.32,895.96,Debit Card,Small Business
ORD-03552,2025-07-23,CUST-0184,Electronics,Smartphone,Central,Indore,5,370.25,0.0,1851.25,1198.82,652.43,Bank Transfer,Corporate
ORD-04694,2025-07-23,CUST-0688,Electronics,Keyboard,South,Chennai,4,437.63,0.0,1750.52,1202.96,547.56,Credit Card,Consumer
ORD-01904,2025-07-23,CUST-0407,Clothing,T-Shirt,East,Kolkata,4,64.22,0.1,231.19,155.28,75.91,Bank Transfer,Consumer
ORD-01825,2025-07-23,CUST-0647,Home & Kitchen,Blender,South,Bengaluru,6,140.22,0.05,799.25,546.78,252.47,Credit Card,Corporate
ORD-04778,2025-07-23,CUST-0374,Electronics,Monitor,West,Ahmedabad,2,519.66,0.05,987.35,583.64,403.71,Debit Card,Small Business
ORD-01679,2025-07-24,CUST-0972,Office Supplies,Pen Set,North,Jaipur,4,34.31,0.2,109.79,71.44,38.35,UPI,Corporate
ORD-01492,2025-07-24,CUST-0287,Clothing,T-Shirt,West,Pune,6,37.72,0.05,215.0,149.37,65.63,Credit Card,Consumer
ORD-01806,2025-07-24,CUST-1092,Clothing,Jeans,East,Guwahati,6,88.24,0.05,502.97,371.46,131.51,Debit Card,Small Business
ORD-00656,2025-07-24,CUST-0077,Home & Kitchen,Cookware Set,Central,Nagpur,5,91.38,0.05,434.05,330.64,103.41,UPI,Small Business
ORD-00645,2025-07-24,CUST-1156,Clothing,T-Shirt,South,Bengaluru,3,62.35,0.15,158.99,114.86,44.13,UPI,Small Business
ORD-04920,2025-07-24,CUST-0928,Office Supplies,Notebook,North,Jaipur,5,25.08,0.05,119.13,93.05,26.08,Bank Transfer,Small Business
ORD-03692,2025-07-24,CUST-0160,Office Supplies,Notebook,Central,Nagpur,8,29.41,0.0,235.28,193.85,41.43,UPI,Consumer
ORD-02153,2025-07-24,CUST-0713,Clothing,Backpack,North,Jaipur,8,77.87,0.1,560.66,427.45,133.21,UPI,Corporate
ORD-00746,2025-07-24,CUST-1170,Electronics,Keyboard,East,Guwahati,6,515.54,0.1,2783.92,1913.84,870.08,Debit Card,Consumer
ORD-02009,2025-07-24,CUST-0161,Clothing,Backpack,North,Chandigarh,5,38.87,0.0,194.35,148.76,45.59,UPI,Consumer
ORD-03265,2025-07-24,CUST-1161,Home & Kitchen,Coffee Maker,West,Pune,2,129.53,0.0,259.06,171.56,87.5,UPI,Consumer
ORD-00751,2025-07-24,CUST-0913,Office Supplies,Notebook,East,Guwahati,5,35.74,0.1,160.83,102.72,58.11,Debit Card,Consumer
ORD-01560,2025-07-25,CUST-0849,Clothing,T-Shirt,South,Hyderabad,4,66.9,0.05,254.22,208.13,46.09,UPI,Small Business
ORD-04565,2025-07-25,CUST-0140,Electronics,Smartphone,East,Guwahati,6,534.4,0.2,2565.12,1679.29,885.83,UPI,Consumer
ORD-01361,2025-07-25,CUST-0435,Electronics,Smartphone,West,Ahmedabad,6,231.67,0.05,1320.52,1063.09,257.43,UPI,Consumer
ORD-01999,2025-07-25,CUST-1119,Home & Kitchen,Blender,Central,Indore,5,81.48,0.0,407.4,243.04,164.36,Cash,Corporate
ORD-00391,2025-07-25,CUST-0164,Electronics,Keyboard,Central,Indore,7,517.87,0.1,3262.58,2510.17,752.41,UPI,Corporate
ORD-00851,2025-07-25,CUST-0110,Electronics,Headphones,North,Jaipur,1,425.25,0.0,425.25,343.44,81.81,Debit Card,Corporate
ORD-03833,2025-07-25,CUST-0919,Office Supplies,Printer Paper,South,Hyderabad,6,29.23,0.15,149.07,106.16,42.91,UPI,Consumer
ORD-03062,2025-07-25,CUST-0795,Home & Kitchen,Cookware Set,Central,Bhopal,3,126.35,0.1,341.14,278.78,62.36,Bank Transfer,Consumer
ORD-00319,2025-07-26,CUST-0658,Home & Kitchen,Vacuum Cleaner,South,Hyderabad,8,126.67,0.05,962.69,779.89,182.8,Bank Transfer,Consumer
ORD-04871,2025-07-26,CUST-0820,Electronics,Monitor,North,Delhi,4,601.86,0.1,2166.7,1654.8,511.9,Credit Card,Small Business
ORD-04855,2025-07-26,CUST-0121,Office Supplies,Printer Paper,East,Guwahati,4,42.45,0.05,161.31,135.09,26.22,UPI,Consumer
ORD-03939,2025-07-26,CUST-0425,Electronics,Headphones,South,Chennai,8,402.13,0.0,3217.04,2261.4,955.64,Debit Card,Consumer
ORD-00310,2025-07-26,CUST-1168,Home & Kitchen,Cookware Set,Central,Nagpur,5,112.96,0.1,508.32,392.84,115.48,Credit Card,Corporate
ORD-00857,2025-07-26,CUST-0705,Electronics,Monitor,South,Hyderabad,7,469.63,0.1,2958.67,2374.36,584.31,UPI,Corporate
ORD-01047,2025-07-26,CUST-0994,Electronics,Keyboard,East,Kolkata,6,181.03,0.05,1031.87,734.35,297.52,Credit Card,Corporate
ORD-00321,2025-07-26,CUST-0340,Clothing,Jeans,Central,Nagpur,4,65.25,0.1,234.9,187.13,47.77,Debit Card,Consumer
ORD-04665,2025-07-26,CUST-0388,Office Supplies,Notebook,East,Bhubaneswar,1,27.62,0.0,27.62,23.26,4.36,Cash,Consumer
ORD-00687,2025-07-26,CUST-0395,Clothing,Backpack,East,Guwahati,2,52.41,0.05,99.58,80.99,18.59,Debit Card,Corporate
ORD-02835,2025-07-26,CUST-1042,Clothing,Sneakers,West,Ahmedabad,1,63.03,0.1,56.73,47.67,9.06,UPI,Consumer
ORD-04508,2025-07-26,CUST-1160,Office Supplies,Pen Set,East,Bhubaneswar,5,38.83,0.05,184.44,136.89,47.55,UPI,Corporate
ORD-01667,2025-07-26,CUST-0196,Electronics,Headphones,North,Delhi,7,521.33,0.05,3466.84,2291.35,1175.49,Debit Card,Corporate
ORD-02065,2025-07-26,CUST-0188,Furniture,Cabinet,East,Guwahati,6,276.31,0.0,1657.86,1308.2,349.66,Debit Card,Consumer
ORD-03247,2025-07-26,CUST-0945,Clothing,Jacket,West,Pune,6,78.25,0.0,469.5,395.58,73.92,UPI,Consumer
ORD-04228,2025-07-27,CUST-0571,Clothing,Sneakers,North,Delhi,4,42.27,0.1,152.17,121.02,31.15,Bank Transfer,Corporate
ORD-02750,2025-07-27,CUST-0243,Home & Kitchen,Cookware Set,East,Guwahati,1,74.15,0.05,70.44,59.53,10.91,Cash,Consumer
ORD-01027,2025-07-27,CUST-1107,Home & Kitchen,Coffee Maker,South,Chennai,7,71.42,0.15,424.95,282.66,142.29,Cash,Consumer
ORD-00118,2025-07-27,CUST-0520,Clothing,Sneakers,South,Hyderabad,3,51.5,0.2,123.6,78.11,45.49,Cash,Small Business
ORD-01834,2025-07-27,CUST-1032,Home & Kitchen,Toaster,West,Ahmedabad,7,149.53,0.05,994.37,732.84,261.53,UPI,Consumer
ORD-00564,2025-07-27,CUST-0755,Electronics,Smartphone,North,Chandigarh,2,398.22,0.0,796.44,618.57,177.87,Debit Card,Consumer
ORD-01820,2025-07-27,CUST-0072,Office Supplies,Calculator,North,Jaipur,1,15.4,0.1,13.86,8.07,5.79,Cash,Corporate
ORD-01090,2025-07-27,CUST-0369,Office Supplies,Stapler,South,Bengaluru,5,36.53,0.15,155.25,113.88,41.37,UPI,Corporate
ORD-03072,2025-07-27,CUST-0917,Electronics,Smartphone,South,Bengaluru,4,476.32,0.2,1524.22,1197.86,326.36,Credit Card,Consumer
ORD-02150,2025-07-27,CUST-0566,Clothing,Backpack,North,Chandigarh,1,38.49,0.1,34.64,28.04,6.6,UPI,Consumer
ORD-03579,2025-07-27,CUST-0892,Electronics,Monitor,West,Pune,5,389.14,0.0,1945.7,1393.02,552.68,UPI,Consumer
ORD-02620,2025-07-27,CUST-1057,Furniture,Desk,East,Guwahati,8,300.8,0.0,2406.4,1612.44,793.96,Debit Card,Consumer
ORD-01739,2025-07-27,CUST-0052,Clothing,Jacket,Central,Indore,4,62.43,0.05,237.23,154.99,82.24,UPI,Consumer
ORD-03046,2025-07-27,CUST-0784,Furniture,Office Chair,North,Chandigarh,5,209.79,0.05,996.5,802.5,194.0,Cash,Corporate
ORD-00832,2025-07-27,CUST-1102,Home & Kitchen,Toaster,North,Jaipur,5,101.9,0.1,458.55,277.14,181.41,UPI,Consumer
ORD-04593,2025-07-27,CUST-1018,Electronics,Laptop,Central,Indore,8,344.84,0.05,2620.78,2036.0,584.78,UPI,Small Business
ORD-03290,2025-07-27,CUST-0492,Clothing,Jacket,Central,Indore,5,60.02,0.15,255.08,153.71,101.37,Credit Card,Consumer
ORD-04053,2025-07-28,CUST-1186,Office Supplies,Notebook,North,Chandigarh,3,25.13,0.1,67.85,42.07,25.78,Credit Card,Consumer
ORD-01126,2025-07-28,CUST-0638,Office Supplies,Printer Paper,East,Kolkata,8,30.31,0.0,242.48,151.68,90.8,Debit Card,Corporate
ORD-00434,2025-07-28,CUST-0871,Home & Kitchen,Blender,South,Hyderabad,5,124.09,0.1,558.41,437.91,120.5,UPI,Corporate
ORD-01328,2025-07-28,CUST-0658,Electronics,Smartphone,Central,Indore,7,226.16,0.0,1583.12,1060.15,522.97,UPI,Consumer
ORD-00905,2025-07-28,CUST-0027,Electronics,Smartphone,South,Hyderabad,6,490.84,0.0,2945.04,1818.57,1126.47,UPI,Consumer
ORD-03715,2025-07-28,CUST-0362,Office Supplies,Pen Set,Central,Bhopal,1,44.7,0.1,40.23,34.23,6.0,UPI,Corporate
ORD-04831,2025-07-28,CUST-1200,Clothing,Jeans,East,Kolkata,6,75.32,0.05,429.32,333.16,96.16,Credit Card,Small Business
ORD-03136,2025-07-28,CUST-0890,Electronics,Headphones,East,Bhubaneswar,3,546.83,0.05,1558.47,1047.28,511.19,UPI,Corporate
ORD-00089,2025-07-28,CUST-0494,Home & Kitchen,Blender,South,Hyderabad,6,146.09,0.05,832.71,533.81,298.9,Bank Transfer,Consumer
ORD-04966,2025-07-28,CUST-0540,Electronics,Smartphone,North,Delhi,3,420.63,0.0,1261.89,1064.19,197.7,Bank Transfer,Corporate
ORD-03638,2025-07-28,CUST-0273,Office Supplies,Pen Set,South,Hyderabad,7,33.38,0.0,233.66,154.99,78.67,UPI,Consumer
ORD-00120,2025-07-28,CUST-0338,Furniture,Desk,East,Kolkata,8,385.07,0.05,2926.53,2254.97,671.56,UPI,Corporate
ORD-01628,2025-07-28,CUST-0298,Clothing,Backpack,North,Jaipur,4,69.11,0.0,276.44,167.29,109.15,Debit Card,Consumer
ORD-04788,2025-07-28,CUST-0546,Office Supplies,Pen Set,West,Ahmedabad,6,39.84,0.05,227.09,164.66,62.43,Cash,Corporate
ORD-03361,2025-07-28,CUST-0107,Electronics,Smartphone,South,Chennai,3,412.5,0.0,1237.5,746.29,491.21,Credit Card,Small Business
ORD-04660,2025-07-29,CUST-1089,Furniture,Cabinet,West,Ahmedabad,8,372.4,0.0,2979.2,1876.45,1102.75,UPI,Consumer
ORD-00100,2025-07-29,CUST-0894,Clothing,Sneakers,North,Delhi,1,81.21,0.15,69.03,51.94,17.09,UPI,Consumer
ORD-00353,2025-07-29,CUST-0137,Furniture,Bookshelf,West,Mumbai,8,247.21,0.15,1681.03,1004.09,676.94,Credit Card,Corporate
ORD-02807,2025-07-29,CUST-0931,Clothing,Jeans,North,Delhi,8,12.89,0.0,103.12,83.9,19.22,Cash,Corporate
ORD-04952,2025-07-29,CUST-0886,Office Supplies,Printer Paper,Central,Nagpur,6,35.29,0.1,190.57,139.49,51.08,Bank Transfer,Small Business
ORD-00223,2025-07-29,CUST-0667,Home & Kitchen,Toaster,South,Chennai,3,126.2,0.15,321.81,251.88,69.93,UPI,Consumer
ORD-04488,2025-07-29,CUST-1114,Clothing,Jacket,South,Hyderabad,1,63.5,0.0,63.5,39.5,24.0,Cash,Small Business
ORD-03476,2025-07-29,CUST-0469,Clothing,T-Shirt,North,Jaipur,3,51.25,0.15,130.69,81.71,48.98,Debit Card,Consumer
ORD-00831,2025-07-29,CUST-0615,Office Supplies,Printer Paper,West,Ahmedabad,1,39.08,0.05,37.13,25.06,12.07,Bank Transfer,Corporate
ORD-02553,2025-07-29,CUST-0299,Home & Kitchen,Coffee Maker,Central,Indore,2,108.24,0.05,205.66,165.99,39.67,Bank Transfer,Small Business
ORD-01088,2025-07-29,CUST-0504,Office Supplies,Printer Paper,South,Bengaluru,2,47.73,0.0,95.46,62.11,33.35,UPI,Corporate
ORD-03434,2025-07-29,CUST-0984,Electronics,Headphones,West,Ahmedabad,1,510.53,0.0,510.53,335.5,175.03,Debit Card,Corporate
ORD-00637,2025-07-30,CUST-0957,Office Supplies,Pen Set,Central,Nagpur,6,51.69,0.0,310.14,209.18,100.96,UPI,Small Business
ORD-04812,2025-07-30,CUST-0202,Clothing,Sneakers,West,Pune,1,42.18,0.05,40.07,31.1,8.97,Bank Transfer,Small Business
ORD-02589,2025-07-30,CUST-0295,Furniture,Table,Central,Bhopal,7,235.63,0.0,1649.41,1199.52,449.89,UPI,Consumer
ORD-03940,2025-07-30,CUST-0381,Home & Kitchen,Vacuum Cleaner,South,Hyderabad,2,113.53,0.15,193.0,127.49,65.51,Cash,Small Business
ORD-02432,2025-07-30,CUST-0568,Clothing,Sneakers,North,Delhi,8,53.62,0.0,428.96,323.96,105.0,Credit Card,Consumer
ORD-02898,2025-07-30,CUST-0005,Clothing,Jacket,East,Guwahati,5,42.13,0.0,210.65,171.09,39.56,Cash,Consumer
ORD-01042,2025-07-30,CUST-0333,Clothing,Sneakers,North,Chandigarh,5,63.16,0.05,300.01,181.2,118.81,Bank Transfer,Corporate
ORD-02622,2025-07-30,CUST-0166,Electronics,Laptop,East,Guwahati,7,385.25,0.0,2696.75,2255.21,441.54,Debit Card,Consumer
ORD-04413,2025-07-30,CUST-0204,Electronics,Smartphone,North,Chandigarh,7,575.01,0.05,3823.82,2600.48,1223.34,UPI,Consumer
ORD-02172,2025-07-30,CUST-0024,Electronics,Headphones,East,Guwahati,2,374.9,0.05,712.31,439.6,272.71,Cash,Consumer
ORD-04132,2025-07-31,CUST-0133,Electronics,Smartphone,West,Pune,6,496.34,0.2,2382.43,1425.66,956.77,UPI,Corporate
ORD-01759,2025-07-31,CUST-0995,Clothing,Jacket,Central,Nagpur,4,58.46,0.05,222.15,163.09,59.06,UPI,Consumer
ORD-02216,2025-07-31,CUST-0509,Office Supplies,Calculator,West,Pune,6,39.26,0.0,235.56,178.9,56.66,Bank Transfer,Consumer
ORD-03527,2025-07-31,CUST-0341,Electronics,Smartphone,West,Ahmedabad,1,270.63,0.0,270.63,218.86,51.77,Bank Transfer,Corporate
ORD-01663,2025-07-31,CUST-0287,Home & Kitchen,Coffee Maker,North,Delhi,1,164.02,0.05,155.82,91.19,64.63,UPI,Small Business
ORD-00333,2025-07-31,CUST-0607,Furniture,Office Chair,East,Guwahati,5,297.72,0.2,1190.88,845.77,345.11,Cash,Consumer
ORD-01982,2025-07-31,CUST-1146,Office Supplies,Printer Paper,Central,Nagpur,3,29.51,0.0,88.53,57.86,30.67,Bank Transfer,Corporate
ORD-02803,2025-07-31,CUST-1046,Office Supplies,Printer Paper,West,Ahmedabad,8,43.74,0.1,314.93,236.99,77.94,Bank Transfer,Consumer
ORD-00612,2025-07-31,CUST-0158,Office Supplies,Pen Set,East,Bhubaneswar,2,36.1,0.2,57.76,44.68,13.08,Bank Transfer,Consumer
ORD-04708,2025-07-31,CUST-0849,Electronics,Monitor,Central,Nagpur,1,429.37,0.0,429.37,359.87,69.5,UPI,Consumer
ORD-01071,2025-07-31,CUST-0591,Furniture,Table,West,Ahmedabad,3,260.89,0.15,665.27,459.02,206.25,UPI,Corporate
ORD-04219,2025-08-01,CUST-0005,Electronics,Monitor,East,Guwahati,3,368.41,0.1,994.71,638.82,355.89,UPI,Consumer
ORD-00204,2025-08-01,CUST-0476,Office Supplies,Stapler,West,Mumbai,8,34.34,0.05,260.98,211.89,49.09,UPI,Consumer
ORD-04318,2025-08-01,CUST-0725,Clothing,Backpack,Central,Bhopal,4,48.86,0.05,185.67,139.51,46.16,UPI,Small Business
ORD-01965,2025-08-01,CUST-0080,Clothing,Sneakers,South,Hyderabad,8,57.17,0.15,388.76,252.71,136.05,UPI,Small Business
ORD-01257,2025-08-01,CUST-0898,Electronics,Headphones,East,Bhubaneswar,5,578.07,0.0,2890.35,1860.69,1029.66,Credit Card,Consumer
ORD-03633,2025-08-01,CUST-0727,Clothing,T-Shirt,West,Mumbai,5,42.82,0.1,192.69,115.58,77.11,Credit Card,Consumer
ORD-02407,2025-08-02,CUST-0827,Home & Kitchen,Blender,North,Chandigarh,3,154.88,0.1,418.18,333.88,84.3,Bank Transfer,Consumer
ORD-02287,2025-08-02,CUST-0317,Electronics,Laptop,Central,Nagpur,8,597.97,0.05,4544.57,3698.15,846.42,Credit Card,Corporate
ORD-02525,2025-08-02,CUST-0750,Electronics,Headphones,North,Jaipur,1,468.02,0.05,444.62,283.29,161.33,UPI,Consumer
ORD-01743,2025-08-02,CUST-1142,Office Supplies,Printer Paper,East,Guwahati,5,22.87,0.0,114.35,68.6,45.75,UPI,Small Business
ORD-01086,2025-08-02,CUST-1001,Home & Kitchen,Vacuum Cleaner,West,Ahmedabad,8,179.76,0.0,1438.08,1216.19,221.89,UPI,Corporate
ORD-01150,2025-08-02,CUST-1091,Clothing,Sneakers,Central,Indore,3,36.48,0.1,98.5,69.19,29.31,UPI,Corporate
ORD-01503,2025-08-02,CUST-0554,Furniture,Desk,East,Guwahati,2,153.7,0.0,307.4,212.95,94.45,Bank Transfer,Consumer
ORD-01952,2025-08-02,CUST-0051,Office Supplies,Calculator,South,Chennai,6,35.03,0.1,189.16,147.36,41.8,UPI,Small Business
ORD-04648,2025-08-02,CUST-0048,Office Supplies,Notebook,Central,Indore,1,21.14,0.0,21.14,15.19,5.95,UPI,Small Business
ORD-04302,2025-08-02,CUST-1154,Office Supplies,Notebook,South,Hyderabad,3,40.87,0.05,116.48,94.91,21.57,Debit Card,Consumer
ORD-02103,2025-08-02,CUST-0592,Office Supplies,Pen Set,West,Mumbai,4,33.37,0.0,133.48,105.99,27.49,Bank Transfer,Consumer
ORD-01957,2025-08-02,CUST-0210,Office Supplies,Pen Set,South,Hyderabad,7,21.49,0.1,135.39,108.19,27.2,Credit Card,Small Business
ORD-02821,2025-08-02,CUST-0765,Clothing,T-Shirt,South,Hyderabad,6,70.08,0.05,399.46,338.14,61.32,UPI,Consumer
ORD-02887,2025-08-02,CUST-0020,Home & Kitchen,Vacuum Cleaner,North,Chandigarh,3,130.61,0.0,391.83,324.23,67.6,UPI,Consumer
ORD-01413,2025-08-02,CUST-0945,Office Supplies,Pen Set,East,Guwahati,1,33.73,0.0,33.73,26.28,7.45,UPI,Consumer
ORD-02716,2025-08-02,CUST-0507,Office Supplies,Notebook,South,Bengaluru,7,29.71,0.05,197.57,160.19,37.38,Bank Transfer,Consumer
ORD-01375,2025-08-02,CUST-0458,Electronics,Monitor,South,Bengaluru,4,489.47,0.0,1957.88,1537.88,420.0,Bank Transfer,Corporate
ORD-00933,2025-08-03,CUST-0104,Furniture,Desk,West,Mumbai,1,379.07,0.1,341.16,252.76,88.4,UPI,Consumer
ORD-03380,2025-08-03,CUST-0592,Furniture,Desk,North,Chandigarh,1,315.63,0.05,299.85,216.31,83.54,Debit Card,Small Business
ORD-04981,2025-08-03,CUST-0744,Office Supplies,Pen Set,East,Kolkata,3,39.48,0.05,112.52,71.44,41.08,Debit Card,Consumer
ORD-00042,2025-08-03,CUST-0588,Home & Kitchen,Coffee Maker,Central,Nagpur,5,143.75,0.05,682.81,418.41,264.4,UPI,Small Business
ORD-02568,2025-08-03,CUST-0333,Furniture,Bookshelf,North,Jaipur,7,295.49,0.0,2068.43,1277.07,791.36,Debit Card,Consumer
ORD-03405,2025-08-03,CUST-0687,Office Supplies,Printer Paper,East,Guwahati,4,40.25,0.15,136.85,89.18,47.67,UPI,Consumer
ORD-00799,2025-08-03,CUST-0309,Office Supplies,Pen Set,North,Delhi,5,32.57,0.15,138.42,118.87,19.55,UPI,Consumer
ORD-01379,2025-08-03,CUST-0619,Clothing,T-Shirt,West,Ahmedabad,8,72.73,0.0,581.84,381.98,199.86,Credit Card,Corporate
ORD-03960,2025-08-03,CUST-0021,Electronics,Keyboard,East,Kolkata,6,393.09,0.1,2122.69,1348.14,774.55,Credit Card,Small Business
ORD-04180,2025-08-03,CUST-0161,Electronics,Headphones,East,Guwahati,1,384.54,0.0,384.54,235.1,149.44,Credit Card,Corporate
ORD-02855,2025-08-03,CUST-0796,Electronics,Headphones,South,Chennai,7,386.39,0.0,2704.73,2208.94,495.79,Cash,Consumer
ORD-01660,2025-08-03,CUST-1162,Office Supplies,Calculator,North,Delhi,8,27.85,0.05,211.66,123.73,87.93,UPI,Small Business
ORD-01534,2025-08-03,CUST-0369,Electronics,Smartphone,Central,Bhopal,7,318.33,0.15,1894.06,1117.74,776.32,UPI,Corporate
ORD-01173,2025-08-03,CUST-0757,Office Supplies,Printer Paper,Central,Bhopal,2,38.41,0.0,76.82,45.91,30.91,UPI,Consumer
ORD-02217,2025-08-03,CUST-0816,Home & Kitchen,Cookware Set,North,Chandigarh,4,147.23,0.1,530.03,361.25,168.78,Debit Card,Corporate
ORD-04244,2025-08-03,CUST-0490,Home & Kitchen,Blender,Central,Indore,2,129.53,0.05,246.11,162.51,83.6,Debit Card,Small Business
ORD-03726,2025-08-04,CUST-0298,Electronics,Keyboard,South,Chennai,6,440.37,0.0,2642.22,2089.75,552.47,Bank Transfer,Small Business
ORD-01854,2025-08-04,CUST-1080,Electronics,Keyboard,East,Kolkata,7,453.2,0.0,3172.4,1954.99,1217.41,UPI,Consumer
ORD-00775,2025-08-04,CUST-0319,Electronics,Laptop,Central,Bhopal,8,523.94,0.05,3981.94,3049.93,932.01,UPI,Small Business
ORD-04940,2025-08-04,CUST-0602,Electronics,Laptop,East,Bhubaneswar,1,441.45,0.1,397.3,288.83,108.47,Cash,Consumer
ORD-03340,2025-08-04,CUST-0522,Clothing,Jacket,North,Delhi,6,57.16,0.1,308.66,214.55,94.11,Credit Card,Consumer
ORD-03989,2025-08-04,CUST-0679,Office Supplies,Notebook,Central,Bhopal,4,43.58,0.0,174.32,114.59,59.73,UPI,Corporate
ORD-02307,2025-08-04,CUST-0579,Office Supplies,Printer Paper,Central,Indore,8,32.16,0.1,231.55,148.74,82.81,Debit Card,Consumer
ORD-04400,2025-08-04,CUST-0451,Furniture,Office Chair,East,Bhubaneswar,1,345.59,0.05,328.31,253.08,75.23,Credit Card,Consumer
ORD-02143,2025-08-04,CUST-1098,Clothing,Jeans,East,Kolkata,8,83.14,0.0,665.12,516.36,148.76,Cash,Corporate
ORD-02410,2025-08-04,CUST-0573,Electronics,Headphones,North,Chandigarh,3,362.64,0.1,979.13,583.43,395.7,Credit Card,Small Business
ORD-04519,2025-08-04,CUST-0106,Electronics,Laptop,North,Chandigarh,3,339.21,0.0,1017.63,711.16,306.47,UPI,Small Business
ORD-02683,2025-08-04,CUST-0013,Electronics,Headphones,East,Bhubaneswar,1,442.9,0.05,420.75,283.68,137.07,Bank Transfer,Consumer
ORD-02005,2025-08-04,CUST-0783,Office Supplies,Pen Set,Central,Bhopal,2,29.49,0.0,58.98,38.45,20.53,Debit Card,Consumer
ORD-01587,2025-08-04,CUST-0487,Office Supplies,Calculator,South,Chennai,7,44.99,0.0,314.93,201.51,113.42,UPI,Small Business
ORD-03569,2025-08-04,CUST-0300,Office Supplies,Stapler,North,Delhi,1,33.08,0.0,33.08,23.69,9.39,UPI,Small Business
ORD-04311,2025-08-05,CUST-1121,Home & Kitchen,Toaster,West,Pune,5,127.06,0.0,635.3,390.36,244.94,UPI,Corporate
ORD-00173,2025-08-05,CUST-0770,Furniture,Table,North,Delhi,2,347.35,0.0,694.7,427.29,267.41,UPI,Corporate
ORD-01586,2025-08-05,CUST-1169,Office Supplies,Notebook,North,Jaipur,6,40.17,0.15,204.87,125.59,79.28,Cash,Consumer
ORD-03869,2025-08-05,CUST-1147,Home & Kitchen,Coffee Maker,North,Delhi,7,90.5,0.0,633.5,533.29,100.21,UPI,Small Business
ORD-00972,2025-08-05,CUST-0670,Clothing,T-Shirt,Central,Bhopal,8,61.61,0.05,468.24,284.51,183.73,UPI,Consumer
ORD-03590,2025-08-05,CUST-0538,Office Supplies,Notebook,North,Chandigarh,2,24.13,0.0,48.26,41.3,6.96,UPI,Consumer
ORD-00875,2025-08-05,CUST-0120,Furniture,Table,East,Guwahati,8,270.62,0.05,2056.71,1588.75,467.96,Cash,Consumer
ORD-00280,2025-08-05,CUST-1112,Office Supplies,Notebook,North,Chandigarh,3,22.79,0.05,64.95,54.64,10.31,Credit Card,Consumer
ORD-04337,2025-08-05,CUST-0725,Furniture,Office Chair,East,Bhubaneswar,8,293.46,0.15,1995.53,1620.21,375.32,UPI,Consumer
ORD-04114,2025-08-05,CUST-0045,Home & Kitchen,Vacuum Cleaner,South,Chennai,7,80.79,0.0,565.53,417.39,148.14,UPI,Corporate
ORD-03643,2025-08-05,CUST-1076,Office Supplies,Stapler,North,Chandigarh,3,16.74,0.15,42.69,30.1,12.59,Bank Transfer,Consumer
ORD-00051,2025-08-05,CUST-0511,Electronics,Headphones,South,Hyderabad,6,479.1,0.0,2874.6,1696.91,1177.69,Debit Card,Consumer
ORD-04218,2025-08-05,CUST-0770,Office Supplies,Calculator,West,Ahmedabad,6,27.04,0.0,162.24,124.45,37.79,UPI,Consumer
ORD-00920,2025-08-05,CUST-0182,Electronics,Monitor,West,Ahmedabad,5,328.2,0.0,1641.0,1267.89,373.11,UPI,Corporate
ORD-01910,2025-08-05,CUST-0660,Clothing,Jacket,West,Ahmedabad,1,53.24,0.0,53.24,43.72,9.52,Cash,Small Business
ORD-04833,2025-08-05,CUST-0188,Electronics,Smartphone,North,Delhi,4,414.31,0.0,1657.24,1361.95,295.29,Bank Transfer,Small Business
ORD-00730,2025-08-06,CUST-1148,Office Supplies,Calculator,East,Bhubaneswar,2,33.06,0.05,62.81,53.76,9.05,Bank Transfer,Consumer
ORD-01161,2025-08-06,CUST-1176,Home & Kitchen,Coffee Maker,South,Hyderabad,7,195.91,0.0,1371.37,942.43,428.94,Debit Card,Consumer
ORD-04013,2025-08-06,CUST-0550,Furniture,Table,East,Bhubaneswar,1,210.73,0.0,210.73,142.19,68.54,UPI,Consumer
ORD-04601,2025-08-06,CUST-0595,Office Supplies,Stapler,Central,Bhopal,4,30.73,0.0,122.92,101.61,21.31,Bank Transfer,Small Business
ORD-03082,2025-08-06,CUST-0204,Home & Kitchen,Blender,South,Hyderabad,5,146.35,0.2,585.4,348.62,236.78,UPI,Consumer
ORD-00010,2025-08-06,CUST-0393,Electronics,Monitor,North,Delhi,7,323.56,0.1,2038.43,1464.13,574.3,UPI,Consumer
ORD-03302,2025-08-06,CUST-0569,Office Supplies,Printer Paper,East,Guwahati,3,28.29,0.05,80.63,61.71,18.92,Bank Transfer,Small Business
ORD-01046,2025-08-06,CUST-0420,Furniture,Table,West,Ahmedabad,2,250.62,0.0,501.24,365.26,135.98,UPI,Corporate
ORD-01333,2025-08-06,CUST-0206,Office Supplies,Stapler,West,Ahmedabad,1,37.81,0.0,37.81,22.23,15.58,UPI,Consumer
ORD-02493,2025-08-06,CUST-0514,Home & Kitchen,Vacuum Cleaner,East,Bhubaneswar,2,81.41,0.0,162.82,124.87,37.95,Credit Card,Corporate
ORD-00939,2025-08-06,CUST-1140,Home & Kitchen,Coffee Maker,West,Ahmedabad,6,98.33,0.15,501.48,385.93,115.55,Credit Card,Consumer
ORD-04906,2025-08-06,CUST-1036,Electronics,Keyboard,Central,Nagpur,7,701.43,0.0,4910.01,3884.18,1025.83,Credit Card,Consumer
ORD-00396,2025-08-06,CUST-0193,Home & Kitchen,Cookware Set,Central,Indore,8,165.1,0.2,1056.64,785.25,271.39,Debit Card,Consumer
ORD-02427,2025-08-07,CUST-0185,Office Supplies,Stapler,West,Ahmedabad,7,50.33,0.05,334.69,259.3,75.39,UPI,Corporate
ORD-01960,2025-08-07,CUST-0560,Electronics,Keyboard,North,Jaipur,5,360.17,0.1,1620.76,1077.37,543.39,Debit Card,Corporate
ORD-04684,2025-08-07,CUST-0864,Home & Kitchen,Vacuum Cleaner,East,Guwahati,3,174.07,0.05,496.1,370.26,125.84,Bank Transfer,Consumer
ORD-01242,2025-08-07,CUST-0015,Furniture,Office Chair,South,Chennai,2,283.07,0.05,537.83,351.7,186.13,Credit Card,Consumer
ORD-01882,2025-08-07,CUST-0854,Electronics,Laptop,East,Guwahati,6,532.33,0.05,3034.28,1906.24,1128.04,UPI,Small Business
ORD-04487,2025-08-07,CUST-0427,Home & Kitchen,Cookware Set,East,Bhubaneswar,1,171.84,0.05,163.25,122.09,41.16,Credit Card,Consumer
ORD-04105,2025-08-07,CUST-0917,Furniture,Cabinet,West,Mumbai,2,342.57,0.0,685.14,548.29,136.85,Credit Card,Consumer
ORD-03776,2025-08-07,CUST-0670,Electronics,Keyboard,East,Guwahati,2,526.8,0.0,1053.6,615.8,437.8,Credit Card,Consumer
ORD-02021,2025-08-07,CUST-0965,Electronics,Keyboard,Central,Indore,3,610.16,0.1,1647.43,1287.74,359.69,Cash,Corporate
ORD-04622,2025-08-07,CUST-0512,Electronics,Headphones,East,Guwahati,4,386.65,0.15,1314.61,974.58,340.03,Bank Transfer,Consumer
ORD-02112,2025-08-08,CUST-0984,Furniture,Table,South,Bengaluru,5,197.4,0.0,987.0,776.52,210.48,UPI,Consumer
ORD-04284,2025-08-08,CUST-0904,Home & Kitchen,Cookware Set,North,Chandigarh,5,120.41,0.0,602.05,433.24,168.81,UPI,Corporate
ORD-04825,2025-08-08,CUST-0332,Office Supplies,Pen Set,Central,Nagpur,4,28.68,0.1,103.25,73.07,30.18,Credit Card,Small Business
ORD-02431,2025-08-08,CUST-1006,Electronics,Keyboard,South,Hyderabad,5,452.97,0.0,2264.85,1814.33,450.52,UPI,Consumer
ORD-01198,2025-08-08,CUST-0136,Clothing,T-Shirt,Central,Indore,3,45.93,0.1,124.01,75.7,48.31,Credit Card,Consumer
ORD-01225,2025-08-08,CUST-0488,Home & Kitchen,Blender,Central,Indore,5,135.84,0.0,679.2,491.21,187.99,Bank Transfer,Consumer
ORD-00317,2025-08-08,CUST-0858,Furniture,Table,North,Chandigarh,6,304.92,0.1,1646.57,1230.32,416.25,Bank Transfer,Corporate
ORD-01236,2025-08-08,CUST-0956,Furniture,Desk,Central,Indore,6,189.4,0.05,1079.58,677.5,402.08,Cash,Consumer
ORD-01465,2025-08-08,CUST-0166,Electronics,Headphones,North,Jaipur,6,433.23,0.2,2079.5,1635.92,443.58,Bank Transfer,Corporate
ORD-00513,2025-08-08,CUST-0816,Clothing,Jacket,East,Bhubaneswar,6,31.69,0.05,180.63,139.55,41.08,UPI,Consumer
ORD-00190,2025-08-08,CUST-0205,Electronics,Keyboard,East,Guwahati,6,411.07,0.0,2466.42,1618.33,848.09,Debit Card,Consumer
ORD-02686,2025-08-08,CUST-0608,Office Supplies,Printer Paper,West,Mumbai,5,28.32,0.05,134.52,105.93,28.59,Bank Transfer,Corporate
ORD-00313,2025-08-08,CUST-0335,Office Supplies,Notebook,West,Ahmedabad,4,29.69,0.05,112.82,90.83,21.99,Credit Card,Small Business
ORD-00836,2025-08-08,CUST-0762,Electronics,Keyboard,Central,Nagpur,6,297.08,0.1,1604.23,1157.62,446.61,Cash,Corporate
ORD-02400,2025-08-08,CUST-0193,Furniture,Cabinet,Central,Nagpur,4,244.2,0.0,976.8,822.2,154.6,UPI,Corporate
ORD-02548,2025-08-08,CUST-0972,Clothing,Backpack,Central,Nagpur,4,50.43,0.0,201.72,137.05,64.67,Debit Card,Consumer
ORD-04109,2025-08-08,CUST-1032,Home & Kitchen,Vacuum Cleaner,West,Ahmedabad,5,89.38,0.15,379.86,236.8,143.06,Debit Card,Consumer
ORD-01509,2025-08-08,CUST-0660,Office Supplies,Stapler,South,Chennai,7,46.89,0.15,279.0,173.67,105.33,UPI,Small Business
ORD-00360,2025-08-08,CUST-0698,Electronics,Smartphone,Central,Nagpur,2,424.9,0.1,764.82,450.4,314.42,UPI,Consumer
ORD-02291,2025-08-08,CUST-0172,Office Supplies,Printer Paper,West,Mumbai,2,27.75,0.0,55.5,42.45,13.05,UPI,Corporate
ORD-00536,2025-08-09,CUST-0873,Furniture,Table,West,Ahmedabad,5,349.51,0.15,1485.42,1148.28,337.14,Credit Card,Consumer
ORD-00610,2025-08-09,CUST-0788,Clothing,T-Shirt,South,Hyderabad,8,69.77,0.1,502.34,391.74,110.6,Credit Card,Corporate
ORD-04703,2025-08-09,CUST-1191,Electronics,Laptop,Central,Nagpur,8,395.82,0.05,3008.23,2273.92,734.31,UPI,Corporate
ORD-01262,2025-08-09,CUST-0274,Clothing,Jeans,Central,Nagpur,2,38.84,0.0,77.68,45.44,32.24,Bank Transfer,Consumer
ORD-02879,2025-08-09,CUST-0378,Office Supplies,Pen Set,Central,Indore,8,34.87,0.05,265.01,159.64,105.37,UPI,Corporate
ORD-02754,2025-08-09,CUST-0058,Electronics,Monitor,East,Bhubaneswar,2,332.6,0.05,631.94,500.77,131.17,Debit Card,Corporate
ORD-03017,2025-08-09,CUST-0720,Home & Kitchen,Vacuum Cleaner,South,Bengaluru,7,115.35,0.05,767.08,579.45,187.63,UPI,Small Business
ORD-04553,2025-08-09,CUST-0198,Electronics,Headphones,South,Chennai,6,475.48,0.05,2710.24,2246.97,463.27,Bank Transfer,Consumer
ORD-03402,2025-08-09,CUST-0615,Electronics,Smartphone,West,Ahmedabad,6,472.16,0.15,2408.02,1742.63,665.39,Credit Card,Consumer
ORD-01164,2025-08-09,CUST-1139,Clothing,Jacket,South,Chennai,7,58.7,0.0,410.9,253.12,157.78,Credit Card,Consumer
ORD-00935,2025-08-09,CUST-0462,Clothing,Sneakers,South,Bengaluru,1,67.06,0.1,60.35,42.0,18.35,Credit Card,Corporate
ORD-03420,2025-08-09,CUST-1109,Home & Kitchen,Toaster,Central,Indore,2,106.77,0.2,170.83,142.99,27.84,Debit Card,Consumer
ORD-00126,2025-08-09,CUST-0914,Office Supplies,Pen Set,West,Mumbai,7,36.73,0.05,244.25,144.65,99.6,UPI,Consumer
ORD-02349,2025-08-09,CUST-0775,Office Supplies,Printer Paper,North,Delhi,2,23.95,0.2,38.32,24.19,14.13,Credit Card,Small Business
ORD-02229,2025-08-09,CUST-1167,Home & Kitchen,Vacuum Cleaner,Central,Nagpur,8,109.1,0.2,698.24,457.49,240.75,Bank Transfer,Consumer
ORD-03678,2025-08-10,CUST-0389,Electronics,Keyboard,East,Bhubaneswar,7,643.2,0.15,3827.04,2362.42,1464.62,UPI,Corporate
ORD-01192,2025-08-10,CUST-0405,Electronics,Keyboard,East,Kolkata,2,385.51,0.1,693.92,559.98,133.94,UPI,Consumer
ORD-03144,2025-08-10,CUST-0508,Office Supplies,Calculator,West,Pune,1,33.95,0.0,33.95,25.01,8.94,Debit Card,Consumer
ORD-03286,2025-08-10,CUST-0012,Electronics,Keyboard,North,Jaipur,2,360.73,0.05,685.39,566.79,118.6,Cash,Small Business
ORD-00754,2025-08-10,CUST-1146,Office Supplies,Pen Set,South,Bengaluru,3,47.77,0.0,143.31,83.88,59.43,UPI,Consumer
ORD-03954,2025-08-10,CUST-0762,Office Supplies,Notebook,Central,Indore,6,34.67,0.0,208.02,132.31,75.71,Bank Transfer,Corporate
ORD-04249,2025-08-10,CUST-0436,Clothing,Jeans,North,Chandigarh,8,65.91,0.0,527.28,412.7,114.58,Bank Transfer,Small Business
ORD-03881,2025-08-10,CUST-0841,Office Supplies,Stapler,Central,Nagpur,5,49.06,0.05,233.04,195.58,37.46,Bank Transfer,Consumer
ORD-03488,2025-08-10,CUST-0216,Furniture,Desk,Central,Nagpur,3,363.49,0.1,981.42,702.53,278.89,UPI,Consumer
ORD-03196,2025-08-10,CUST-1169,Electronics,Monitor,West,Ahmedabad,8,565.33,0.1,4070.38,3374.07,696.31,UPI,Small Business
ORD-04549,2025-08-10,CUST-0558,Home & Kitchen,Blender,South,Chennai,8,142.38,0.05,1082.09,672.49,409.6,Debit Card,Corporate
ORD-03233,2025-08-10,CUST-0782,Furniture,Cabinet,North,Chandigarh,1,74.09,0.0,74.09,45.75,28.34,Credit Card,Small Business
ORD-00320,2025-08-10,CUST-0156,Office Supplies,Notebook,East,Bhubaneswar,5,30.81,0.0,154.05,100.97,53.08,UPI,Consumer
ORD-04751,2025-08-10,CUST-0086,Electronics,Headphones,East,Kolkata,7,424.25,0.05,2821.26,2006.99,814.27,Bank Transfer,Consumer
ORD-00113,2025-08-10,CUST-0918,Office Supplies,Printer Paper,West,Ahmedabad,5,31.09,0.0,155.45,120.98,34.47,UPI,Consumer
ORD-02752,2025-08-10,CUST-0333,Office Supplies,Printer Paper,West,Pune,5,28.6,0.05,135.85,109.06,26.79,UPI,Small Business
ORD-02840,2025-08-10,CUST-0365,Electronics,Headphones,Central,Nagpur,8,625.42,0.05,4753.19,3484.11,1269.08,UPI,Small Business
ORD-04874,2025-08-11,CUST-0458,Home & Kitchen,Vacuum Cleaner,South,Chennai,6,134.93,0.05,769.1,469.5,299.6,Cash,Corporate
ORD-01355,2025-08-11,CUST-0698,Electronics,Laptop,East,Guwahati,4,512.83,0.15,1743.62,1017.36,726.26,Cash,Small Business
ORD-02358,2025-08-11,CUST-0782,Clothing,Sneakers,South,Hyderabad,3,34.98,0.05,99.69,63.81,35.88,UPI,Small Business
ORD-02522,2025-08-11,CUST-0311,Office Supplies,Calculator,East,Kolkata,1,45.49,0.15,38.67,25.4,13.27,UPI,Consumer
ORD-00172,2025-08-11,CUST-0962,Electronics,Smartphone,West,Mumbai,8,447.95,0.1,3225.24,2434.75,790.49,UPI,Consumer
ORD-03324,2025-08-11,CUST-0173,Office Supplies,Printer Paper,East,Guwahati,7,28.16,0.05,187.26,141.9,45.36,Cash,Consumer
ORD-04087,2025-08-11,CUST-0948,Clothing,Jacket,Central,Indore,6,71.98,0.1,388.69,330.04,58.65,UPI,Corporate
ORD-00608,2025-08-12,CUST-1187,Office Supplies,Stapler,North,Chandigarh,6,25.19,0.2,120.91,85.88,35.03,Debit Card,Corporate
ORD-01210,2025-08-12,CUST-0553,Clothing,Sneakers,North,Jaipur,7,81.25,0.0,568.75,376.29,192.46,Bank Transfer,Consumer
ORD-01348,2025-08-12,CUST-1091,Electronics,Monitor,South,Bengaluru,3,589.11,0.0,1767.33,1289.12,478.21,UPI,Corporate
ORD-02697,2025-08-12,CUST-0238,Electronics,Monitor,Central,Indore,4,380.09,0.15,1292.31,835.03,457.28,Credit Card,Small Business
ORD-04712,2025-08-12,CUST-1123,Electronics,Keyboard,Central,Indore,6,418.44,0.0,2510.64,1790.36,720.28,Cash,Corporate
ORD-04904,2025-08-12,CUST-0117,Electronics,Keyboard,North,Jaipur,8,300.04,0.15,2040.27,1735.39,304.88,UPI,Small Business
ORD-04790,2025-08-12,CUST-0076,Home & Kitchen,Cookware Set,West,Ahmedabad,5,129.2,0.0,646.0,384.64,261.36,Credit Card,Small Business
ORD-00231,2025-08-12,CUST-0343,Furniture,Table,North,Delhi,8,464.3,0.0,3714.4,2411.14,1303.26,UPI,Consumer
ORD-01089,2025-08-12,CUST-0804,Home & Kitchen,Vacuum Cleaner,Central,Indore,3,197.31,0.1,532.74,433.21,99.53,Credit Card,Consumer
ORD-04004,2025-08-13,CUST-1115,Electronics,Smartphone,East,Bhubaneswar,6,333.14,0.0,1998.84,1692.42,306.42,Credit Card,Consumer
ORD-00739,2025-08-13,CUST-0445,Electronics,Laptop,East,Bhubaneswar,1,460.39,0.0,460.39,388.27,72.12,Credit Card,Corporate
ORD-04834,2025-08-13,CUST-0372,Home & Kitchen,Vacuum Cleaner,North,Chandigarh,5,128.46,0.0,642.3,494.37,147.93,Debit Card,Consumer
ORD-03574,2025-08-13,CUST-0355,Home & Kitchen,Vacuum Cleaner,South,Bengaluru,8,166.12,0.0,1328.96,947.85,381.11,Bank Transfer,Consumer
ORD-00222,2025-08-13,CUST-0959,Electronics,Keyboard,West,Mumbai,4,380.84,0.0,1523.36,1034.87,488.49,UPI,Corporate
ORD-04853,2025-08-13,CUST-1199,Clothing,Jacket,West,Mumbai,5,25.45,0.05,120.89,99.01,21.88,Bank Transfer,Corporate
ORD-01716,2025-08-13,CUST-0396,Electronics,Keyboard,West,Ahmedabad,4,477.69,0.0,1910.76,1143.77,766.99,Credit Card,Consumer
ORD-04091,2025-08-13,CUST-0259,Clothing,Jacket,South,Hyderabad,6,74.46,0.0,446.76,275.08,171.68,Debit Card,Consumer
ORD-03095,2025-08-13,CUST-0424,Office Supplies,Pen Set,South,Bengaluru,2,29.07,0.0,58.14,39.18,18.96,UPI,Consumer
ORD-01781,2025-08-13,CUST-1005,Clothing,Backpack,East,Bhubaneswar,7,63.91,0.05,425.0,247.01,177.99,UPI,Corporate
ORD-02790,2025-08-13,CUST-0736,Home & Kitchen,Vacuum Cleaner,North,Chandigarh,5,125.81,0.1,566.14,351.33,214.81,Credit Card,Consumer
ORD-02178,2025-08-14,CUST-0212,Clothing,Backpack,Central,Nagpur,7,56.14,0.0,392.98,307.82,85.16,Bank Transfer,Consumer
ORD-01891,2025-08-14,CUST-0442,Furniture,Table,West,Pune,4,292.32,0.0,1169.28,890.36,278.92,UPI,Small Business
ORD-02197,2025-08-14,CUST-0703,Clothing,Jacket,West,Mumbai,2,61.09,0.2,97.74,82.84,14.9,Credit Card,Consumer
ORD-00822,2025-08-14,CUST-0117,Office Supplies,Pen Set,East,Kolkata,4,14.58,0.0,58.32,44.67,13.65,UPI,Small Business
ORD-00527,2025-08-14,CUST-0349,Electronics,Headphones,East,Bhubaneswar,5,507.92,0.0,2539.6,1996.27,543.33,Bank Transfer,Consumer
ORD-00263,2025-08-14,CUST-0598,Electronics,Laptop,South,Chennai,7,501.26,0.2,2807.06,2116.11,690.95,Cash,Consumer
ORD-04022,2025-08-14,CUST-0116,Furniture,Office Chair,East,Bhubaneswar,5,366.21,0.0,1831.05,1242.58,588.47,Cash,Consumer
ORD-00259,2025-08-14,CUST-1128,Electronics,Laptop,Central,Indore,4,370.48,0.1,1333.73,990.99,342.74,Bank Transfer,Corporate
ORD-00712,2025-08-14,CUST-0898,Office Supplies,Pen Set,South,Chennai,1,33.67,0.0,33.67,27.5,6.17,Debit Card,Consumer
ORD-01559,2025-08-14,CUST-1200,Home & Kitchen,Coffee Maker,North,Chandigarh,3,140.95,0.0,422.85,305.04,117.81,UPI,Corporate
ORD-02424,2025-08-14,CUST-0707,Electronics,Monitor,North,Chandigarh,4,383.59,0.0,1534.36,938.38,595.98,Credit Card,Consumer
ORD-04996,2025-08-14,CUST-0954,Electronics,Keyboard,South,Hyderabad,8,511.52,0.15,3478.34,2856.3,622.04,UPI,Corporate
ORD-01526,2025-08-14,CUST-1026,Office Supplies,Calculator,North,Jaipur,2,29.04,0.15,49.37,29.79,19.58,Cash,Small Business
ORD-04314,2025-08-14,CUST-0157,Clothing,Sneakers,East,Bhubaneswar,6,70.49,0.05,401.79,243.45,158.34,Credit Card,Consumer
ORD-01533,2025-08-14,CUST-0300,Electronics,Monitor,East,Kolkata,7,654.1,0.05,4349.76,2936.57,1413.19,Bank Transfer,Consumer
ORD-03103,2025-08-15,CUST-0401,Office Supplies,Calculator,North,Delhi,4,34.34,0.0,137.36,96.36,41.0,Debit Card,Consumer
ORD-03581,2025-08-15,CUST-0325,Office Supplies,Pen Set,East,Kolkata,2,38.76,0.1,69.77,49.43,20.34,UPI,Corporate
ORD-02317,2025-08-15,CUST-0703,Home & Kitchen,Vacuum Cleaner,North,Delhi,5,111.2,0.05,528.2,374.68,153.52,UPI,Consumer
ORD-01471,2025-08-15,CUST-1080,Office Supplies,Notebook,South,Chennai,5,50.77,0.0,253.85,191.64,62.21,Debit Card,Small Business
ORD-03832,2025-08-15,CUST-0992,Furniture,Bookshelf,South,Hyderabad,7,231.43,0.15,1377.01,922.99,454.02,Bank Transfer,Small Business
ORD-01305,2025-08-15,CUST-0810,Electronics,Smartphone,West,Ahmedabad,6,458.11,0.05,2611.23,2005.67,605.56,Credit Card,Consumer
ORD-01978,2025-08-15,CUST-0064,Clothing,T-Shirt,West,Pune,1,61.11,0.0,61.11,48.79,12.32,Bank Transfer,Consumer
ORD-04693,2025-08-15,CUST-1001,Home & Kitchen,Cookware Set,North,Chandigarh,5,62.84,0.05,298.49,206.7,91.79,Credit Card,Small Business
ORD-03389,2025-08-15,CUST-0012,Home & Kitchen,Vacuum Cleaner,West,Ahmedabad,6,97.06,0.1,524.12,424.71,99.41,UPI,Small Business
ORD-00254,2025-08-15,CUST-0565,Electronics,Keyboard,Central,Nagpur,5,348.52,0.0,1742.6,1065.12,677.48,Debit Card,Small Business
ORD-01633,2025-08-15,CUST-1076,Office Supplies,Notebook,West,Mumbai,1,54.61,0.0,54.61,39.94,14.67,Credit Card,Consumer
ORD-04747,2025-08-15,CUST-1061,Office Supplies,Pen Set,Central,Bhopal,6,36.85,0.05,210.04,150.04,60.0,Credit Card,Corporate
ORD-01813,2025-08-16,CUST-0726,Home & Kitchen,Vacuum Cleaner,North,Jaipur,2,113.45,0.0,226.9,193.43,33.47,Credit Card,Consumer
ORD-03712,2025-08-16,CUST-0192,Clothing,Backpack,East,Bhubaneswar,7,77.35,0.05,514.38,429.55,84.83,UPI,Consumer
ORD-03753,2025-08-16,CUST-0981,Electronics,Headphones,West,Ahmedabad,8,382.25,0.05,2905.1,1763.18,1141.92,UPI,Corporate
ORD-00878,2025-08-16,CUST-0466,Office Supplies,Stapler,South,Hyderabad,2,28.23,0.05,53.64,39.35,14.29,UPI,Consumer
ORD-04233,2025-08-16,CUST-0119,Office Supplies,Calculator,South,Chennai,7,27.48,0.05,182.74,130.32,52.42,UPI,Consumer
ORD-02297,2025-08-16,CUST-0426,Office Supplies,Notebook,East,Kolkata,2,31.35,0.0,62.7,49.04,13.66,UPI,Consumer
ORD-01555,2025-08-16,CUST-0530,Office Supplies,Pen Set,East,Bhubaneswar,5,45.11,0.15,191.72,142.22,49.5,UPI,Small Business
ORD-03330,2025-08-16,CUST-0503,Home & Kitchen,Blender,West,Mumbai,6,120.91,0.0,725.46,551.58,173.88,UPI,Consumer
ORD-00797,2025-08-16,CUST-0557,Office Supplies,Stapler,Central,Nagpur,8,42.86,0.0,342.88,270.62,72.26,UPI,Consumer
ORD-02245,2025-08-16,CUST-0285,Electronics,Headphones,South,Hyderabad,3,369.31,0.05,1052.53,624.15,428.38,Debit Card,Consumer
ORD-04248,2025-08-16,CUST-1133,Home & Kitchen,Toaster,North,Chandigarh,5,90.73,0.1,408.28,346.21,62.07,Bank Transfer,Small Business
ORD-03138,2025-08-16,CUST-0910,Electronics,Keyboard,East,Bhubaneswar,1,547.33,0.0,547.33,373.71,173.62,Bank Transfer,Consumer
ORD-03475,2025-08-16,CUST-1054,Clothing,Jacket,West,Mumbai,3,83.82,0.1,226.31,145.61,80.7,Cash,Small Business
ORD-02284,2025-08-16,CUST-0857,Office Supplies,Pen Set,West,Ahmedabad,4,24.16,0.1,86.98,59.19,27.79,Bank Transfer,Consumer
ORD-01277,2025-08-16,CUST-1113,Home & Kitchen,Blender,West,Ahmedabad,3,114.98,0.2,275.95,192.68,83.27,Debit Card,Consumer
ORD-04463,2025-08-16,CUST-1198,Home & Kitchen,Blender,East,Kolkata,6,106.91,0.2,513.17,370.89,142.28,UPI,Corporate
ORD-04544,2025-08-17,CUST-0921,Office Supplies,Notebook,West,Ahmedabad,4,33.01,0.0,132.04,86.08,45.96,Debit Card,Corporate
ORD-01878,2025-08-17,CUST-0652,Office Supplies,Pen Set,North,Delhi,2,13.98,0.0,27.96,24.02,3.94,UPI,Small Business
ORD-02063,2025-08-17,CUST-1044,Office Supplies,Notebook,Central,Nagpur,7,30.21,0.1,190.32,159.81,30.51,UPI,Small Business
ORD-01174,2025-08-17,CUST-0781,Home & Kitchen,Vacuum Cleaner,South,Chennai,2,147.6,0.0,295.2,213.45,81.75,Credit Card,Consumer
ORD-02926,2025-08-17,CUST-1124,Electronics,Monitor,West,Ahmedabad,6,409.69,0.1,2212.33,1710.63,501.7,UPI,Consumer
ORD-00410,2025-08-17,CUST-0905,Electronics,Smartphone,North,Jaipur,4,358.48,0.2,1147.14,672.43,474.71,Bank Transfer,Consumer
ORD-01411,2025-08-17,CUST-0811,Clothing,Sneakers,North,Chandigarh,8,73.35,0.15,498.78,370.29,128.49,Credit Card,Consumer
ORD-03287,2025-08-17,CUST-0006,Electronics,Monitor,Central,Indore,8,407.04,0.0,3256.32,2649.72,606.6,Cash,Corporate
ORD-02233,2025-08-17,CUST-0430,Home & Kitchen,Blender,North,Chandigarh,7,121.8,0.1,767.34,654.03,113.31,UPI,Corporate
ORD-00485,2025-08-17,CUST-0792,Office Supplies,Printer Paper,East,Bhubaneswar,6,49.18,0.0,295.08,197.42,97.66,UPI,Consumer
ORD-01112,2025-08-17,CUST-1200,Office Supplies,Stapler,West,Mumbai,8,37.83,0.1,272.38,214.37,58.01,UPI,Corporate
ORD-00879,2025-08-18,CUST-1125,Clothing,Backpack,Central,Indore,3,59.45,0.15,151.6,109.37,42.23,Credit Card,Corporate
ORD-04289,2025-08-18,CUST-0234,Home & Kitchen,Vacuum Cleaner,North,Jaipur,5,131.63,0.05,625.24,430.19,195.05,Credit Card,Consumer
ORD-03957,2025-08-18,CUST-0819,Office Supplies,Pen Set,Central,Bhopal,3,40.95,0.0,122.85,96.96,25.89,UPI,Small Business
ORD-03458,2025-08-18,CUST-0224,Electronics,Headphones,North,Jaipur,4,487.76,0.0,1951.04,1616.22,334.82,UPI,Small Business
ORD-04889,2025-08-18,CUST-0701,Clothing,Jeans,Central,Indore,1,30.27,0.15,25.73,15.26,10.47,UPI,Consumer
ORD-01342,2025-08-18,CUST-0155,Office Supplies,Printer Paper,South,Bengaluru,8,34.05,0.0,272.4,211.76,60.64,Debit Card,Consumer
ORD-03030,2025-08-18,CUST-0711,Electronics,Monitor,Central,Indore,2,567.39,0.05,1078.04,763.63,314.41,Credit Card,Consumer
ORD-01298,2025-08-18,CUST-0188,Clothing,Jacket,South,Chennai,1,67.9,0.0,67.9,42.16,25.74,Cash,Consumer
ORD-01252,2025-08-18,CUST-0264,Furniture,Table,West,Ahmedabad,2,245.64,0.0,491.28,310.59,180.69,UPI,Consumer
ORD-04640,2025-08-18,CUST-0905,Electronics,Keyboard,East,Bhubaneswar,6,272.24,0.0,1633.44,1064.73,568.71,Bank Transfer,Consumer
ORD-02060,2025-08-18,CUST-0940,Clothing,T-Shirt,West,Mumbai,3,44.11,0.05,125.71,105.38,20.33,UPI,Consumer
ORD-00182,2025-08-18,CUST-0202,Clothing,Jacket,South,Bengaluru,5,67.13,0.0,335.65,211.44,124.21,UPI,Consumer
ORD-01223,2025-08-18,CUST-0689,Electronics,Headphones,West,Pune,8,280.6,0.05,2132.56,1658.86,473.7,Bank Transfer,Consumer
ORD-01784,2025-08-18,CUST-0555,Furniture,Bookshelf,Central,Indore,7,325.17,0.0,2276.19,1334.22,941.97,Bank Transfer,Consumer
ORD-04424,2025-08-18,CUST-0303,Home & Kitchen,Coffee Maker,Central,Indore,3,132.48,0.05,377.57,261.71,115.86,UPI,Corporate
ORD-03306,2025-08-19,CUST-0852,Clothing,Backpack,East,Bhubaneswar,8,63.43,0.0,507.44,322.32,185.12,Debit Card,Consumer
ORD-00131,2025-08-19,CUST-0261,Furniture,Office Chair,West,Pune,6,187.24,0.05,1067.27,875.41,191.86,Debit Card,Corporate
ORD-02163,2025-08-19,CUST-0842,Office Supplies,Stapler,North,Jaipur,7,33.24,0.05,221.05,180.24,40.81,UPI,Corporate
ORD-02749,2025-08-19,CUST-1049,Office Supplies,Printer Paper,West,Ahmedabad,6,26.3,0.05,149.91,101.94,47.97,Credit Card,Consumer
ORD-02375,2025-08-19,CUST-0488,Electronics,Headphones,West,Mumbai,2,526.17,0.15,894.49,595.82,298.67,UPI,Small Business
ORD-02061,2025-08-19,CUST-1170,Furniture,Office Chair,East,Guwahati,5,308.23,0.1,1387.04,832.71,554.33,Bank Transfer,Consumer
ORD-03540,2025-08-19,CUST-0707,Electronics,Keyboard,North,Jaipur,6,459.17,0.0,2755.02,1873.56,881.46,Credit Card,Consumer
ORD-03391,2025-08-19,CUST-0873,Electronics,Laptop,Central,Indore,2,533.52,0.0,1067.04,867.35,199.69,Debit Card,Corporate
ORD-00501,2025-08-19,CUST-0392,Electronics,Smartphone,North,Delhi,5,266.55,0.05,1266.11,984.49,281.62,Credit Card,Small Business
ORD-00674,2025-08-19,CUST-0109,Electronics,Headphones,West,Ahmedabad,2,413.4,0.1,744.12,455.19,288.93,Credit Card,Consumer
ORD-02247,2025-08-19,CUST-0594,Electronics,Keyboard,Central,Indore,2,331.88,0.05,630.57,542.08,88.49,Bank Transfer,Small Business
ORD-04749,2025-08-19,CUST-0748,Electronics,Monitor,South,Hyderabad,6,523.56,0.05,2984.29,1925.06,1059.23,Debit Card,Corporate
ORD-00013,2025-08-19,CUST-0710,Home & Kitchen,Coffee Maker,West,Mumbai,6,112.3,0.05,640.11,517.88,122.23,UPI,Consumer
ORD-03959,2025-08-20,CUST-1001,Electronics,Monitor,West,Ahmedabad,2,596.25,0.05,1132.88,849.82,283.06,UPI,Consumer
ORD-01666,2025-08-20,CUST-1159,Office Supplies,Pen Set,North,Delhi,4,33.62,0.05,127.76,79.74,48.02,Bank Transfer,Consumer
ORD-02502,2025-08-20,CUST-1138,Office Supplies,Printer Paper,South,Hyderabad,3,37.77,0.1,101.98,70.99,30.99,Debit Card,Consumer
ORD-04169,2025-08-20,CUST-0119,Electronics,Laptop,East,Guwahati,3,281.45,0.0,844.35,717.22,127.13,UPI,Consumer
ORD-00215,2025-08-20,CUST-0348,Office Supplies,Printer Paper,West,Mumbai,5,45.69,0.1,205.6,132.92,72.68,Credit Card,Consumer
ORD-02799,2025-08-20,CUST-0194,Clothing,T-Shirt,South,Chennai,7,45.15,0.05,300.25,212.17,88.08,Bank Transfer,Corporate
ORD-00171,2025-08-20,CUST-0499,Electronics,Laptop,Central,Bhopal,2,476.52,0.2,762.43,643.38,119.05,Credit Card,Consumer
ORD-00349,2025-08-20,CUST-0416,Home & Kitchen,Vacuum Cleaner,North,Chandigarh,2,162.87,0.0,325.74,259.41,66.33,UPI,Small Business
ORD-02581,2025-08-20,CUST-0262,Electronics,Headphones,East,Kolkata,4,423.17,0.15,1438.78,1094.68,344.1,UPI,Small Business
ORD-02426,2025-08-20,CUST-1170,Furniture,Cabinet,Central,Indore,6,287.69,0.05,1639.83,1281.72,358.11,Credit Card,Consumer
ORD-01199,2025-08-20,CUST-0202,Clothing,Jacket,South,Hyderabad,3,30.35,0.0,91.05,57.08,33.97,UPI,Consumer
ORD-00423,2025-08-20,CUST-1182,Home & Kitchen,Vacuum Cleaner,Central,Indore,5,161.04,0.05,764.94,533.28,231.66,Bank Transfer,Consumer
ORD-03237,2025-08-20,CUST-0265,Office Supplies,Notebook,West,Mumbai,8,46.17,0.0,369.36,265.11,104.25,UPI,Corporate
ORD-00497,2025-08-20,CUST-0689,Furniture,Table,South,Bengaluru,7,282.7,0.1,1781.01,1187.93,593.08,UPI,Corporate
ORD-04353,2025-08-20,CUST-0579,Clothing,Sneakers,Central,Nagpur,4,72.1,0.0,288.4,227.01,61.39,Debit Card,Consumer
ORD-00169,2025-08-20,CUST-0945,Furniture,Desk,South,Chennai,5,278.72,0.05,1323.92,934.73,389.19,UPI,Consumer
ORD-04402,2025-08-20,CUST-0515,Electronics,Smartphone,Central,Bhopal,8,365.34,0.0,2922.72,2463.65,459.07,UPI,Small Business
ORD-03292,2025-08-21,CUST-0577,Home & Kitchen,Coffee Maker,East,Kolkata,5,134.07,0.05,636.83,455.86,180.97,UPI,Corporate
ORD-03698,2025-08-21,CUST-0212,Electronics,Monitor,Central,Nagpur,1,427.99,0.1,385.19,248.54,136.65,Debit Card,Corporate
ORD-00040,2025-08-21,CUST-0718,Home & Kitchen,Blender,West,Mumbai,3,143.72,0.0,431.16,288.62,142.54,UPI,Consumer
ORD-04230,2025-08-21,CUST-0986,Clothing,Sneakers,West,Mumbai,7,79.07,0.15,470.47,334.29,136.18,Credit Card,Corporate
ORD-00993,2025-08-21,CUST-0177,Office Supplies,Stapler,North,Delhi,6,51.12,0.0,306.72,188.34,118.38,Debit Card,Consumer
ORD-03538,2025-08-21,CUST-0564,Office Supplies,Calculator,North,Chandigarh,6,33.7,0.05,192.09,147.86,44.23,UPI,Small Business
ORD-02678,2025-08-21,CUST-0135,Home & Kitchen,Coffee Maker,South,Bengaluru,7,120.6,0.15,717.57,471.98,245.59,Credit Card,Small Business
ORD-02168,2025-08-21,CUST-0260,Electronics,Keyboard,South,Chennai,1,610.45,0.1,549.41,319.62,229.79,UPI,Corporate
ORD-03468,2025-08-21,CUST-0803,Furniture,Table,South,Bengaluru,2,270.48,0.0,540.96,342.87,198.09,UPI,Corporate
ORD-04882,2025-08-21,CUST-0211,Office Supplies,Stapler,North,Jaipur,3,33.26,0.0,99.78,62.9,36.88,Credit Card,Small Business
ORD-04629,2025-08-21,CUST-0035,Office Supplies,Calculator,West,Ahmedabad,2,25.95,0.15,44.11,30.8,13.31,UPI,Corporate
ORD-03673,2025-08-21,CUST-0014,Furniture,Cabinet,West,Mumbai,8,154.45,0.0,1235.6,746.82,488.78,UPI,Consumer
ORD-01228,2025-08-22,CUST-0181,Electronics,Smartphone,East,Guwahati,8,554.8,0.0,4438.4,3277.1,1161.3,Cash,Consumer
ORD-04886,2025-08-22,CUST-0979,Electronics,Keyboard,West,Mumbai,2,212.91,0.0,425.82,269.0,156.82,UPI,Small Business
ORD-03066,2025-08-22,CUST-0922,Home & Kitchen,Vacuum Cleaner,South,Chennai,8,122.12,0.1,879.26,629.55,249.71,UPI,Consumer
ORD-00838,2025-08-22,CUST-0113,Office Supplies,Pen Set,East,Guwahati,7,30.91,0.05,205.55,131.55,74.0,Bank Transfer,Small Business
ORD-00738,2025-08-22,CUST-0798,Clothing,T-Shirt,Central,Bhopal,5,49.91,0.0,249.55,171.38,78.17,UPI,Small Business
ORD-04495,2025-08-22,CUST-1113,Clothing,Backpack,East,Kolkata,7,44.39,0.2,248.58,196.39,52.19,Bank Transfer,Consumer
ORD-03408,2025-08-22,CUST-0244,Office Supplies,Stapler,Central,Indore,4,28.58,0.05,108.6,82.43,26.17,UPI,Consumer
ORD-01072,2025-08-22,CUST-0387,Electronics,Monitor,South,Hyderabad,2,416.2,0.0,832.4,527.63,304.77,Credit Card,Corporate
ORD-02587,2025-08-22,CUST-0095,Home & Kitchen,Vacuum Cleaner,South,Chennai,4,87.95,0.0,351.8,269.14,82.66,Credit Card,Consumer
ORD-04392,2025-08-22,CUST-0892,Electronics,Smartphone,Central,Bhopal,5,396.18,0.05,1881.86,1601.31,280.55,Bank Transfer,Small Business
ORD-04050,2025-08-22,CUST-0209,Home & Kitchen,Vacuum Cleaner,Central,Indore,6,96.06,0.1,518.72,439.47,79.25,Debit Card,Consumer
ORD-00770,2025-08-22,CUST-1137,Office Supplies,Printer Paper,South,Bengaluru,5,58.09,0.1,261.41,178.99,82.42,UPI,Consumer
ORD-00759,2025-08-22,CUST-0162,Clothing,Jeans,West,Mumbai,2,48.22,0.05,91.62,64.8,26.82,Cash,Consumer
ORD-02758,2025-08-22,CUST-0051,Electronics,Laptop,West,Mumbai,2,376.49,0.0,752.98,444.97,308.01,Bank Transfer,Consumer
ORD-01301,2025-08-22,CUST-0983,Electronics,Monitor,East,Bhubaneswar,8,299.39,0.0,2395.12,1538.41,856.71,Cash,Small Business
ORD-01319,2025-08-22,CUST-0216,Clothing,Jeans,North,Chandigarh,6,53.04,0.1,286.42,174.11,112.31,Credit Card,Small Business
ORD-01290,2025-08-22,CUST-0922,Electronics,Headphones,West,Pune,2,458.42,0.05,871.0,636.51,234.49,Debit Card,Small Business
ORD-01796,2025-08-22,CUST-0300,Electronics,Laptop,South,Bengaluru,8,523.18,0.05,3976.17,2601.19,1374.98,Bank Transfer,Consumer
ORD-01300,2025-08-22,CUST-1041,Furniture,Office Chair,West,Pune,3,210.48,0.15,536.72,443.44,93.28,Credit Card,Corporate
ORD-02953,2025-08-22,CUST-0361,Furniture,Table,East,Kolkata,6,244.64,0.15,1247.66,756.7,490.96,Credit Card,Small Business
ORD-01916,2025-08-22,CUST-0886,Office Supplies,Notebook,South,Hyderabad,8,45.52,0.05,345.95,226.87,119.08,Bank Transfer,Consumer
ORD-03435,2025-08-22,CUST-1174,Clothing,Jacket,Central,Indore,5,72.46,0.2,289.84,213.6,76.24,UPI,Corporate
ORD-02814,2025-08-23,CUST-0034,Electronics,Monitor,South,Hyderabad,8,215.75,0.0,1726.0,1035.98,690.02,UPI,Consumer
ORD-04231,2025-08-23,CUST-0693,Clothing,Sneakers,North,Chandigarh,7,63.32,0.0,443.24,353.27,89.97,UPI,Corporate
ORD-00315,2025-08-23,CUST-0317,Electronics,Monitor,East,Bhubaneswar,2,426.49,0.0,852.98,686.87,166.11,Credit Card,Consumer
ORD-03521,2025-08-23,CUST-0951,Electronics,Keyboard,South,Chennai,1,495.74,0.15,421.38,328.01,93.37,UPI,Consumer
ORD-03665,2025-08-23,CUST-0381,Clothing,Backpack,East,Kolkata,6,59.57,0.05,339.55,250.74,88.81,Bank Transfer,Small Business
ORD-04332,2025-08-23,CUST-0678,Electronics,Smartphone,East,Bhubaneswar,3,466.13,0.0,1398.39,1193.76,204.63,Bank Transfer,Small Business
ORD-04817,2025-08-23,CUST-0366,Office Supplies,Stapler,Central,Nagpur,6,32.63,0.05,185.99,117.6,68.39,Credit Card,Small Business
ORD-03759,2025-08-23,CUST-0756,Furniture,Bookshelf,North,Jaipur,2,301.71,0.15,512.91,311.49,201.42,Bank Transfer,Small Business
ORD-02903,2025-08-23,CUST-0324,Furniture,Cabinet,North,Jaipur,5,314.76,0.15,1337.73,983.28,354.45,UPI,Small Business
ORD-00264,2025-08-23,CUST-0333,Electronics,Monitor,Central,Bhopal,4,433.37,0.15,1473.46,1259.42,214.04,UPI,Consumer
ORD-02302,2025-08-23,CUST-0948,Clothing,T-Shirt,Central,Bhopal,8,40.69,0.0,325.52,191.6,133.92,Bank Transfer,Small Business
ORD-00728,2025-08-23,CUST-0481,Home & Kitchen,Cookware Set,North,Delhi,3,104.05,0.15,265.33,220.57,44.76,Debit Card,Small Business
ORD-00306,2025-08-23,CUST-1020,Office Supplies,Notebook,North,Jaipur,8,26.96,0.15,183.33,118.73,64.6,UPI,Consumer
ORD-04840,2025-08-23,CUST-0376,Furniture,Cabinet,East,Guwahati,2,319.57,0.1,575.23,366.64,208.59,Debit Card,Small Business
ORD-02267,2025-08-23,CUST-0656,Electronics,Headphones,Central,Nagpur,7,374.9,0.0,2624.3,2214.83,409.47,Credit Card,Corporate
ORD-00994,2025-08-24,CUST-0808,Office Supplies,Notebook,Central,Bhopal,6,35.97,0.1,194.24,151.05,43.19,UPI,Small Business
ORD-02270,2025-08-24,CUST-0664,Furniture,Office Chair,Central,Indore,3,356.56,0.15,909.23,669.88,239.35,Debit Card,Consumer
ORD-01032,2025-08-24,CUST-0547,Furniture,Desk,South,Hyderabad,8,268.32,0.1,1931.9,1236.67,695.23,Bank Transfer,Small Business
ORD-03630,2025-08-24,CUST-0395,Office Supplies,Printer Paper,Central,Indore,3,23.31,0.0,69.93,40.75,29.18,UPI,Small Business
ORD-03662,2025-08-24,CUST-0494,Clothing,Jeans,North,Jaipur,5,74.65,0.1,335.92,210.56,125.36,Debit Card,Consumer
ORD-04172,2025-08-24,CUST-0355,Electronics,Headphones,North,Chandigarh,4,502.03,0.1,1807.31,1073.43,733.88,Cash,Consumer
ORD-01596,2025-08-24,CUST-1056,Clothing,Backpack,South,Hyderabad,4,77.53,0.05,294.61,190.42,104.19,UPI,Small Business
ORD-01302,2025-08-24,CUST-1136,Clothing,T-Shirt,South,Hyderabad,1,46.71,0.1,42.04,33.35,8.69,UPI,Consumer
ORD-00595,2025-08-24,CUST-1151,Electronics,Laptop,South,Chennai,7,514.98,0.1,3244.37,2653.41,590.96,Cash,Corporate
ORD-02102,2025-08-24,CUST-0680,Home & Kitchen,Toaster,Central,Indore,1,93.68,0.1,84.31,49.87,34.44,Debit Card,Consumer
ORD-04594,2025-08-24,CUST-0811,Office Supplies,Pen Set,West,Ahmedabad,5,42.61,0.05,202.4,159.77,42.63,UPI,Consumer
ORD-00844,2025-08-24,CUST-0430,Electronics,Headphones,North,Jaipur,7,345.6,0.2,1935.36,1184.58,750.78,Bank Transfer,Consumer
ORD-02055,2025-08-25,CUST-0100,Home & Kitchen,Blender,Central,Indore,7,72.81,0.2,407.74,266.23,141.51,UPI,Small Business
ORD-01502,2025-08-25,CUST-0405,Office Supplies,Stapler,North,Jaipur,7,33.07,0.05,219.92,139.26,80.66,UPI,Corporate
ORD-00615,2025-08-25,CUST-0536,Home & Kitchen,Cookware Set,North,Delhi,2,89.95,0.05,170.9,120.35,50.55,UPI,Consumer
ORD-00342,2025-08-25,CUST-1021,Electronics,Monitor,West,Ahmedabad,6,279.38,0.15,1424.84,940.39,484.45,UPI,Corporate
ORD-01245,2025-08-25,CUST-0654,Furniture,Office Chair,North,Jaipur,5,243.65,0.05,1157.34,799.05,358.29,Bank Transfer,Small Business
ORD-00626,2025-08-25,CUST-1046,Electronics,Monitor,South,Bengaluru,5,606.17,0.0,3030.85,1844.32,1186.53,UPI,Corporate
ORD-03055,2025-08-25,CUST-1004,Office Supplies,Pen Set,West,Ahmedabad,5,31.28,0.1,140.76,100.44,40.32,Cash,Corporate
ORD-02768,2025-08-25,CUST-1104,Office Supplies,Pen Set,West,Ahmedabad,1,49.69,0.05,47.21,32.14,15.07,Credit Card,Consumer
ORD-03169,2025-08-25,CUST-0744,Furniture,Table,East,Kolkata,7,289.77,0.05,1926.97,1216.12,710.85,UPI,Consumer
ORD-01022,2025-08-25,CUST-0516,Furniture,Bookshelf,East,Guwahati,5,238.66,0.0,1193.3,835.7,357.6,Credit Card,Small Business
ORD-00589,2025-08-25,CUST-0286,Furniture,Table,South,Chennai,5,161.8,0.1,728.1,586.04,142.06,UPI,Corporate
ORD-00579,2025-08-25,CUST-0991,Clothing,Backpack,Central,Indore,2,68.31,0.0,136.62,110.64,25.98,Debit Card,Consumer
ORD-00782,2025-08-25,CUST-1043,Clothing,Jacket,North,Delhi,1,58.69,0.0,58.69,37.75,20.94,Debit Card,Corporate
ORD-00373,2025-08-25,CUST-0606,Electronics,Keyboard,North,Jaipur,8,618.31,0.15,4204.51,2537.66,1666.85,Credit Card,Consumer
ORD-03187,2025-08-25,CUST-1001,Office Supplies,Pen Set,Central,Nagpur,3,50.27,0.0,150.81,120.33,30.48,Bank Transfer,Small Business
ORD-00109,2025-08-25,CUST-0816,Office Supplies,Printer Paper,East,Kolkata,1,37.1,0.1,33.39,27.32,6.07,UPI,Small Business
ORD-01619,2025-08-25,CUST-0257,Clothing,Jeans,Central,Indore,4,66.42,0.05,252.4,190.08,62.32,UPI,Small Business
ORD-01273,2025-08-26,CUST-0063,Home & Kitchen,Coffee Maker,South,Hyderabad,8,126.9,0.0,1015.2,650.01,365.19,UPI,Consumer
ORD-03550,2025-08-26,CUST-0105,Clothing,Jeans,East,Guwahati,8,64.27,0.05,488.45,307.02,181.43,Credit Card,Consumer
ORD-02495,2025-08-26,CUST-0160,Furniture,Desk,North,Jaipur,4,231.55,0.05,879.89,724.08,155.81,Bank Transfer,Consumer
ORD-03886,2025-08-26,CUST-0245,Home & Kitchen,Vacuum Cleaner,East,Guwahati,7,132.39,0.1,834.06,594.71,239.35,Credit Card,Consumer
ORD-02135,2025-08-26,CUST-0770,Furniture,Desk,East,Kolkata,2,391.28,0.2,626.05,501.14,124.91,UPI,Consumer
ORD-03377,2025-08-26,CUST-0407,Clothing,Jacket,West,Pune,2,64.71,0.2,103.54,61.12,42.42,Bank Transfer,Corporate
ORD-04705,2025-08-26,CUST-0594,Office Supplies,Pen Set,South,Chennai,1,35.41,0.05,33.64,23.28,10.36,Credit Card,Small Business
ORD-00793,2025-08-26,CUST-1019,Clothing,Backpack,North,Chandigarh,7,49.18,0.0,344.26,255.35,88.91,Debit Card,Small Business
ORD-02533,2025-08-26,CUST-0361,Furniture,Cabinet,North,Jaipur,6,254.51,0.0,1527.06,920.46,606.6,Credit Card,Corporate
ORD-04223,2025-08-26,CUST-0041,Electronics,Laptop,Central,Bhopal,6,396.9,0.05,2262.33,1894.68,367.65,Debit Card,Small Business
ORD-02211,2025-08-26,CUST-1174,Home & Kitchen,Coffee Maker,West,Ahmedabad,4,51.42,0.15,174.83,116.59,58.24,UPI,Consumer
ORD-04397,2025-08-26,CUST-0310,Home & Kitchen,Cookware Set,North,Delhi,2,148.27,0.1,266.89,181.88,85.01,Cash,Consumer
ORD-02576,2025-08-27,CUST-1103,Clothing,T-Shirt,South,Hyderabad,2,58.92,0.05,111.95,73.71,38.24,UPI,Consumer
ORD-01550,2025-08-27,CUST-0948,Home & Kitchen,Blender,East,Guwahati,2,83.96,0.15,142.73,96.93,45.8,UPI,Consumer
ORD-04600,2025-08-27,CUST-0669,Home & Kitchen,Vacuum Cleaner,North,Chandigarh,3,148.03,0.0,444.09,341.85,102.24,Cash,Consumer
ORD-02705,2025-08-27,CUST-0888,Electronics,Keyboard,West,Pune,3,509.73,0.15,1299.81,1084.36,215.45,Credit Card,Small Business
ORD-00145,2025-08-27,CUST-0589,Furniture,Table,East,Kolkata,4,146.15,0.1,526.14,410.66,115.48,UPI,Consumer
ORD-04868,2025-08-27,CUST-0238,Electronics,Headphones,South,Hyderabad,7,676.06,0.05,4495.8,2842.48,1653.32,Credit Card,Small Business
ORD-03440,2025-08-27,CUST-0695,Office Supplies,Printer Paper,South,Chennai,3,41.0,0.0,123.0,104.05,18.95,Bank Transfer,Corporate
ORD-04638,2025-08-27,CUST-0721,Electronics,Keyboard,South,Bengaluru,6,716.31,0.0,4297.86,2967.22,1330.64,Bank Transfer,Consumer
ORD-02449,2025-08-27,CUST-0848,Electronics,Smartphone,South,Chennai,2,469.68,0.1,845.42,544.68,300.74,Cash,Small Business
ORD-01949,2025-08-27,CUST-0197,Electronics,Headphones,Central,Nagpur,7,554.94,0.05,3690.35,2404.3,1286.05,Bank Transfer,Consumer
ORD-00277,2025-08-27,CUST-0537,Electronics,Keyboard,West,Pune,1,421.68,0.0,421.68,282.98,138.7,Debit Card,Consumer
ORD-01374,2025-08-27,CUST-0480,Clothing,T-Shirt,West,Mumbai,4,49.22,0.05,187.04,115.99,71.05,Credit Card,Consumer
ORD-00365,2025-08-27,CUST-0122,Electronics,Keyboard,East,Guwahati,4,566.09,0.0,2264.36,1745.32,519.04,Cash,Small Business
ORD-04856,2025-08-27,CUST-0281,Electronics,Monitor,West,Mumbai,1,517.51,0.15,439.88,281.58,158.3,UPI,Corporate
ORD-01440,2025-08-28,CUST-1181,Office Supplies,Notebook,North,Delhi,2,25.67,0.05,48.77,32.86,15.91,UPI,Consumer
ORD-01814,2025-08-28,CUST-0518,Furniture,Cabinet,Central,Bhopal,2,256.97,0.05,488.24,340.12,148.12,Credit Card,Consumer
ORD-01283,2025-08-28,CUST-0861,Electronics,Smartphone,North,Delhi,3,485.32,0.1,1310.36,891.85,418.51,Credit Card,Consumer
ORD-04335,2025-08-28,CUST-0321,Electronics,Headphones,East,Kolkata,4,551.8,0.0,2207.2,1378.78,828.42,Bank Transfer,Consumer
ORD-01489,2025-08-28,CUST-1147,Furniture,Office Chair,East,Bhubaneswar,6,378.74,0.15,1931.57,1191.74,739.83,Cash,Corporate
ORD-04900,2025-08-28,CUST-0929,Furniture,Desk,South,Bengaluru,4,236.01,0.15,802.43,495.36,307.07,UPI,Consumer
ORD-02564,2025-08-28,CUST-0649,Office Supplies,Notebook,North,Jaipur,2,36.37,0.05,69.1,42.8,26.3,Credit Card,Consumer
ORD-01771,2025-08-28,CUST-1117,Electronics,Headphones,West,Mumbai,1,401.09,0.15,340.93,262.4,78.53,UPI,Consumer
ORD-04791,2025-08-28,CUST-0546,Office Supplies,Printer Paper,South,Bengaluru,7,27.34,0.0,191.38,148.1,43.28,Cash,Small Business
ORD-02815,2025-08-28,CUST-0593,Furniture,Cabinet,Central,Bhopal,6,270.94,0.1,1463.08,1141.09,321.99,UPI,Consumer
ORD-02238,2025-08-28,CUST-0358,Office Supplies,Stapler,South,Hyderabad,4,37.57,0.15,127.74,75.14,52.6,Credit Card,Consumer
ORD-04623,2025-08-28,CUST-0219,Electronics,Keyboard,South,Hyderabad,8,487.36,0.0,3898.88,2950.75,948.13,UPI,Corporate
ORD-03260,2025-08-28,CUST-1084,Home & Kitchen,Vacuum Cleaner,West,Pune,5,140.71,0.05,668.37,427.66,240.71,Debit Card,Consumer
ORD-02338,2025-08-28,CUST-0794,Furniture,Office Chair,East,Kolkata,6,290.54,0.1,1568.92,1050.2,518.72,UPI,Consumer
ORD-00399,2025-08-28,CUST-0211,Electronics,Keyboard,South,Chennai,3,737.4,0.05,2101.59,1269.55,832.04,Cash,Small Business
ORD-04873,2025-08-29,CUST-0341,Furniture,Desk,South,Hyderabad,2,269.66,0.0,539.32,408.06,131.26,Credit Card,Small Business
ORD-03230,2025-08-29,CUST-0564,Office Supplies,Stapler,South,Chennai,1,30.19,0.05,28.68,20.59,8.09,Credit Card,Consumer
ORD-04279,2025-08-29,CUST-0550,Clothing,Jacket,West,Pune,2,79.57,0.1,143.23,95.83,47.4,Cash,Consumer
ORD-04102,2025-08-29,CUST-0488,Electronics,Monitor,South,Bengaluru,2,454.44,0.05,863.44,648.93,214.51,UPI,Consumer
ORD-03874,2025-08-29,CUST-1132,Electronics,Laptop,South,Chennai,1,571.32,0.0,571.32,391.61,179.71,UPI,Corporate
ORD-00151,2025-08-29,CUST-1006,Clothing,Jeans,Central,Nagpur,3,64.54,0.05,183.94,120.81,63.13,Debit Card,Corporate
ORD-04546,2025-08-29,CUST-0245,Office Supplies,Pen Set,Central,Nagpur,1,37.28,0.05,35.42,27.43,7.99,Debit Card,Corporate
ORD-00247,2025-08-29,CUST-1112,Furniture,Office Chair,North,Chandigarh,2,329.48,0.05,626.01,520.09,105.92,Cash,Consumer
ORD-01665,2025-08-29,CUST-0494,Home & Kitchen,Vacuum Cleaner,West,Ahmedabad,5,114.39,0.0,571.95,334.57,237.38,Debit Card,Consumer
ORD-04020,2025-08-30,CUST-0331,Office Supplies,Printer Paper,East,Guwahati,6,26.9,0.0,161.4,124.1,37.3,Bank Transfer,Small Business
ORD-03059,2025-08-30,CUST-0436,Clothing,Sneakers,North,Jaipur,3,72.84,0.0,218.52,168.87,49.65,UPI,Small Business
ORD-04596,2025-08-30,CUST-0012,Office Supplies,Stapler,South,Chennai,5,38.82,0.0,194.1,157.0,37.1,Debit Card,Consumer
ORD-01148,2025-08-30,CUST-0131,Furniture,Desk,South,Chennai,2,240.72,0.05,457.37,345.72,111.65,Credit Card,Small Business
ORD-01255,2025-08-30,CUST-0881,Clothing,Backpack,East,Kolkata,3,61.91,0.0,185.73,124.57,61.16,Debit Card,Small Business
ORD-01249,2025-08-30,CUST-1158,Clothing,Backpack,South,Chennai,2,67.9,0.0,135.8,90.6,45.2,UPI,Consumer
ORD-03834,2025-08-30,CUST-1111,Electronics,Monitor,East,Bhubaneswar,3,259.2,0.05,738.72,461.97,276.75,UPI,Consumer
ORD-01558,2025-08-30,CUST-0898,Clothing,Jacket,North,Jaipur,8,39.05,0.15,265.54,157.13,108.41,Bank Transfer,Corporate
ORD-03571,2025-08-30,CUST-0173,Office Supplies,Calculator,Central,Nagpur,2,21.59,0.0,43.18,25.3,17.88,UPI,Small Business
ORD-01171,2025-08-30,CUST-1106,Clothing,Jacket,North,Chandigarh,2,72.34,0.0,144.68,123.29,21.39,Credit Card,Consumer
ORD-00149,2025-08-30,CUST-0662,Clothing,Jacket,West,Pune,5,67.87,0.15,288.45,184.81,103.64,Credit Card,Corporate
ORD-03167,2025-08-30,CUST-0212,Office Supplies,Notebook,Central,Nagpur,2,45.85,0.0,91.7,59.02,32.68,Cash,Consumer
ORD-00050,2025-08-30,CUST-0374,Office Supplies,Printer Paper,South,Chennai,3,29.95,0.0,89.85,52.78,37.07,Cash,Small Business
ORD-01321,2025-08-30,CUST-0195,Electronics,Monitor,West,Mumbai,2,372.95,0.15,634.02,456.99,177.03,UPI,Consumer
ORD-03844,2025-08-30,CUST-0130,Electronics,Keyboard,East,Guwahati,7,464.57,0.0,3251.99,1983.4,1268.59,Cash,Small Business
ORD-03193,2025-08-30,CUST-0057,Office Supplies,Notebook,East,Bhubaneswar,6,25.98,0.0,155.88,104.83,51.05,Credit Card,Corporate
ORD-02800,2025-08-30,CUST-0457,Office Supplies,Calculator,North,Delhi,8,30.6,0.15,208.08,150.39,57.69,Credit Card,Corporate
ORD-04434,2025-08-30,CUST-0679,Electronics,Keyboard,West,Pune,2,437.63,0.1,787.73,484.57,303.16,Credit Card,Consumer
ORD-03155,2025-08-30,CUST-1080,Office Supplies,Calculator,West,Pune,5,50.7,0.05,240.82,147.2,93.62,Credit Card,Consumer
ORD-00127,2025-08-31,CUST-0862,Office Supplies,Pen Set,East,Bhubaneswar,3,31.39,0.0,94.17,76.78,17.39,Bank Transfer,Consumer
ORD-01925,2025-08-31,CUST-0486,Clothing,T-Shirt,South,Hyderabad,7,65.27,0.05,434.05,290.81,143.24,UPI,Consumer
ORD-01096,2025-08-31,CUST-0390,Furniture,Bookshelf,North,Delhi,6,340.77,0.0,2044.62,1236.11,808.51,Bank Transfer,Small Business
ORD-00748,2025-08-31,CUST-0604,Furniture,Cabinet,West,Mumbai,5,410.51,0.0,2052.55,1647.99,404.56,UPI,Small Business
ORD-00760,2025-08-31,CUST-0533,Office Supplies,Pen Set,West,Pune,2,24.49,0.1,44.08,36.36,7.72,Credit Card,Consumer
ORD-02834,2025-08-31,CUST-0158,Clothing,Jeans,West,Ahmedabad,6,38.12,0.1,205.85,120.51,85.34,UPI,Consumer
ORD-03041,2025-08-31,CUST-0557,Electronics,Smartphone,North,Chandigarh,2,428.75,0.0,857.5,643.11,214.39,Credit Card,Consumer
ORD-02433,2025-08-31,CUST-1068,Electronics,Laptop,South,Chennai,2,578.23,0.05,1098.64,935.05,163.59,Cash,Corporate
ORD-00540,2025-08-31,CUST-0705,Clothing,Sneakers,West,Ahmedabad,6,70.22,0.15,358.12,265.26,92.86,Cash,Consumer
ORD-01271,2025-08-31,CUST-0017,Home & Kitchen,Cookware Set,West,Mumbai,3,105.44,0.1,284.69,217.55,67.14,Credit Card,Consumer
ORD-02789,2025-09-01,CUST-1042,Home & Kitchen,Cookware Set,Central,Indore,7,140.4,0.05,933.66,708.23,225.43,Cash,Consumer
ORD-04363,2025-09-01,CUST-0474,Furniture,Desk,Central,Nagpur,8,383.22,0.1,2759.18,1763.72,995.46,Credit Card,Consumer
ORD-04531,2025-09-01,CUST-0460,Office Supplies,Pen Set,East,Kolkata,4,32.84,0.05,124.79,80.79,44.0,Credit Card,Corporate
ORD-01005,2025-09-01,CUST-1067,Office Supplies,Calculator,Central,Indore,4,38.73,0.1,139.43,110.72,28.71,UPI,Small Business
ORD-04306,2025-09-01,CUST-0044,Clothing,Backpack,North,Chandigarh,7,66.55,0.05,442.56,278.78,163.78,UPI,Corporate
ORD-00094,2025-09-01,CUST-0482,Electronics,Keyboard,East,Guwahati,3,464.96,0.15,1185.65,1004.8,180.85,UPI,Consumer
ORD-01815,2025-09-01,CUST-0670,Office Supplies,Notebook,North,Chandigarh,4,39.29,0.1,141.44,111.42,30.02,Cash,Small Business
ORD-03836,2025-09-01,CUST-0809,Furniture,Office Chair,South,Bengaluru,3,364.03,0.0,1092.09,672.15,419.94,Credit Card,Consumer
ORD-00430,2025-09-01,CUST-0479,Electronics,Smartphone,South,Chennai,2,593.29,0.0,1186.58,821.22,365.36,Credit Card,Corporate
ORD-02122,2025-09-01,CUST-0373,Electronics,Laptop,North,Delhi,5,570.91,0.1,2569.09,1797.33,771.76,Debit Card,Consumer
ORD-03974,2025-09-01,CUST-0400,Home & Kitchen,Blender,North,Jaipur,5,169.92,0.0,849.6,710.51,139.09,Credit Card,Consumer
ORD-03403,2025-09-01,CUST-0862,Furniture,Bookshelf,Central,Nagpur,8,504.14,0.15,3428.15,2508.99,919.16,UPI,Corporate
ORD-01016,2025-09-01,CUST-0794,Furniture,Desk,South,Chennai,5,380.09,0.0,1900.45,1502.67,397.78,Credit Card,Corporate
ORD-03246,2025-09-01,CUST-0130,Furniture,Table,West,Ahmedabad,5,365.11,0.05,1734.27,1293.18,441.09,UPI,Consumer
ORD-00407,2025-09-01,CUST-0528,Office Supplies,Calculator,East,Bhubaneswar,3,42.71,0.0,128.13,80.49,47.64,UPI,Small Business
ORD-01087,2025-09-01,CUST-0113,Electronics,Smartphone,East,Kolkata,6,290.58,0.0,1743.48,1357.49,385.99,UPI,Corporate
ORD-01673,2025-09-01,CUST-0165,Clothing,Jacket,South,Hyderabad,5,80.21,0.0,401.05,297.78,103.27,UPI,Consumer
ORD-00384,2025-09-02,CUST-0887,Office Supplies,Stapler,North,Jaipur,7,49.07,0.1,309.14,250.56,58.58,Credit Card,Corporate
ORD-03195,2025-09-02,CUST-0108,Furniture,Bookshelf,South,Hyderabad,5,234.6,0.05,1114.35,739.23,375.12,UPI,Consumer
ORD-00767,2025-09-02,CUST-0278,Office Supplies,Stapler,South,Chennai,2,18.01,0.2,28.82,22.07,6.75,Debit Card,Corporate
ORD-00802,2025-09-02,CUST-0674,Electronics,Keyboard,Central,Bhopal,5,344.64,0.15,1464.72,967.47,497.25,Bank Transfer,Corporate
ORD-04195,2025-09-02,CUST-0088,Office Supplies,Pen Set,West,Ahmedabad,6,44.72,0.0,268.32,211.58,56.74,Bank Transfer,Consumer
ORD-01501,2025-09-02,CUST-0410,Clothing,Sneakers,Central,Indore,7,56.34,0.0,394.38,251.27,143.11,Cash,Consumer
ORD-04721,2025-09-02,CUST-0246,Clothing,Sneakers,East,Bhubaneswar,5,55.48,0.0,277.4,210.45,66.95,UPI,Corporate
ORD-00425,2025-09-02,CUST-0343,Electronics,Monitor,East,Kolkata,5,303.84,0.05,1443.24,889.82,553.42,Debit Card,Small Business
ORD-00740,2025-09-02,CUST-0317,Home & Kitchen,Coffee Maker,South,Chennai,3,73.06,0.15,186.3,157.3,29.0,UPI,Consumer
ORD-01243,2025-09-02,CUST-1037,Office Supplies,Pen Set,South,Bengaluru,8,33.87,0.0,270.96,199.77,71.19,UPI,Corporate
ORD-01102,2025-09-03,CUST-0040,Home & Kitchen,Coffee Maker,South,Chennai,7,63.43,0.0,444.01,329.47,114.54,Credit Card,Consumer
ORD-04982,2025-09-03,CUST-0939,Furniture,Office Chair,Central,Indore,7,294.92,0.0,2064.44,1674.89,389.55,UPI,Small Business
ORD-04707,2025-09-03,CUST-0355,Office Supplies,Printer Paper,North,Jaipur,3,37.76,0.05,107.62,76.25,31.37,Bank Transfer,Small Business
ORD-03672,2025-09-03,CUST-0544,Office Supplies,Calculator,Central,Nagpur,8,36.31,0.0,290.48,228.36,62.12,Cash,Small Business
ORD-02540,2025-09-03,CUST-0276,Electronics,Keyboard,West,Pune,7,384.65,0.0,2692.55,2265.41,427.14,Debit Card,Consumer
ORD-04654,2025-09-03,CUST-0852,Electronics,Headphones,West,Mumbai,5,663.73,0.05,3152.72,1967.05,1185.67,UPI,Corporate
ORD-01190,2025-09-03,CUST-0457,Electronics,Laptop,West,Pune,1,417.12,0.0,417.12,260.11,157.01,UPI,Corporate
ORD-00928,2025-09-03,CUST-1196,Office Supplies,Printer Paper,Central,Indore,8,28.66,0.2,183.42,156.71,26.71,Debit Card,Consumer
ORD-03626,2025-09-03,CUST-0141,Electronics,Keyboard,South,Chennai,7,405.88,0.0,2841.16,1930.26,910.9,Credit Card,Consumer
ORD-00376,2025-09-03,CUST-0591,Electronics,Smartphone,West,Mumbai,2,598.31,0.0,1196.62,873.42,323.2,Debit Card,Small Business
ORD-03788,2025-09-03,CUST-0003,Office Supplies,Notebook,South,Bengaluru,8,27.14,0.05,206.26,133.04,73.22,Bank Transfer,Corporate
ORD-01056,2025-09-03,CUST-0367,Electronics,Monitor,North,Delhi,2,323.92,0.1,583.06,499.83,83.23,UPI,Small Business
ORD-04579,2025-09-03,CUST-0155,Home & Kitchen,Cookware Set,North,Chandigarh,7,93.32,0.0,653.24,533.4,119.84,Credit Card,Consumer
ORD-01309,2025-09-03,CUST-0747,Electronics,Headphones,Central,Bhopal,6,275.55,0.0,1653.3,1378.9,274.4,UPI,Small Business
ORD-03203,2025-09-03,CUST-0607,Electronics,Laptop,East,Kolkata,6,500.07,0.0,3000.42,1819.83,1180.59,Bank Transfer,Consumer
ORD-00627,2025-09-03,CUST-0779,Office Supplies,Pen Set,Central,Indore,3,46.56,0.0,139.68,112.61,27.07,Debit Card,Corporate
ORD-03809,2025-09-04,CUST-0314,Electronics,Keyboard,East,Kolkata,2,507.93,0.1,914.27,722.94,191.33,Cash,Small Business
ORD-02352,2025-09-04,CUST-1174,Electronics,Monitor,Central,Indore,6,497.08,0.0,2982.48,1784.34,1198.14,Debit Card,Small Business
ORD-02409,2025-09-04,CUST-0565,Furniture,Desk,West,Pune,5,304.23,0.1,1369.04,1140.08,228.96,Debit Card,Consumer
ORD-02423,2025-09-04,CUST-1091,Clothing,Sneakers,East,Kolkata,5,29.0,0.2,116.0,67.55,48.45,UPI,Small Business
ORD-03453,2025-09-04,CUST-0235,Furniture,Office Chair,South,Hyderabad,3,277.65,0.15,708.01,422.3,285.71,Credit Card,Small Business
ORD-01474,2025-09-04,CUST-1197,Electronics,Monitor,North,Delhi,4,607.96,0.15,2067.06,1407.66,659.4,Debit Card,Corporate
ORD-00706,2025-09-04,CUST-1171,Clothing,Jacket,North,Delhi,4,69.25,0.2,221.6,188.14,33.46,Bank Transfer,Small Business
ORD-00693,2025-09-04,CUST-0601,Electronics,Smartphone,North,Chandigarh,4,462.06,0.05,1755.83,1484.9,270.93,UPI,Consumer
ORD-00207,2025-09-04,CUST-0143,Electronics,Laptop,West,Mumbai,7,424.77,0.15,2527.38,1618.4,908.98,Credit Card,Consumer
ORD-01594,2025-09-04,CUST-0597,Office Supplies,Stapler,South,Bengaluru,8,49.76,0.15,338.37,253.16,85.21,UPI,Corporate
ORD-04016,2025-09-04,CUST-1025,Office Supplies,Pen Set,Central,Nagpur,3,27.33,0.0,81.99,62.03,19.96,Bank Transfer,Corporate
ORD-01838,2025-09-05,CUST-0530,Office Supplies,Pen Set,North,Delhi,3,37.66,0.1,101.68,65.08,36.6,Bank Transfer,Consumer
ORD-00295,2025-09-05,CUST-0039,Clothing,Jacket,North,Chandigarh,4,83.52,0.0,334.08,260.56,73.52,Credit Card,Small Business
ORD-03722,2025-09-05,CUST-0332,Office Supplies,Pen Set,North,Chandigarh,2,51.26,0.05,97.39,57.49,39.9,UPI,Small Business
ORD-01901,2025-09-05,CUST-0711,Electronics,Monitor,South,Chennai,2,457.36,0.05,868.98,723.3,145.68,Bank Transfer,Consumer
ORD-00481,2025-09-05,CUST-0732,Electronics,Monitor,South,Bengaluru,6,296.23,0.05,1688.51,1182.23,506.28,Credit Card,Small Business
ORD-01966,2025-09-05,CUST-0094,Electronics,Smartphone,Central,Bhopal,7,496.76,0.05,3303.45,2091.3,1212.15,Credit Card,Small Business
ORD-00709,2025-09-05,CUST-0309,Office Supplies,Calculator,North,Jaipur,5,27.18,0.0,135.9,86.92,48.98,Credit Card,Small Business
ORD-00940,2025-09-06,CUST-0794,Office Supplies,Stapler,South,Chennai,7,36.82,0.15,219.08,159.59,59.49,Debit Card,Consumer
ORD-04380,2025-09-06,CUST-0522,Clothing,Jacket,North,Delhi,6,58.13,0.05,331.34,258.72,72.62,UPI,Corporate
ORD-04409,2025-09-06,CUST-0395,Home & Kitchen,Coffee Maker,North,Chandigarh,1,96.34,0.05,91.52,72.63,18.89,Credit Card,Consumer
ORD-03885,2025-09-06,CUST-0319,Clothing,Jacket,East,Bhubaneswar,5,50.85,0.0,254.25,180.93,73.32,Bank Transfer,Consumer
ORD-02498,2025-09-06,CUST-0946,Furniture,Bookshelf,West,Ahmedabad,6,355.88,0.0,2135.28,1661.98,473.3,Credit Card,Consumer
ORD-03562,2025-09-06,CUST-0076,Office Supplies,Stapler,Central,Bhopal,6,46.26,0.1,249.8,200.41,49.39,UPI,Consumer
ORD-02719,2025-09-06,CUST-1094,Office Supplies,Printer Paper,North,Jaipur,5,24.81,0.15,105.44,81.13,24.31,UPI,Corporate
ORD-01063,2025-09-06,CUST-0951,Office Supplies,Calculator,North,Delhi,8,26.7,0.0,213.6,160.51,53.09,Debit Card,Corporate
ORD-04245,2025-09-06,CUST-0960,Home & Kitchen,Coffee Maker,North,Delhi,5,104.97,0.1,472.36,376.29,96.07,Credit Card,Consumer
ORD-04271,2025-09-06,CUST-0646,Electronics,Headphones,West,Pune,1,389.6,0.0,389.6,235.77,153.83,Debit Card,Small Business
ORD-04269,2025-09-07,CUST-0183,Home & Kitchen,Coffee Maker,North,Delhi,8,123.39,0.15,839.05,517.64,321.41,Cash,Corporate
ORD-02563,2025-09-07,CUST-0093,Furniture,Office Chair,Central,Bhopal,5,259.43,0.0,1297.15,920.94,376.21,Credit Card,Small Business
ORD-02392,2025-09-07,CUST-0511,Home & Kitchen,Toaster,Central,Nagpur,6,185.01,0.1,999.05,847.83,151.22,UPI,Small Business
ORD-00098,2025-09-07,CUST-0137,Home & Kitchen,Coffee Maker,Central,Indore,7,70.17,0.0,491.19,380.81,110.38,Credit Card,Consumer
ORD-00766,2025-09-07,CUST-0836,Furniture,Table,North,Chandigarh,4,356.89,0.05,1356.18,804.59,551.59,Bank Transfer,Small Business
ORD-01683,2025-09-07,CUST-0216,Office Supplies,Calculator,North,Chandigarh,8,40.42,0.1,291.02,195.2,95.82,UPI,Small Business
ORD-04083,2025-09-07,CUST-0414,Clothing,T-Shirt,Central,Bhopal,3,61.45,0.1,165.92,129.87,36.05,Bank Transfer,Small Business
ORD-00191,2025-09-07,CUST-0639,Home & Kitchen,Cookware Set,West,Pune,3,123.05,0.05,350.69,237.51,113.18,Credit Card,Corporate
ORD-04720,2025-09-07,CUST-0439,Home & Kitchen,Vacuum Cleaner,Central,Indore,5,169.79,0.1,764.06,523.07,240.99,Bank Transfer,Consumer
ORD-03253,2025-09-08,CUST-0696,Furniture,Cabinet,West,Pune,8,250.11,0.0,2000.88,1714.84,286.04,Debit Card,Consumer
ORD-02700,2025-09-08,CUST-1124,Home & Kitchen,Blender,West,Pune,2,157.95,0.1,284.31,169.57,114.74,Credit Card,Corporate
ORD-00859,2025-09-08,CUST-0099,Electronics,Keyboard,West,Mumbai,8,431.05,0.05,3275.98,2626.55,649.43,Credit Card,Consumer
ORD-04376,2025-09-08,CUST-0562,Furniture,Cabinet,North,Jaipur,8,184.13,0.0,1473.04,1247.63,225.41,Debit Card,Corporate
ORD-00508,2025-09-08,CUST-0429,Clothing,Jeans,Central,Indore,7,62.2,0.05,413.63,286.89,126.74,Credit Card,Consumer
ORD-01989,2025-09-08,CUST-0227,Electronics,Keyboard,South,Hyderabad,4,404.75,0.2,1295.2,847.77,447.43,UPI,Corporate
ORD-03182,2025-09-08,CUST-0707,Clothing,T-Shirt,Central,Bhopal,4,42.77,0.0,171.08,131.78,39.3,Credit Card,Corporate
ORD-02928,2025-09-08,CUST-0221,Electronics,Laptop,Central,Indore,4,421.36,0.0,1685.44,1141.96,543.48,Debit Card,Corporate
ORD-03704,2025-09-09,CUST-0642,Home & Kitchen,Cookware Set,North,Delhi,5,165.65,0.0,828.25,693.92,134.33,UPI,Small Business
ORD-02899,2025-09-09,CUST-0192,Electronics,Keyboard,East,Kolkata,1,398.02,0.05,378.12,273.02,105.1,Cash,Small Business
ORD-04408,2025-09-09,CUST-0619,Home & Kitchen,Cookware Set,East,Guwahati,7,118.67,0.0,830.69,554.83,275.86,UPI,Consumer
ORD-03099,2025-09-09,CUST-1033,Home & Kitchen,Cookware Set,East,Kolkata,4,97.9,0.15,332.86,268.07,64.79,UPI,Consumer
ORD-01897,2025-09-09,CUST-0358,Home & Kitchen,Cookware Set,Central,Nagpur,3,163.19,0.1,440.61,368.03,72.58,Bank Transfer,Corporate
ORD-01597,2025-09-09,CUST-0010,Electronics,Smartphone,Central,Nagpur,3,447.62,0.0,1342.86,898.75,444.11,Credit Card,Consumer
ORD-01345,2025-09-09,CUST-0304,Clothing,Jacket,West,Pune,2,78.56,0.05,149.26,121.23,28.03,Credit Card,Consumer
ORD-04082,2025-09-09,CUST-0312,Furniture,Cabinet,Central,Nagpur,3,351.15,0.1,948.1,640.0,308.1,Credit Card,Small Business
ORD-03395,2025-09-09,CUST-0892,Home & Kitchen,Blender,West,Mumbai,5,147.73,0.0,738.65,520.77,217.88,Bank Transfer,Consumer
ORD-02473,2025-09-09,CUST-0838,Home & Kitchen,Toaster,South,Hyderabad,3,88.28,0.05,251.6,182.22,69.38,Cash,Corporate
ORD-00265,2025-09-09,CUST-0357,Clothing,T-Shirt,West,Ahmedabad,8,68.2,0.05,518.32,332.43,185.89,UPI,Corporate
ORD-00846,2025-09-09,CUST-0250,Office Supplies,Printer Paper,South,Hyderabad,7,30.14,0.05,200.43,141.53,58.9,Bank Transfer,Corporate
ORD-04310,2025-09-09,CUST-0514,Clothing,Jeans,Central,Nagpur,5,69.15,0.0,345.75,262.26,83.49,Bank Transfer,Consumer
ORD-02998,2025-09-10,CUST-0761,Electronics,Laptop,South,Bengaluru,1,526.91,0.0,526.91,402.67,124.24,UPI,Consumer
ORD-01728,2025-09-10,CUST-0877,Electronics,Headphones,North,Delhi,8,346.97,0.1,2498.18,1700.08,798.1,Debit Card,Consumer
ORD-02366,2025-09-10,CUST-0227,Furniture,Desk,Central,Bhopal,1,255.48,0.0,255.48,183.43,72.05,Bank Transfer,Small Business
ORD-02824,2025-09-10,CUST-0733,Clothing,T-Shirt,East,Guwahati,5,68.97,0.05,327.61,235.89,91.72,Credit Card,Corporate
ORD-00479,2025-09-10,CUST-0478,Clothing,Sneakers,Central,Indore,6,66.43,0.15,338.79,209.48,129.31,Bank Transfer,Small Business
ORD-01701,2025-09-10,CUST-0625,Furniture,Table,North,Delhi,6,303.58,0.05,1730.41,1031.02,699.39,Debit Card,Consumer
ORD-04386,2025-09-10,CUST-0581,Furniture,Table,Central,Bhopal,1,61.26,0.05,58.2,38.06,20.14,Credit Card,Corporate
ORD-03477,2025-09-10,CUST-0188,Clothing,Backpack,South,Bengaluru,2,53.34,0.05,101.35,61.7,39.65,UPI,Consumer
ORD-03613,2025-09-10,CUST-0616,Electronics,Headphones,South,Chennai,3,419.36,0.05,1195.18,949.73,245.45,Credit Card,Small Business
ORD-00967,2025-09-10,CUST-0812,Clothing,Backpack,West,Ahmedabad,2,55.75,0.05,105.92,69.55,36.37,Debit Card,Corporate
ORD-03227,2025-09-10,CUST-0827,Furniture,Table,West,Ahmedabad,7,261.58,0.0,1831.06,1214.05,617.01,UPI,Consumer
ORD-02030,2025-09-10,CUST-0298,Clothing,Jeans,Central,Bhopal,3,71.38,0.1,192.73,123.66,69.07,Credit Card,Consumer
ORD-01829,2025-09-10,CUST-1060,Clothing,T-Shirt,Central,Indore,7,99.72,0.0,698.04,447.99,250.05,UPI,Small Business
ORD-04293,2025-09-11,CUST-1073,Furniture,Bookshelf,South,Chennai,6,182.89,0.0,1097.34,859.47,237.87,Cash,Consumer
ORD-02968,2025-09-11,CUST-0597,Clothing,Backpack,West,Mumbai,1,58.77,0.0,58.77,49.66,9.11,Bank Transfer,Corporate
ORD-02676,2025-09-11,CUST-0050,Home & Kitchen,Vacuum Cleaner,East,Kolkata,4,88.79,0.1,319.64,250.15,69.49,Credit Card,Consumer
ORD-00512,2025-09-11,CUST-1062,Home & Kitchen,Coffee Maker,West,Pune,2,109.9,0.05,208.81,126.52,82.29,Debit Card,Corporate
ORD-01921,2025-09-11,CUST-0484,Clothing,Jeans,West,Mumbai,8,81.02,0.0,648.16,495.12,153.04,UPI,Corporate
ORD-00279,2025-09-11,CUST-0436,Clothing,Jacket,South,Hyderabad,1,71.63,0.05,68.05,46.36,21.69,UPI,Consumer
ORD-00377,2025-09-11,CUST-0090,Furniture,Table,West,Mumbai,3,238.64,0.0,715.92,579.07,136.85,Credit Card,Consumer
ORD-03051,2025-09-11,CUST-1063,Electronics,Laptop,South,Hyderabad,6,477.95,0.0,2867.7,1937.07,930.63,UPI,Consumer
ORD-04383,2025-09-11,CUST-0610,Office Supplies,Printer Paper,East,Bhubaneswar,3,25.98,0.15,66.25,41.69,24.56,UPI,Consumer
ORD-00076,2025-09-11,CUST-0023,Clothing,Jacket,Central,Nagpur,2,51.71,0.0,103.42,66.57,36.85,UPI,Small Business
ORD-02907,2025-09-11,CUST-0260,Clothing,Backpack,East,Kolkata,2,60.18,0.05,114.34,96.71,17.63,Credit Card,Corporate
ORD-04225,2025-09-12,CUST-0078,Office Supplies,Stapler,West,Mumbai,1,36.1,0.0,36.1,25.77,10.33,Bank Transfer,Small Business
ORD-00016,2025-09-12,CUST-0198,Office Supplies,Stapler,East,Guwahati,6,38.02,0.05,216.71,164.06,52.65,Debit Card,Small Business
ORD-00901,2025-09-12,CUST-0375,Electronics,Monitor,North,Jaipur,1,459.9,0.0,459.9,311.29,148.61,Cash,Consumer
ORD-02062,2025-09-12,CUST-0914,Home & Kitchen,Vacuum Cleaner,Central,Nagpur,7,147.01,0.05,977.62,827.18,150.44,Credit Card,Consumer
ORD-02600,2025-09-12,CUST-0990,Office Supplies,Stapler,West,Mumbai,3,47.74,0.2,114.58,79.47,35.11,Credit Card,Consumer
ORD-04562,2025-09-12,CUST-0989,Office Supplies,Stapler,West,Mumbai,2,40.73,0.05,77.39,53.75,23.64,Bank Transfer,Consumer
ORD-04741,2025-09-12,CUST-0767,Electronics,Laptop,East,Kolkata,4,512.07,0.05,1945.87,1558.37,387.5,Bank Transfer,Consumer
ORD-00495,2025-09-12,CUST-0866,Furniture,Office Chair,West,Mumbai,5,223.48,0.15,949.79,612.15,337.64,UPI,Consumer
ORD-04689,2025-09-12,CUST-0035,Furniture,Bookshelf,South,Bengaluru,8,310.85,0.0,2486.8,1528.2,958.6,Credit Card,Consumer
ORD-04033,2025-09-12,CUST-0704,Electronics,Headphones,West,Mumbai,6,447.38,0.2,2147.42,1678.51,468.91,UPI,Corporate
ORD-04406,2025-09-12,CUST-0956,Electronics,Smartphone,Central,Bhopal,6,611.76,0.05,3487.03,2795.48,691.55,Credit Card,Small Business
ORD-03910,2025-09-12,CUST-0416,Furniture,Cabinet,South,Bengaluru,1,262.91,0.0,262.91,204.9,58.01,Bank Transfer,Corporate
ORD-04662,2025-09-13,CUST-0436,Home & Kitchen,Vacuum Cleaner,East,Bhubaneswar,6,129.74,0.0,778.44,642.8,135.64,Cash,Small Business
ORD-00432,2025-09-13,CUST-0485,Electronics,Laptop,East,Guwahati,1,283.56,0.0,283.56,164.54,119.02,Credit Card,Small Business
ORD-01867,2025-09-13,CUST-0263,Clothing,Jacket,North,Jaipur,3,46.46,0.05,132.41,91.18,41.23,Bank Transfer,Small Business
ORD-02475,2025-09-13,CUST-1163,Home & Kitchen,Blender,Central,Indore,6,115.25,0.05,656.92,458.56,198.36,Bank Transfer,Consumer
ORD-02862,2025-09-13,CUST-0937,Electronics,Smartphone,West,Pune,8,665.27,0.05,5056.05,2946.87,2109.18,Credit Card,Consumer
ORD-04391,2025-09-13,CUST-0480,Electronics,Headphones,West,Pune,4,477.18,0.0,1908.72,1229.52,679.2,UPI,Small Business
ORD-00778,2025-09-13,CUST-1022,Office Supplies,Notebook,Central,Bhopal,6,24.51,0.05,139.71,90.94,48.77,Cash,Corporate
ORD-00343,2025-09-13,CUST-0308,Furniture,Bookshelf,South,Hyderabad,3,366.68,0.05,1045.04,704.92,340.12,UPI,Consumer
ORD-02695,2025-09-13,CUST-0749,Office Supplies,Calculator,East,Bhubaneswar,6,39.37,0.0,236.22,191.95,44.27,Credit Card,Corporate
ORD-02759,2025-09-13,CUST-0381,Clothing,T-Shirt,Central,Bhopal,7,72.49,0.1,456.69,338.79,117.9,Credit Card,Small Business
ORD-03821,2025-09-13,CUST-0760,Furniture,Office Chair,Central,Nagpur,6,225.28,0.05,1284.1,814.27,469.83,Debit Card,Corporate
ORD-03721,2025-09-14,CUST-0088,Furniture,Desk,West,Pune,3,194.88,0.2,467.71,373.39,94.32,Cash,Consumer
ORD-03627,2025-09-14,CUST-0310,Home & Kitchen,Vacuum Cleaner,South,Chennai,2,158.82,0.05,301.76,243.59,58.17,UPI,Consumer
ORD-03393,2025-09-14,CUST-1048,Office Supplies,Stapler,West,Ahmedabad,3,53.76,0.1,145.15,105.37,39.78,UPI,Small Business
ORD-00691,2025-09-14,CUST-0434,Electronics,Laptop,North,Delhi,8,550.61,0.1,3964.39,2686.8,1277.59,UPI,Consumer
ORD-04108,2025-09-14,CUST-0958,Electronics,Smartphone,East,Guwahati,1,424.68,0.15,360.98,275.26,85.72,Bank Transfer,Small Business
ORD-04447,2025-09-14,CUST-0465,Clothing,T-Shirt,South,Hyderabad,3,50.77,0.0,152.31,95.35,56.96,UPI,Consumer
ORD-04613,2025-09-14,CUST-0049,Office Supplies,Notebook,Central,Indore,8,51.05,0.1,367.56,303.13,64.43,Bank Transfer,Consumer
ORD-03419,2025-09-14,CUST-0377,Furniture,Office Chair,West,Pune,5,215.52,0.0,1077.6,829.54,248.06,Credit Card,Consumer
ORD-03478,2025-09-14,CUST-0679,Electronics,Monitor,West,Ahmedabad,2,515.26,0.0,1030.52,707.54,322.98,Debit Card,Small Business
ORD-02059,2025-09-14,CUST-0259,Electronics,Smartphone,Central,Bhopal,4,548.27,0.1,1973.77,1599.68,374.09,UPI,Consumer
ORD-03839,2025-09-14,CUST-0851,Office Supplies,Stapler,South,Bengaluru,3,28.93,0.05,82.45,66.01,16.44,UPI,Consumer
ORD-00631,2025-09-14,CUST-0396,Electronics,Monitor,North,Jaipur,3,590.91,0.15,1506.82,1193.25,313.57,UPI,Consumer
ORD-01992,2025-09-14,CUST-0981,Clothing,Jeans,North,Delhi,2,44.27,0.05,84.11,53.88,30.23,Credit Card,Corporate
ORD-00752,2025-09-15,CUST-0367,Office Supplies,Printer Paper,East,Kolkata,4,29.75,0.0,119.0,71.65,47.35,Credit Card,Small Business
ORD-01052,2025-09-15,CUST-0010,Clothing,Jeans,West,Mumbai,2,67.72,0.15,115.12,88.95,26.17,Cash,Consumer
ORD-03058,2025-09-15,CUST-0449,Office Supplies,Stapler,East,Guwahati,3,38.74,0.05,110.41,94.01,16.4,Credit Card,Corporate
ORD-00594,2025-09-15,CUST-0379,Office Supplies,Calculator,North,Jaipur,4,15.83,0.2,50.66,30.76,19.9,Debit Card,Small Business
ORD-00177,2025-09-15,CUST-0088,Furniture,Table,Central,Bhopal,5,237.85,0.2,951.4,681.92,269.48,Debit Card,Consumer
ORD-04247,2025-09-15,CUST-0580,Office Supplies,Calculator,Central,Bhopal,6,34.74,0.0,208.44,155.93,52.51,Bank Transfer,Corporate
ORD-01646,2025-09-15,CUST-1064,Electronics,Laptop,North,Chandigarh,4,337.59,0.05,1282.84,1034.68,248.16,Debit Card,Consumer
ORD-02244,2025-09-15,CUST-0255,Home & Kitchen,Toaster,Central,Bhopal,4,98.79,0.15,335.89,230.41,105.48,Bank Transfer,Corporate
ORD-01358,2025-09-15,CUST-0210,Office Supplies,Notebook,North,Jaipur,6,55.25,0.0,331.5,216.6,114.9,Credit Card,Consumer
ORD-00323,2025-09-15,CUST-0299,Office Supplies,Calculator,Central,Indore,8,39.11,0.0,312.88,189.79,123.09,Bank Transfer,Small Business
ORD-04864,2025-09-15,CUST-0607,Home & Kitchen,Coffee Maker,Central,Nagpur,6,152.2,0.2,730.56,426.97,303.59,Credit Card,Consumer
ORD-04294,2025-09-15,CUST-0942,Clothing,Jacket,North,Jaipur,6,88.22,0.1,476.39,318.41,157.98,UPI,Small Business
ORD-00035,2025-09-15,CUST-0380,Office Supplies,Calculator,West,Ahmedabad,1,38.01,0.15,32.31,24.87,7.44,Credit Card,Small Business
ORD-03586,2025-09-15,CUST-0933,Furniture,Office Chair,East,Kolkata,6,241.66,0.05,1377.46,1137.63,239.83,Credit Card,Small Business
ORD-00411,2025-09-15,CUST-0364,Electronics,Monitor,Central,Nagpur,4,425.2,0.05,1615.76,1277.41,338.35,Credit Card,Small Business
ORD-03257,2025-09-15,CUST-0199,Furniture,Desk,West,Pune,6,364.4,0.0,2186.4,1347.09,839.31,UPI,Consumer
ORD-00483,2025-09-15,CUST-1021,Office Supplies,Calculator,North,Delhi,2,33.03,0.1,59.45,48.81,10.64,UPI,Consumer
ORD-01835,2025-09-16,CUST-1146,Furniture,Desk,Central,Indore,7,263.44,0.1,1659.67,1141.71,517.96,Bank Transfer,Consumer
ORD-02623,2025-09-16,CUST-0043,Electronics,Keyboard,Central,Indore,7,594.75,0.0,4163.25,3348.52,814.73,UPI,Consumer
ORD-00518,2025-09-16,CUST-0310,Office Supplies,Calculator,West,Ahmedabad,4,36.1,0.0,144.4,86.5,57.9,Debit Card,Consumer
ORD-01740,2025-09-16,CUST-0045,Home & Kitchen,Cookware Set,South,Bengaluru,6,145.87,0.05,831.46,525.29,306.17,Cash,Consumer
ORD-01137,2025-09-16,CUST-0702,Electronics,Monitor,West,Mumbai,1,407.77,0.1,366.99,266.62,100.37,Cash,Corporate
ORD-03942,2025-09-16,CUST-0590,Furniture,Table,South,Hyderabad,5,330.71,0.15,1405.52,1183.59,221.93,Cash,Consumer
ORD-02300,2025-09-16,CUST-0234,Electronics,Smartphone,North,Delhi,3,409.66,0.15,1044.63,683.86,360.77,Cash,Corporate
ORD-00539,2025-09-16,CUST-0845,Electronics,Headphones,North,Chandigarh,6,371.18,0.1,2004.37,1189.52,814.85,Credit Card,Consumer
ORD-00068,2025-09-16,CUST-0261,Office Supplies,Pen Set,West,Mumbai,1,40.59,0.05,38.56,27.27,11.29,Credit Card,Small Business
ORD-01480,2025-09-16,CUST-0394,Home & Kitchen,Blender,West,Mumbai,7,158.71,0.0,1110.97,770.45,340.52,Cash,Small Business
ORD-01782,2025-09-16,CUST-0038,Electronics,Smartphone,East,Guwahati,6,416.53,0.0,2499.18,1768.89,730.29,UPI,Small Business
ORD-02418,2025-09-16,CUST-1072,Clothing,Sneakers,East,Kolkata,5,57.57,0.05,273.46,234.45,39.01,UPI,Corporate
ORD-00695,2025-09-17,CUST-0017,Office Supplies,Calculator,South,Hyderabad,3,35.26,0.15,89.91,60.95,28.96,UPI,Consumer
ORD-00266,2025-09-17,CUST-0619,Electronics,Smartphone,South,Chennai,4,437.33,0.1,1574.39,1313.37,261.02,Debit Card,Small Business
ORD-00402,2025-09-17,CUST-0523,Home & Kitchen,Toaster,North,Jaipur,3,142.47,0.15,363.3,279.49,83.81,Debit Card,Corporate
ORD-03267,2025-09-17,CUST-0693,Office Supplies,Stapler,West,Mumbai,8,54.66,0.1,393.55,228.53,165.02,Credit Card,Consumer
ORD-04364,2025-09-17,CUST-1158,Home & Kitchen,Toaster,North,Chandigarh,4,173.59,0.15,590.21,418.9,171.31,UPI,Corporate
ORD-00957,2025-09-17,CUST-0986,Home & Kitchen,Blender,West,Mumbai,1,129.81,0.05,123.32,90.64,32.68,Debit Card,Small Business
ORD-00300,2025-09-17,CUST-0822,Clothing,Jeans,North,Delhi,6,66.54,0.05,379.28,225.95,153.33,Credit Card,Consumer
ORD-04902,2025-09-17,CUST-0049,Office Supplies,Pen Set,North,Chandigarh,1,40.75,0.2,32.6,22.55,10.05,Credit Card,Corporate
ORD-00201,2025-09-17,CUST-0814,Home & Kitchen,Vacuum Cleaner,East,Kolkata,6,97.93,0.15,499.44,402.05,97.39,Debit Card,Small Business
ORD-02329,2025-09-17,CUST-1010,Office Supplies,Printer Paper,South,Chennai,3,29.8,0.05,84.93,52.24,32.69,Credit Card,Consumer
ORD-01790,2025-09-17,CUST-0702,Electronics,Keyboard,East,Kolkata,4,286.66,0.05,1089.31,712.07,377.24,Bank Transfer,Corporate
ORD-00809,2025-09-17,CUST-0990,Home & Kitchen,Cookware Set,East,Guwahati,5,89.69,0.2,358.76,252.68,106.08,Debit Card,Consumer
ORD-02497,2025-09-17,CUST-0129,Office Supplies,Stapler,West,Pune,2,31.67,0.1,57.01,37.75,19.26,Credit Card,Corporate
ORD-03345,2025-09-17,CUST-1063,Electronics,Laptop,South,Chennai,1,463.72,0.1,417.35,267.82,149.53,UPI,Consumer
ORD-02588,2025-09-18,CUST-0232,Home & Kitchen,Blender,South,Hyderabad,3,136.19,0.0,408.57,297.29,111.28,Credit Card,Consumer
ORD-04950,2025-09-18,CUST-1132,Furniture,Office Chair,North,Chandigarh,6,241.43,0.1,1303.72,957.14,346.58,UPI,Consumer
ORD-02374,2025-09-18,CUST-0343,Electronics,Laptop,North,Chandigarh,4,445.89,0.05,1694.38,1006.39,687.99,UPI,Consumer
ORD-02402,2025-09-18,CUST-0283,Electronics,Headphones,West,Mumbai,1,360.83,0.0,360.83,284.8,76.03,Credit Card,Small Business
ORD-03429,2025-09-18,CUST-1039,Furniture,Desk,South,Bengaluru,1,368.62,0.2,294.9,181.72,113.18,Cash,Consumer
ORD-04052,2025-09-18,CUST-1185,Home & Kitchen,Coffee Maker,South,Chennai,1,107.86,0.15,91.68,66.66,25.02,UPI,Consumer
ORD-01789,2025-09-18,CUST-1141,Clothing,T-Shirt,South,Hyderabad,2,53.51,0.0,107.02,65.2,41.82,Bank Transfer,Consumer
ORD-04844,2025-09-18,CUST-0878,Office Supplies,Calculator,North,Delhi,5,38.33,0.05,182.07,137.97,44.1,Credit Card,Consumer
ORD-04024,2025-09-18,CUST-1190,Electronics,Smartphone,East,Bhubaneswar,1,366.8,0.0,366.8,227.0,139.8,Bank Transfer,Corporate
ORD-01649,2025-09-18,CUST-0474,Furniture,Table,Central,Indore,3,332.2,0.05,946.77,697.9,248.87,Credit Card,Consumer
ORD-01777,2025-09-18,CUST-0166,Office Supplies,Printer Paper,South,Chennai,6,32.52,0.05,185.36,110.84,74.52,UPI,Consumer
ORD-01058,2025-09-18,CUST-0031,Home & Kitchen,Vacuum Cleaner,West,Mumbai,6,82.65,0.1,446.31,382.32,63.99,UPI,Consumer
ORD-00129,2025-09-19,CUST-0530,Furniture,Table,South,Hyderabad,7,325.66,0.15,1937.68,1238.15,699.53,UPI,Corporate
ORD-03159,2025-09-19,CUST-0259,Electronics,Monitor,South,Hyderabad,2,567.64,0.15,964.99,730.4,234.59,Credit Card,Consumer
ORD-00620,2025-09-19,CUST-0449,Home & Kitchen,Blender,North,Chandigarh,2,129.77,0.1,233.59,184.55,49.04,UPI,Corporate
ORD-02616,2025-09-19,CUST-0940,Office Supplies,Stapler,North,Delhi,5,29.13,0.15,123.8,89.0,34.8,Debit Card,Consumer
ORD-01846,2025-09-19,CUST-0261,Office Supplies,Pen Set,Central,Bhopal,7,53.48,0.0,374.36,249.14,125.22,Cash,Corporate
ORD-03360,2025-09-19,CUST-0516,Office Supplies,Printer Paper,Central,Bhopal,3,44.53,0.0,133.59,91.33,42.26,UPI,Corporate
ORD-04448,2025-09-19,CUST-0067,Clothing,Backpack,East,Bhubaneswar,8,74.32,0.1,535.1,459.34,75.76,Credit Card,Consumer
ORD-01160,2025-09-19,CUST-0241,Electronics,Keyboard,West,Pune,1,462.12,0.0,462.12,317.16,144.96,UPI,Consumer
ORD-01169,2025-09-19,CUST-0660,Electronics,Smartphone,South,Bengaluru,2,289.71,0.1,521.48,368.36,153.12,UPI,Consumer
ORD-03991,2025-09-19,CUST-0361,Office Supplies,Stapler,West,Mumbai,6,35.72,0.0,214.32,183.93,30.39,UPI,Consumer
ORD-02711,2025-09-19,CUST-0878,Office Supplies,Calculator,North,Delhi,5,35.59,0.0,177.95,112.21,65.74,Bank Transfer,Consumer
ORD-01434,2025-09-19,CUST-0063,Office Supplies,Calculator,Central,Bhopal,3,36.81,0.15,93.87,73.17,20.7,Credit Card,Small Business
ORD-01373,2025-09-19,CUST-0210,Home & Kitchen,Coffee Maker,South,Chennai,8,118.44,0.15,805.39,568.88,236.51,Bank Transfer,Small Business
ORD-04076,2025-09-19,CUST-0124,Furniture,Office Chair,North,Jaipur,2,352.16,0.0,704.32,539.32,165.0,UPI,Small Business
ORD-03947,2025-09-19,CUST-0772,Clothing,Sneakers,East,Guwahati,6,50.39,0.05,287.22,215.21,72.01,Cash,Small Business
ORD-03634,2025-09-20,CUST-1049,Office Supplies,Stapler,South,Chennai,3,34.7,0.0,104.1,84.27,19.83,Credit Card,Consumer
ORD-03344,2025-09-20,CUST-0816,Electronics,Laptop,Central,Nagpur,8,613.93,0.1,4420.3,3588.32,831.98,UPI,Small Business
ORD-02680,2025-09-20,CUST-0958,Office Supplies,Notebook,Central,Indore,8,28.2,0.0,225.6,147.08,78.52,UPI,Consumer
ORD-01861,2025-09-20,CUST-1026,Office Supplies,Printer Paper,Central,Indore,8,28.43,0.15,193.32,121.15,72.17,Debit Card,Consumer
ORD-01004,2025-09-20,CUST-0576,Electronics,Smartphone,West,Ahmedabad,2,175.42,0.0,350.84,273.66,77.18,UPI,Corporate
ORD-01637,2025-09-20,CUST-0243,Furniture,Office Chair,East,Bhubaneswar,8,215.27,0.05,1636.05,966.62,669.43,UPI,Small Business
ORD-01817,2025-09-20,CUST-0347,Furniture,Office Chair,West,Ahmedabad,4,363.84,0.05,1382.59,887.06,495.53,Cash,Corporate
ORD-01627,2025-09-20,CUST-0671,Furniture,Table,East,Guwahati,8,183.97,0.05,1398.17,889.26,508.91,Debit Card,Consumer
ORD-01626,2025-09-20,CUST-0504,Office Supplies,Printer Paper,East,Guwahati,5,36.6,0.1,164.7,130.08,34.62,Credit Card,Consumer
ORD-03129,2025-09-20,CUST-1034,Home & Kitchen,Blender,North,Delhi,2,147.21,0.05,279.7,178.5,101.2,Credit Card,Corporate
ORD-02319,2025-09-20,CUST-0531,Office Supplies,Printer Paper,East,Kolkata,2,30.39,0.15,51.66,32.2,19.46,UPI,Corporate
ORD-01123,2025-09-20,CUST-0588,Office Supplies,Stapler,West,Ahmedabad,2,44.39,0.05,84.34,51.18,33.16,UPI,Consumer
ORD-03719,2025-09-20,CUST-0690,Clothing,T-Shirt,West,Ahmedabad,2,55.54,0.0,111.08,85.66,25.42,Bank Transfer,Consumer
ORD-02830,2025-09-20,CUST-0898,Furniture,Office Chair,East,Kolkata,8,359.8,0.05,2734.48,2105.17,629.31,UPI,Consumer
ORD-01690,2025-09-20,CUST-1188,Electronics,Smartphone,Central,Nagpur,4,494.72,0.05,1879.94,1279.32,600.62,UPI,Consumer
ORD-02496,2025-09-21,CUST-1069,Electronics,Smartphone,South,Bengaluru,4,428.32,0.1,1541.95,1059.37,482.58,UPI,Corporate
ORD-01604,2025-09-21,CUST-0948,Office Supplies,Stapler,South,Bengaluru,8,28.94,0.15,196.79,144.68,52.11,UPI,Consumer
ORD-00756,2025-09-21,CUST-0661,Clothing,Jacket,Central,Indore,5,78.35,0.0,391.75,302.56,89.19,Debit Card,Consumer
ORD-04891,2025-09-21,CUST-0090,Electronics,Keyboard,East,Kolkata,8,490.53,0.1,3531.82,2491.35,1040.47,UPI,Consumer
ORD-00084,2025-09-21,CUST-0778,Office Supplies,Pen Set,West,Mumbai,5,35.93,0.0,179.65,142.09,37.56,Debit Card,Corporate
ORD-00037,2025-09-21,CUST-1099,Electronics,Monitor,North,Jaipur,5,383.7,0.0,1918.5,1487.0,431.5,Bank Transfer,Corporate
ORD-00443,2025-09-21,CUST-0753,Electronics,Monitor,South,Hyderabad,7,562.11,0.05,3738.03,2313.81,1424.22,Credit Card,Consumer
ORD-00137,2025-09-21,CUST-0311,Clothing,Jeans,Central,Bhopal,5,76.1,0.0,380.5,294.48,86.02,Bank Transfer,Consumer
ORD-03734,2025-09-21,CUST-1082,Clothing,Backpack,West,Mumbai,2,68.76,0.05,130.64,89.65,40.99,Credit Card,Small Business
ORD-00258,2025-09-21,CUST-1069,Home & Kitchen,Cookware Set,North,Chandigarh,1,166.47,0.1,149.82,99.11,50.71,Debit Card,Consumer
ORD-04224,2025-09-21,CUST-0219,Home & Kitchen,Coffee Maker,North,Chandigarh,1,109.59,0.15,93.15,55.41,37.74,Cash,Corporate
ORD-02517,2025-09-21,CUST-0832,Home & Kitchen,Toaster,South,Chennai,7,35.3,0.1,222.39,166.47,55.92,UPI,Consumer
ORD-01167,2025-09-22,CUST-0319,Clothing,T-Shirt,West,Ahmedabad,8,42.22,0.15,287.1,200.33,86.77,Cash,Consumer
ORD-01423,2025-09-22,CUST-0547,Clothing,Backpack,Central,Indore,6,54.86,0.0,329.16,231.56,97.6,Credit Card,Corporate
ORD-04308,2025-09-22,CUST-1107,Furniture,Table,South,Bengaluru,6,168.71,0.0,1012.26,625.47,386.79,Credit Card,Corporate
ORD-02826,2025-09-22,CUST-0199,Furniture,Cabinet,North,Chandigarh,6,263.13,0.0,1578.78,1193.69,385.09,UPI,Small Business
ORD-04628,2025-09-22,CUST-1030,Office Supplies,Printer Paper,East,Guwahati,1,52.46,0.0,52.46,34.74,17.72,Cash,Consumer
ORD-02801,2025-09-22,CUST-0012,Electronics,Laptop,North,Delhi,5,584.81,0.0,2924.05,1841.08,1082.97,Credit Card,Corporate
ORD-04183,2025-09-22,CUST-0846,Office Supplies,Notebook,Central,Bhopal,2,22.17,0.0,44.34,30.96,13.38,Cash,Consumer
ORD-00688,2025-09-22,CUST-0198,Electronics,Smartphone,Central,Bhopal,3,343.91,0.0,1031.73,834.42,197.31,Credit Card,Small Business
ORD-04866,2025-09-23,CUST-0750,Home & Kitchen,Blender,Central,Indore,7,150.79,0.1,949.98,618.35,331.63,Debit Card,Consumer
ORD-00764,2025-09-23,CUST-0529,Home & Kitchen,Coffee Maker,South,Hyderabad,7,136.92,0.15,814.67,689.54,125.13,Cash,Corporate
ORD-03137,2025-09-23,CUST-1029,Furniture,Office Chair,Central,Bhopal,2,459.66,0.05,873.35,604.06,269.29,UPI,Corporate
ORD-03851,2025-09-23,CUST-0253,Electronics,Laptop,West,Ahmedabad,3,508.71,0.05,1449.82,1147.51,302.31,Credit Card,Consumer
ORD-00469,2025-09-23,CUST-0148,Home & Kitchen,Blender,North,Delhi,6,103.37,0.1,558.2,379.55,178.65,Credit Card,Corporate
ORD-03359,2025-09-23,CUST-0638,Office Supplies,Pen Set,East,Bhubaneswar,7,23.55,0.05,156.61,119.6,37.01,Debit Card,Corporate
ORD-04563,2025-09-23,CUST-0073,Clothing,T-Shirt,North,Delhi,6,63.66,0.0,381.96,300.31,81.65,Credit Card,Small Business
ORD-04518,2025-09-23,CUST-0257,Home & Kitchen,Coffee Maker,North,Delhi,2,124.89,0.1,224.8,182.82,41.98,UPI,Consumer
ORD-02986,2025-09-23,CUST-0381,Home & Kitchen,Cookware Set,Central,Nagpur,7,105.07,0.1,661.94,505.44,156.5,Credit Card,Consumer
ORD-03113,2025-09-23,CUST-0475,Electronics,Headphones,South,Bengaluru,4,441.45,0.0,1765.8,1338.81,426.99,Bank Transfer,Consumer
ORD-03087,2025-09-23,CUST-0306,Home & Kitchen,Coffee Maker,South,Bengaluru,7,94.32,0.05,627.23,435.93,191.3,Debit Card,Small Business
ORD-02832,2025-09-23,CUST-0683,Electronics,Monitor,East,Bhubaneswar,4,330.2,0.2,1056.64,849.55,207.09,UPI,Small Business
ORD-02685,2025-09-23,CUST-0649,Office Supplies,Stapler,North,Chandigarh,1,43.7,0.05,41.52,26.19,15.33,Cash,Consumer
ORD-04781,2025-09-23,CUST-0283,Electronics,Monitor,East,Bhubaneswar,2,445.55,0.0,891.1,730.09,161.01,Bank Transfer,Corporate
ORD-02579,2025-09-23,CUST-1018,Electronics,Laptop,North,Chandigarh,7,574.39,0.1,3618.66,2615.09,1003.57,UPI,Consumer
ORD-02314,2025-09-23,CUST-1114,Clothing,Backpack,Central,Nagpur,6,78.97,0.0,473.82,345.29,128.53,Debit Card,Consumer
ORD-01655,2025-09-23,CUST-1167,Office Supplies,Stapler,South,Chennai,2,21.87,0.15,37.18,30.45,6.73,Debit Card,Consumer
ORD-04890,2025-09-24,CUST-0556,Office Supplies,Calculator,South,Hyderabad,6,34.18,0.05,194.83,116.7,78.13,UPI,Small Business
ORD-04446,2025-09-24,CUST-0172,Office Supplies,Pen Set,West,Pune,7,36.78,0.05,244.59,186.53,58.06,Cash,Small Business
ORD-04452,2025-09-24,CUST-1065,Electronics,Laptop,South,Hyderabad,3,710.37,0.05,2024.55,1630.37,394.18,UPI,Corporate
ORD-04762,2025-09-24,CUST-0387,Office Supplies,Calculator,South,Hyderabad,1,33.94,0.2,27.15,23.05,4.1,Debit Card,Consumer
ORD-03185,2025-09-24,CUST-0096,Furniture,Desk,South,Bengaluru,4,374.48,0.15,1273.23,880.16,393.07,Debit Card,Consumer
ORD-03772,2025-09-24,CUST-0207,Furniture,Desk,Central,Bhopal,2,292.19,0.05,555.16,338.2,216.96,Bank Transfer,Consumer
ORD-04691,2025-09-24,CUST-0712,Electronics,Keyboard,Central,Indore,6,579.29,0.05,3301.95,1974.17,1327.78,UPI,Consumer
ORD-03234,2025-09-24,CUST-0492,Electronics,Headphones,South,Bengaluru,4,383.96,0.0,1535.84,1029.46,506.38,Credit Card,Consumer
ORD-03311,2025-09-24,CUST-0448,Furniture,Bookshelf,West,Pune,3,185.7,0.1,501.39,298.72,202.67,UPI,Consumer
ORD-04469,2025-09-24,CUST-0728,Electronics,Laptop,South,Hyderabad,3,566.08,0.0,1698.24,1165.63,532.61,UPI,Consumer
ORD-02260,2025-09-24,CUST-0357,Electronics,Smartphone,West,Mumbai,6,457.36,0.15,2332.54,1477.0,855.54,UPI,Consumer
ORD-04122,2025-09-24,CUST-0121,Electronics,Laptop,East,Kolkata,4,321.19,0.15,1092.05,904.39,187.66,UPI,Corporate
ORD-04023,2025-09-24,CUST-0389,Office Supplies,Calculator,Central,Nagpur,2,31.58,0.1,56.84,37.61,19.23,Credit Card,Small Business
ORD-04204,2025-09-25,CUST-1085,Clothing,T-Shirt,West,Mumbai,3,61.4,0.2,147.36,121.12,26.24,Bank Transfer,Consumer
ORD-00973,2025-09-25,CUST-0406,Clothing,Jacket,Central,Nagpur,6,66.28,0.15,338.03,230.04,107.99,Debit Card,Corporate
ORD-00224,2025-09-25,CUST-0986,Clothing,Jeans,North,Delhi,3,71.38,0.05,203.43,122.8,80.63,Bank Transfer,Small Business
ORD-03467,2025-09-25,CUST-0688,Home & Kitchen,Blender,West,Mumbai,1,112.48,0.0,112.48,96.23,16.25,Bank Transfer,Consumer
ORD-01285,2025-09-25,CUST-0564,Furniture,Bookshelf,East,Bhubaneswar,4,370.34,0.2,1185.09,811.68,373.41,Credit Card,Consumer
ORD-01330,2025-09-25,CUST-0898,Office Supplies,Stapler,East,Guwahati,5,49.36,0.2,197.44,152.6,44.84,UPI,Corporate
ORD-00054,2025-09-25,CUST-0763,Office Supplies,Pen Set,East,Bhubaneswar,1,32.74,0.05,31.1,22.92,8.18,UPI,Consumer
ORD-02225,2025-09-25,CUST-0007,Electronics,Monitor,North,Chandigarh,1,444.2,0.1,399.78,292.23,107.55,Bank Transfer,Small Business
ORD-03198,2025-09-25,CUST-1040,Electronics,Laptop,South,Hyderabad,7,552.67,0.1,3481.82,2391.42,1090.4,UPI,Corporate
ORD-00659,2025-09-25,CUST-1003,Home & Kitchen,Vacuum Cleaner,East,Kolkata,4,138.59,0.1,498.92,387.53,111.39,UPI,Consumer
ORD-01139,2025-09-25,CUST-0777,Electronics,Laptop,South,Hyderabad,3,404.47,0.05,1152.74,716.71,436.03,UPI,Small Business
ORD-02463,2025-09-25,CUST-0860,Electronics,Keyboard,North,Jaipur,7,450.66,0.05,2996.89,2038.24,958.65,Credit Card,Small Business
ORD-04442,2025-09-26,CUST-0024,Clothing,Backpack,South,Bengaluru,4,67.4,0.0,269.6,218.9,50.7,Credit Card,Corporate
ORD-01923,2025-09-26,CUST-1028,Electronics,Laptop,Central,Bhopal,2,329.55,0.05,626.14,447.3,178.84,Cash,Consumer
ORD-04437,2025-09-26,CUST-0534,Clothing,Sneakers,East,Kolkata,4,42.57,0.0,170.28,113.55,56.73,Cash,Corporate
ORD-02362,2025-09-26,CUST-0483,Home & Kitchen,Toaster,East,Kolkata,7,127.19,0.0,890.33,703.3,187.03,Bank Transfer,Small Business
ORD-02919,2025-09-26,CUST-0922,Home & Kitchen,Vacuum Cleaner,West,Mumbai,7,125.34,0.05,833.51,635.8,197.71,Bank Transfer,Consumer
ORD-01349,2025-09-26,CUST-0649,Electronics,Laptop,South,Chennai,5,459.98,0.1,2069.91,1713.71,356.2,Debit Card,Corporate
ORD-03568,2025-09-26,CUST-0339,Furniture,Cabinet,North,Chandigarh,6,262.16,0.1,1415.66,845.17,570.49,UPI,Consumer
ORD-00671,2025-09-26,CUST-0411,Office Supplies,Notebook,West,Ahmedabad,4,40.87,0.0,163.48,96.56,66.92,Credit Card,Small Business
ORD-00352,2025-09-26,CUST-0700,Furniture,Office Chair,East,Bhubaneswar,4,348.98,0.1,1256.33,919.69,336.64,Bank Transfer,Consumer
ORD-02560,2025-09-26,CUST-0239,Electronics,Keyboard,North,Chandigarh,6,88.54,0.05,504.68,301.02,203.66,Credit Card,Corporate
ORD-00363,2025-09-26,CUST-0570,Electronics,Headphones,Central,Nagpur,1,352.13,0.0,352.13,271.2,80.93,UPI,Consumer
ORD-04504,2025-09-26,CUST-0992,Furniture,Table,West,Mumbai,1,238.34,0.1,214.51,166.23,48.28,Debit Card,Small Business
ORD-00318,2025-09-26,CUST-1083,Office Supplies,Printer Paper,West,Pune,3,36.91,0.0,110.73,70.49,40.24,Credit Card,Corporate
ORD-03281,2025-09-26,CUST-0864,Clothing,Jeans,West,Ahmedabad,8,65.97,0.05,501.37,417.27,84.1,Credit Card,Corporate
ORD-00202,2025-09-26,CUST-0247,Office Supplies,Calculator,Central,Indore,2,36.78,0.0,73.56,60.83,12.73,Credit Card,Corporate
ORD-01458,2025-09-26,CUST-0574,Office Supplies,Pen Set,East,Kolkata,1,34.79,0.05,33.05,26.12,6.93,Debit Card,Small Business
ORD-04412,2025-09-27,CUST-1025,Furniture,Bookshelf,South,Chennai,2,303.98,0.15,516.77,413.28,103.49,UPI,Small Business
ORD-02303,2025-09-27,CUST-0115,Electronics,Smartphone,South,Bengaluru,6,444.78,0.15,2268.38,1784.2,484.18,UPI,Corporate
ORD-01472,2025-09-27,CUST-0810,Electronics,Monitor,Central,Bhopal,7,427.06,0.0,2989.42,2207.11,782.31,UPI,Small Business
ORD-02632,2025-09-27,CUST-1102,Electronics,Laptop,Central,Nagpur,3,708.9,0.05,2020.36,1277.73,742.63,Credit Card,Corporate
ORD-02425,2025-09-27,CUST-0042,Electronics,Smartphone,South,Chennai,2,442.12,0.05,840.03,712.41,127.62,Cash,Corporate
ORD-03466,2025-09-27,CUST-0126,Furniture,Table,West,Mumbai,5,282.07,0.0,1410.35,983.92,426.43,Cash,Small Business
ORD-03472,2025-09-27,CUST-0694,Home & Kitchen,Toaster,West,Pune,1,80.59,0.15,68.5,40.94,27.56,Credit Card,Consumer
ORD-03670,2025-09-27,CUST-0081,Office Supplies,Pen Set,East,Guwahati,7,38.42,0.05,255.49,175.14,80.35,Debit Card,Consumer
ORD-03774,2025-09-27,CUST-0068,Office Supplies,Calculator,South,Hyderabad,7,37.32,0.0,261.24,155.02,106.22,Cash,Small Business
ORD-04597,2025-09-27,CUST-0305,Electronics,Headphones,South,Bengaluru,1,274.45,0.0,274.45,188.33,86.12,UPI,Corporate
ORD-01937,2025-09-27,CUST-0475,Clothing,T-Shirt,West,Mumbai,5,47.36,0.05,224.96,178.5,46.46,Debit Card,Consumer
ORD-04394,2025-09-27,CUST-0689,Furniture,Table,Central,Indore,1,317.51,0.0,317.51,226.32,91.19,UPI,Small Business
ORD-00686,2025-09-27,CUST-0832,Furniture,Bookshelf,West,Mumbai,2,359.09,0.1,646.36,550.1,96.26,Credit Card,Corporate
ORD-00436,2025-09-27,CUST-0467,Clothing,Sneakers,East,Guwahati,1,84.96,0.1,76.46,58.08,18.38,Cash,Small Business
ORD-02861,2025-09-27,CUST-0814,Home & Kitchen,Cookware Set,South,Chennai,1,197.79,0.1,178.01,114.44,63.57,UPI,Corporate
ORD-04377,2025-09-27,CUST-0567,Furniture,Bookshelf,South,Chennai,8,263.38,0.05,2001.69,1577.04,424.65,Debit Card,Consumer
ORD-03211,2025-09-27,CUST-1026,Furniture,Table,East,Bhubaneswar,6,314.69,0.0,1888.14,1315.44,572.7,Credit Card,Consumer
ORD-00372,2025-09-27,CUST-0841,Home & Kitchen,Cookware Set,North,Chandigarh,1,84.64,0.05,80.41,53.49,26.92,Credit Card,Corporate
ORD-00114,2025-09-27,CUST-0763,Electronics,Monitor,South,Chennai,8,471.84,0.1,3397.25,2394.61,1002.64,Credit Card,Corporate
ORD-00546,2025-09-27,CUST-0506,Clothing,Backpack,South,Bengaluru,7,54.82,0.0,383.74,284.18,99.56,Bank Transfer,Small Business
ORD-01523,2025-09-27,CUST-0942,Clothing,Jeans,East,Kolkata,5,62.85,0.05,298.54,185.58,112.96,Cash,Corporate
ORD-00274,2025-09-28,CUST-0040,Electronics,Laptop,East,Bhubaneswar,3,59.46,0.05,169.46,117.71,51.75,Credit Card,Corporate
ORD-03510,2025-09-28,CUST-0618,Clothing,Jeans,Central,Bhopal,7,53.63,0.05,356.64,211.87,144.77,Cash,Corporate
ORD-00475,2025-09-28,CUST-0422,Electronics,Headphones,Central,Bhopal,3,384.68,0.0,1154.04,773.41,380.63,Bank Transfer,Corporate
ORD-03683,2025-09-28,CUST-1129,Clothing,Jeans,West,Mumbai,1,65.36,0.1,58.82,37.57,21.25,Credit Card,Corporate
ORD-04395,2025-09-28,CUST-0307,Furniture,Bookshelf,East,Kolkata,8,403.88,0.05,3069.49,1825.15,1244.34,Debit Card,Consumer
ORD-00629,2025-09-28,CUST-0628,Electronics,Keyboard,South,Chennai,3,630.02,0.0,1890.06,1359.54,530.52,UPI,Consumer
ORD-00777,2025-09-28,CUST-0763,Home & Kitchen,Coffee Maker,Central,Nagpur,1,128.85,0.2,103.08,81.76,21.32,UPI,Consumer
ORD-04852,2025-09-28,CUST-0026,Home & Kitchen,Coffee Maker,West,Pune,2,99.52,0.05,189.09,128.36,60.73,Debit Card,Consumer
ORD-03080,2025-09-28,CUST-0587,Office Supplies,Stapler,Central,Indore,1,39.77,0.15,33.8,22.3,11.5,UPI,Corporate
ORD-04862,2025-09-28,CUST-0576,Electronics,Headphones,Central,Nagpur,6,524.0,0.0,3144.0,2301.84,842.16,UPI,Small Business
ORD-01054,2025-09-28,CUST-0168,Electronics,Keyboard,North,Chandigarh,6,493.99,0.15,2519.35,1998.61,520.74,Debit Card,Corporate
ORD-01793,2025-09-28,CUST-0290,Electronics,Keyboard,West,Pune,7,393.99,0.2,2206.34,1684.97,521.37,Debit Card,Corporate
ORD-00510,2025-09-28,CUST-0795,Electronics,Laptop,West,Mumbai,4,382.37,0.05,1453.01,1165.78,287.23,Debit Card,Small Business
ORD-02152,2025-09-28,CUST-0535,Office Supplies,Printer Paper,Central,Nagpur,1,21.53,0.0,21.53,16.42,5.11,UPI,Consumer
ORD-04529,2025-09-28,CUST-1078,Furniture,Cabinet,East,Bhubaneswar,2,190.76,0.0,381.52,291.02,90.5,Debit Card,Consumer
ORD-00678,2025-09-28,CUST-0866,Home & Kitchen,Cookware Set,East,Bhubaneswar,6,141.21,0.0,847.26,629.24,218.02,Credit Card,Small Business
ORD-04609,2025-09-28,CUST-0402,Furniture,Cabinet,East,Kolkata,4,279.97,0.15,951.9,595.08,356.82,UPI,Consumer
ORD-01595,2025-09-28,CUST-0645,Home & Kitchen,Coffee Maker,West,Ahmedabad,1,118.08,0.1,106.27,63.99,42.28,UPI,Corporate
ORD-02175,2025-09-28,CUST-0316,Office Supplies,Pen Set,Central,Indore,3,20.98,0.0,62.94,51.81,11.13,Cash,Corporate
ORD-00743,2025-09-28,CUST-0845,Electronics,Smartphone,North,Chandigarh,4,445.47,0.05,1692.79,1176.4,516.39,UPI,Small Business
ORD-01720,2025-09-29,CUST-1134,Office Supplies,Calculator,East,Guwahati,3,33.54,0.0,100.62,68.11,32.51,UPI,Small Business
ORD-03944,2025-09-29,CUST-0568,Clothing,Jeans,East,Kolkata,1,60.31,0.1,54.28,39.09,15.19,UPI,Consumer
ORD-01456,2025-09-29,CUST-0556,Home & Kitchen,Coffee Maker,North,Delhi,7,125.48,0.1,790.52,583.2,207.32,Credit Card,Consumer
ORD-00431,2025-09-29,CUST-0525,Clothing,T-Shirt,South,Bengaluru,7,94.55,0.1,595.67,458.75,136.92,Credit Card,Corporate
ORD-00032,2025-09-29,CUST-0790,Electronics,Laptop,Central,Bhopal,5,547.4,0.1,2463.3,1811.07,652.23,UPI,Consumer
ORD-00789,2025-09-29,CUST-0915,Home & Kitchen,Vacuum Cleaner,South,Bengaluru,3,118.83,0.1,320.84,260.95,59.89,Debit Card,Consumer
ORD-04482,2025-09-29,CUST-0027,Electronics,Keyboard,East,Kolkata,2,416.53,0.05,791.41,593.2,198.21,Debit Card,Small Business
ORD-02707,2025-09-29,CUST-0578,Home & Kitchen,Toaster,Central,Indore,2,142.2,0.15,241.74,158.27,83.47,Debit Card,Consumer
ORD-03544,2025-09-29,CUST-0796,Home & Kitchen,Toaster,West,Ahmedabad,4,132.48,0.2,423.94,247.45,176.49,Bank Transfer,Consumer
ORD-01387,2025-09-29,CUST-1184,Furniture,Cabinet,South,Chennai,1,326.43,0.15,277.47,233.37,44.1,Bank Transfer,Corporate
ORD-03097,2025-09-29,CUST-1041,Clothing,Jacket,East,Guwahati,6,60.3,0.15,307.53,250.62,56.91,Credit Card,Small Business
ORD-00156,2025-09-29,CUST-0481,Electronics,Smartphone,North,Delhi,4,291.7,0.1,1050.12,817.46,232.66,Credit Card,Consumer
ORD-02505,2025-09-29,CUST-0648,Clothing,Jeans,West,Pune,8,56.64,0.15,385.15,272.93,112.22,UPI,Small Business
ORD-02105,2025-09-29,CUST-0617,Home & Kitchen,Blender,North,Jaipur,8,95.64,0.15,650.35,476.22,174.13,Debit Card,Consumer
ORD-00800,2025-09-29,CUST-0955,Furniture,Office Chair,West,Pune,4,313.93,0.0,1255.72,1047.51,208.21,UPI,Consumer
ORD-04541,2025-09-29,CUST-0501,Electronics,Monitor,East,Kolkata,2,596.02,0.1,1072.84,767.35,305.49,UPI,Corporate
ORD-00999,2025-09-29,CUST-0814,Clothing,T-Shirt,Central,Indore,8,75.47,0.0,603.76,410.07,193.69,UPI,Corporate
ORD-02446,2025-09-29,CUST-0820,Home & Kitchen,Vacuum Cleaner,East,Bhubaneswar,7,144.11,0.0,1008.77,805.4,203.37,UPI,Consumer
ORD-00577,2025-09-29,CUST-0228,Electronics,Headphones,North,Chandigarh,3,691.82,0.05,1971.69,1390.52,581.17,Debit Card,Consumer
ORD-04967,2025-09-29,CUST-0474,Electronics,Keyboard,Central,Bhopal,8,509.66,0.15,3465.69,2812.93,652.76,Credit Card,Corporate
ORD-04704,2025-09-30,CUST-0380,Home & Kitchen,Cookware Set,West,Mumbai,7,130.2,0.15,774.69,570.66,204.03,UPI,Consumer
ORD-04070,2025-09-30,CUST-1183,Furniture,Office Chair,Central,Indore,6,339.5,0.15,1731.45,1053.17,678.28,Cash,Consumer
ORD-03797,2025-09-30,CUST-0242,Office Supplies,Printer Paper,West,Pune,5,43.2,0.05,205.2,170.86,34.34,Credit Card,Corporate
ORD-03803,2025-09-30,CUST-0152,Clothing,T-Shirt,South,Chennai,8,63.74,0.0,509.92,437.37,72.55,Bank Transfer,Corporate
ORD-02327,2025-09-30,CUST-0759,Clothing,Jacket,North,Chandigarh,8,72.28,0.1,520.42,367.24,153.18,UPI,Consumer
ORD-04766,2025-09-30,CUST-0583,Electronics,Headphones,East,Bhubaneswar,8,587.79,0.0,4702.32,3184.14,1518.18,Credit Card,Consumer
ORD-02321,2025-09-30,CUST-0447,Office Supplies,Printer Paper,North,Chandigarh,5,36.76,0.2,147.04,99.49,47.55,Credit Card,Corporate
ORD-00057,2025-09-30,CUST-0111,Clothing,Jeans,North,Jaipur,4,37.15,0.0,148.6,110.31,38.29,Credit Card,Consumer
ORD-01074,2025-09-30,CUST-0565,Home & Kitchen,Coffee Maker,South,Hyderabad,2,161.07,0.1,289.93,224.06,65.87,Debit Card,Consumer
ORD-03146,2025-09-30,CUST-0846,Electronics,Monitor,East,Kolkata,2,405.39,0.0,810.78,581.11,229.67,UPI,Corporate
ORD-03423,2025-09-30,CUST-0548,Home & Kitchen,Blender,Central,Nagpur,8,92.76,0.1,667.87,464.0,203.87,Cash,Corporate
ORD-00334,2025-09-30,CUST-0494,Furniture,Cabinet,West,Mumbai,8,337.42,0.15,2294.46,1527.41,767.05,Debit Card,Consumer
ORD-01205,2025-09-30,CUST-0434,Furniture,Desk,East,Guwahati,3,362.02,0.0,1086.06,688.8,397.26,Credit Card,Small Business
ORD-04254,2025-09-30,CUST-0875,Home & Kitchen,Cookware Set,North,Chandigarh,8,108.95,0.0,871.6,582.8,288.8,Bank Transfer,Corporate
ORD-02476,2025-09-30,CUST-0293,Office Supplies,Printer Paper,North,Delhi,3,40.59,0.0,121.77,77.67,44.1,UPI,Corporate
ORD-01142,2025-09-30,CUST-0530,Electronics,Laptop,East,Bhubaneswar,4,694.33,0.0,2777.32,1883.17,894.15,Debit Card,Small Business
ORD-01601,2025-09-30,CUST-0181,Electronics,Smartphone,West,Ahmedabad,5,403.74,0.1,1816.83,1215.07,601.76,Cash,Corporate
ORD-01416,2025-09-30,CUST-0729,Office Supplies,Printer Paper,East,Guwahati,2,45.0,0.1,81.0,63.24,17.76,Credit Card,Consumer
ORD-02850,2025-10-01,CUST-0936,Office Supplies,Calculator,Central,Bhopal,1,33.34,0.2,26.67,22.09,4.58,UPI,Consumer
ORD-00780,2025-10-01,CUST-1178,Clothing,Sneakers,West,Pune,2,85.54,0.1,153.97,107.1,46.87,Credit Card,Consumer
ORD-01934,2025-10-01,CUST-1031,Electronics,Laptop,South,Hyderabad,4,244.03,0.05,927.31,644.13,283.18,Credit Card,Corporate
ORD-04301,2025-10-01,CUST-0693,Office Supplies,Calculator,South,Bengaluru,5,43.06,0.0,215.3,159.9,55.4,Credit Card,Consumer
ORD-00906,2025-10-01,CUST-0378,Clothing,Jeans,South,Chennai,1,34.18,0.1,30.76,19.16,11.6,Credit Card,Consumer
ORD-02231,2025-10-01,CUST-0978,Clothing,Backpack,West,Mumbai,5,42.0,0.05,199.5,170.1,29.4,Credit Card,Small Business
ORD-03602,2025-10-01,CUST-0217,Home & Kitchen,Vacuum Cleaner,East,Guwahati,5,74.07,0.15,314.8,231.14,83.66,Debit Card,Corporate
ORD-01488,2025-10-01,CUST-0433,Electronics,Laptop,East,Kolkata,5,622.46,0.1,2801.07,2185.67,615.4,UPI,Corporate
ORD-00101,2025-10-01,CUST-0926,Home & Kitchen,Cookware Set,Central,Bhopal,8,197.93,0.0,1583.44,1094.98,488.46,UPI,Consumer
ORD-02480,2025-10-01,CUST-0060,Furniture,Desk,West,Mumbai,2,324.58,0.15,551.79,356.41,195.38,Bank Transfer,Consumer
ORD-04907,2025-10-01,CUST-0252,Electronics,Keyboard,Central,Bhopal,4,449.68,0.05,1708.78,1252.24,456.54,Credit Card,Corporate
ORD-04478,2025-10-02,CUST-0624,Furniture,Cabinet,East,Bhubaneswar,1,166.03,0.0,166.03,106.97,59.06,UPI,Corporate
ORD-04295,2025-10-02,CUST-0522,Electronics,Headphones,East,Guwahati,3,374.0,0.0,1122.0,764.56,357.44,Debit Card,Consumer
ORD-00210,2025-10-02,CUST-1087,Electronics,Laptop,East,Bhubaneswar,1,301.39,0.15,256.18,219.01,37.17,UPI,Corporate
ORD-00575,2025-10-02,CUST-1097,Furniture,Desk,Central,Indore,5,50.75,0.05,241.06,196.97,44.09,Debit Card,Consumer
ORD-04025,2025-10-02,CUST-0011,Office Supplies,Notebook,North,Jaipur,1,42.59,0.05,40.46,25.01,15.45,UPI,Consumer
ORD-03823,2025-10-02,CUST-1160,Office Supplies,Notebook,East,Bhubaneswar,2,34.86,0.05,66.23,46.02,20.21,Debit Card,Consumer
ORD-00623,2025-10-02,CUST-0730,Office Supplies,Stapler,Central,Nagpur,1,9.76,0.0,9.76,7.63,2.13,Credit Card,Consumer
ORD-01113,2025-10-02,CUST-0770,Clothing,T-Shirt,West,Pune,7,41.03,0.1,258.49,154.84,103.65,Credit Card,Consumer
ORD-03464,2025-10-02,CUST-0468,Furniture,Bookshelf,East,Kolkata,3,341.04,0.0,1023.12,760.48,262.64,Credit Card,Consumer
ORD-00044,2025-10-02,CUST-0714,Office Supplies,Stapler,West,Ahmedabad,5,24.71,0.05,117.37,91.25,26.12,Bank Transfer,Consumer
ORD-01704,2025-10-02,CUST-0723,Clothing,Backpack,South,Bengaluru,7,18.53,0.0,129.71,93.61,36.1,Bank Transfer,Small Business
ORD-01229,2025-10-02,CUST-0107,Electronics,Laptop,North,Jaipur,7,187.01,0.2,1047.26,778.11,269.15,UPI,Corporate
ORD-03782,2025-10-02,CUST-0252,Office Supplies,Printer Paper,Central,Indore,3,29.01,0.0,87.03,52.77,34.26,Credit Card,Consumer
ORD-04285,2025-10-03,CUST-0338,Electronics,Keyboard,South,Chennai,8,529.97,0.1,3815.78,2627.67,1188.11,Bank Transfer,Consumer
ORD-02902,2025-10-03,CUST-0685,Clothing,T-Shirt,Central,Bhopal,1,81.79,0.1,73.61,46.48,27.13,Bank Transfer,Consumer
ORD-04355,2025-10-03,CUST-0314,Home & Kitchen,Coffee Maker,East,Kolkata,2,155.99,0.0,311.98,265.48,46.5,UPI,Corporate
ORD-00439,2025-10-03,CUST-0191,Office Supplies,Calculator,East,Guwahati,8,42.15,0.0,337.2,262.14,75.06,Credit Card,Corporate
ORD-03619,2025-10-03,CUST-0627,Clothing,Sneakers,Central,Bhopal,1,57.07,0.1,51.36,32.06,19.3,UPI,Consumer
ORD-00673,2025-10-03,CUST-0631,Electronics,Keyboard,South,Chennai,7,504.69,0.05,3356.19,2623.51,732.68,Credit Card,Corporate
ORD-01877,2025-10-03,CUST-0935,Clothing,Jeans,South,Hyderabad,6,80.56,0.0,483.36,302.42,180.94,Cash,Consumer
ORD-04492,2025-10-03,CUST-0558,Electronics,Monitor,Central,Bhopal,1,391.64,0.0,391.64,251.6,140.04,UPI,Consumer
ORD-02897,2025-10-03,CUST-0499,Electronics,Laptop,South,Chennai,6,416.14,0.0,2496.84,1829.31,667.53,UPI,Corporate
ORD-02016,2025-10-03,CUST-1196,Home & Kitchen,Coffee Maker,North,Chandigarh,5,128.14,0.0,640.7,546.09,94.61,Bank Transfer,Consumer
ORD-02018,2025-10-03,CUST-0535,Office Supplies,Printer Paper,Central,Indore,7,32.02,0.0,224.14,184.09,40.05,UPI,Small Business
ORD-04369,2025-10-03,CUST-0545,Furniture,Bookshelf,East,Kolkata,5,272.66,0.15,1158.8,958.5,200.3,Cash,Small Business
ORD-03326,2025-10-03,CUST-1089,Home & Kitchen,Vacuum Cleaner,East,Kolkata,8,166.54,0.0,1332.32,1073.54,258.78,Debit Card,Consumer
ORD-00915,2025-10-03,CUST-0241,Furniture,Cabinet,North,Delhi,4,148.89,0.0,595.56,395.13,200.43,Credit Card,Corporate
ORD-02942,2025-10-03,CUST-0619,Clothing,Backpack,West,Ahmedabad,1,36.45,0.15,30.98,23.43,7.55,UPI,Corporate
ORD-03255,2025-10-03,CUST-0852,Home & Kitchen,Cookware Set,Central,Indore,7,95.91,0.0,671.37,425.36,246.01,UPI,Consumer
ORD-03618,2025-10-03,CUST-0470,Clothing,Backpack,South,Chennai,8,63.11,0.0,504.88,352.41,152.47,Debit Card,Small Business
ORD-02619,2025-10-03,CUST-0682,Home & Kitchen,Toaster,South,Bengaluru,7,129.68,0.1,816.98,664.45,152.53,Cash,Consumer
ORD-03154,2025-10-04,CUST-0693,Electronics,Smartphone,West,Mumbai,3,154.29,0.05,439.73,347.18,92.55,Bank Transfer,Small Business
ORD-01193,2025-10-04,CUST-0492,Clothing,Backpack,North,Delhi,8,57.45,0.15,390.66,290.35,100.31,Credit Card,Consumer
ORD-00873,2025-10-04,CUST-0405,Electronics,Keyboard,East,Guwahati,4,590.59,0.1,2126.12,1652.21,473.91,Credit Card,Consumer
ORD-00023,2025-10-04,CUST-0816,Furniture,Bookshelf,East,Bhubaneswar,6,375.51,0.15,1915.1,1234.19,680.91,Debit Card,Consumer
ORD-04472,2025-10-04,CUST-0203,Clothing,T-Shirt,Central,Bhopal,1,76.85,0.15,65.32,40.94,24.38,UPI,Consumer
ORD-03707,2025-10-04,CUST-1197,Clothing,Sneakers,South,Hyderabad,2,66.05,0.0,132.1,91.67,40.43,Debit Card,Small Business
ORD-04580,2025-10-04,CUST-0537,Electronics,Monitor,West,Pune,4,592.21,0.2,1895.07,1449.92,445.15,Credit Card,Consumer
ORD-02100,2025-10-04,CUST-0757,Office Supplies,Notebook,Central,Bhopal,1,34.26,0.2,27.41,17.7,9.71,UPI,Corporate
ORD-01735,2025-10-04,CUST-0615,Furniture,Table,North,Delhi,2,244.88,0.05,465.27,336.05,129.22,Debit Card,Consumer
ORD-03853,2025-10-04,CUST-0477,Furniture,Bookshelf,Central,Bhopal,1,307.44,0.0,307.44,217.97,89.47,Bank Transfer,Consumer
ORD-00524,2025-10-05,CUST-1190,Electronics,Headphones,North,Delhi,2,485.76,0.05,922.94,544.19,378.75,Credit Card,Small Business
ORD-00382,2025-10-05,CUST-0589,Furniture,Table,East,Kolkata,2,223.93,0.0,447.86,383.88,63.98,Bank Transfer,Consumer
ORD-04119,2025-10-05,CUST-0140,Furniture,Table,South,Hyderabad,5,283.89,0.15,1206.53,950.13,256.4,Bank Transfer,Small Business
ORD-04331,2025-10-05,CUST-0720,Clothing,Jeans,North,Delhi,2,44.64,0.0,89.28,71.25,18.03,Credit Card,Consumer
ORD-01538,2025-10-05,CUST-0350,Electronics,Laptop,South,Bengaluru,8,643.4,0.0,5147.2,4367.51,779.69,Bank Transfer,Consumer
ORD-01766,2025-10-05,CUST-0693,Clothing,Backpack,North,Jaipur,3,70.25,0.15,179.14,143.41,35.73,Credit Card,Consumer
ORD-00395,2025-10-05,CUST-0940,Home & Kitchen,Toaster,North,Chandigarh,2,73.16,0.0,146.32,88.76,57.56,Credit Card,Consumer
ORD-00560,2025-10-05,CUST-0946,Furniture,Desk,West,Ahmedabad,3,327.49,0.0,982.47,673.22,309.25,Bank Transfer,Consumer
ORD-04153,2025-10-05,CUST-0343,Electronics,Headphones,East,Bhubaneswar,5,302.58,0.0,1512.9,1232.7,280.2,Debit Card,Consumer
ORD-02237,2025-10-05,CUST-0331,Home & Kitchen,Vacuum Cleaner,Central,Indore,1,154.53,0.0,154.53,128.64,25.89,Credit Card,Corporate
ORD-00361,2025-10-05,CUST-0405,Electronics,Keyboard,North,Delhi,8,453.37,0.0,3626.96,2803.11,823.85,UPI,Consumer
ORD-01681,2025-10-06,CUST-1109,Furniture,Table,South,Hyderabad,8,319.73,0.15,2174.16,1611.62,562.54,UPI,Consumer
ORD-04336,2025-10-06,CUST-0183,Electronics,Laptop,East,Kolkata,4,677.25,0.05,2573.55,1979.21,594.34,Credit Card,Corporate
ORD-02142,2025-10-06,CUST-1080,Office Supplies,Stapler,North,Chandigarh,3,35.74,0.15,91.14,75.42,15.72,UPI,Corporate
ORD-01359,2025-10-06,CUST-0150,Clothing,Sneakers,North,Delhi,5,83.31,0.1,374.9,282.62,92.28,UPI,Corporate
ORD-03973,2025-10-06,CUST-0260,Electronics,Keyboard,South,Bengaluru,4,482.0,0.0,1928.0,1132.71,795.29,UPI,Consumer
ORD-02384,2025-10-06,CUST-0127,Clothing,Jeans,East,Guwahati,7,47.52,0.0,332.64,217.12,115.52,Cash,Small Business
ORD-01718,2025-10-06,CUST-0908,Electronics,Laptop,East,Guwahati,7,534.09,0.0,3738.63,2319.91,1418.72,UPI,Corporate
ORD-00558,2025-10-06,CUST-0798,Clothing,Sneakers,North,Chandigarh,1,53.7,0.05,51.02,32.51,18.51,Bank Transfer,Corporate
ORD-03314,2025-10-06,CUST-0044,Clothing,Jacket,North,Jaipur,6,50.79,0.05,289.5,176.36,113.14,UPI,Consumer
ORD-01297,2025-10-06,CUST-0166,Clothing,Jeans,East,Bhubaneswar,5,88.71,0.15,377.02,286.06,90.96,Bank Transfer,Corporate
ORD-02572,2025-10-06,CUST-0109,Home & Kitchen,Toaster,West,Mumbai,4,92.05,0.15,312.97,261.25,51.72,UPI,Consumer
ORD-02031,2025-10-06,CUST-0913,Electronics,Monitor,East,Kolkata,7,296.78,0.0,2077.46,1617.19,460.27,Bank Transfer,Corporate
ORD-02198,2025-10-07,CUST-0667,Furniture,Desk,East,Kolkata,7,399.76,0.1,2518.49,2007.14,511.35,Credit Card,Consumer
ORD-03956,2025-10-07,CUST-1092,Electronics,Monitor,West,Ahmedabad,5,629.54,0.05,2990.31,2314.57,675.74,Credit Card,Consumer
ORD-04740,2025-10-07,CUST-0228,Clothing,Jeans,West,Pune,6,54.14,0.0,324.84,207.93,116.91,Cash,Consumer
ORD-03363,2025-10-07,CUST-1036,Electronics,Smartphone,Central,Bhopal,8,372.84,0.15,2535.31,1673.73,861.58,UPI,Corporate
ORD-00907,2025-10-07,CUST-0564,Electronics,Keyboard,North,Chandigarh,5,443.7,0.05,2107.57,1710.91,396.66,Credit Card,Corporate
ORD-03801,2025-10-07,CUST-0323,Furniture,Cabinet,Central,Nagpur,5,336.74,0.1,1515.33,1168.05,347.28,Bank Transfer,Small Business
ORD-01699,2025-10-07,CUST-1117,Home & Kitchen,Toaster,South,Chennai,8,98.75,0.1,711.0,589.38,121.62,UPI,Corporate
ORD-00616,2025-10-07,CUST-0441,Office Supplies,Calculator,North,Chandigarh,3,41.9,0.0,125.7,96.08,29.62,Debit Card,Consumer
ORD-00288,2025-10-07,CUST-0218,Clothing,Jacket,Central,Bhopal,2,50.14,0.15,85.24,71.27,13.97,UPI,Small Business
ORD-04558,2025-10-07,CUST-0993,Electronics,Smartphone,South,Chennai,4,411.91,0.05,1565.26,1015.72,549.54,Credit Card,Consumer
ORD-02934,2025-10-07,CUST-0121,Office Supplies,Printer Paper,West,Ahmedabad,7,40.28,0.15,239.67,178.73,60.94,Cash,Consumer
ORD-04085,2025-10-07,CUST-0661,Clothing,Jacket,West,Pune,6,61.17,0.0,367.02,283.13,83.89,Credit Card,Consumer
ORD-04530,2025-10-07,CUST-0684,Electronics,Headphones,Central,Nagpur,7,507.28,0.15,3018.32,1996.12,1022.2,UPI,Corporate
ORD-04430,2025-10-07,CUST-1153,Home & Kitchen,Vacuum Cleaner,East,Guwahati,1,97.59,0.05,92.71,70.51,22.2,Bank Transfer,Corporate
ORD-03517,2025-10-07,CUST-0447,Office Supplies,Calculator,North,Jaipur,5,33.54,0.15,142.54,103.02,39.52,UPI,Small Business
ORD-04681,2025-10-08,CUST-0140,Furniture,Cabinet,West,Pune,2,220.2,0.1,396.36,236.96,159.4,Bank Transfer,Consumer
ORD-03181,2025-10-08,CUST-0858,Home & Kitchen,Cookware Set,South,Chennai,7,136.33,0.05,906.59,679.85,226.74,UPI,Corporate
ORD-02278,2025-10-08,CUST-0231,Home & Kitchen,Coffee Maker,East,Guwahati,8,196.84,0.05,1495.98,901.78,594.2,Credit Card,Small Business
ORD-02829,2025-10-08,CUST-0415,Electronics,Monitor,West,Pune,3,560.46,0.0,1681.38,1046.56,634.82,Bank Transfer,Corporate
ORD-01103,2025-10-08,CUST-0549,Electronics,Laptop,West,Mumbai,6,457.75,0.0,2746.5,2095.52,650.98,UPI,Corporate
ORD-01919,2025-10-08,CUST-1027,Home & Kitchen,Cookware Set,West,Pune,7,122.09,0.05,811.9,680.05,131.85,Debit Card,Consumer
ORD-02261,2025-10-08,CUST-0884,Home & Kitchen,Cookware Set,Central,Nagpur,2,136.69,0.0,273.38,216.77,56.61,UPI,Consumer
ORD-00597,2025-10-08,CUST-1032,Furniture,Cabinet,West,Pune,3,234.1,0.1,632.07,421.73,210.34,Credit Card,Corporate
ORD-04984,2025-10-09,CUST-0407,Office Supplies,Calculator,North,Delhi,7,42.18,0.0,295.26,207.47,87.79,Bank Transfer,Consumer
ORD-00841,2025-10-09,CUST-0104,Clothing,Sneakers,North,Jaipur,2,73.09,0.15,124.25,79.57,44.68,Cash,Consumer
ORD-00979,2025-10-09,CUST-0488,Office Supplies,Pen Set,Central,Indore,8,37.3,0.15,253.64,210.16,43.48,Debit Card,Consumer
ORD-02687,2025-10-09,CUST-1062,Office Supplies,Stapler,North,Chandigarh,4,25.62,0.0,102.48,86.61,15.87,UPI,Consumer
ORD-03515,2025-10-09,CUST-0661,Electronics,Smartphone,Central,Nagpur,7,380.23,0.0,2661.61,1552.5,1109.11,Debit Card,Corporate
ORD-01127,2025-10-09,CUST-0103,Office Supplies,Calculator,South,Chennai,6,27.65,0.0,165.9,131.12,34.78,Credit Card,Consumer
ORD-03710,2025-10-09,CUST-0558,Furniture,Desk,East,Kolkata,2,417.46,0.15,709.68,439.8,269.88,Bank Transfer,Consumer
ORD-00142,2025-10-09,CUST-0629,Clothing,T-Shirt,East,Kolkata,8,55.45,0.05,421.42,300.97,120.45,Cash,Consumer
ORD-01432,2025-10-09,CUST-0847,Office Supplies,Printer Paper,West,Pune,4,23.65,0.15,80.41,67.78,12.63,Bank Transfer,Consumer
ORD-02185,2025-10-09,CUST-0046,Office Supplies,Pen Set,Central,Nagpur,6,43.26,0.0,259.56,216.19,43.37,UPI,Consumer
ORD-01138,2025-10-09,CUST-0453,Office Supplies,Pen Set,West,Mumbai,3,32.75,0.05,93.34,79.03,14.31,Credit Card,Consumer
ORD-03354,2025-10-09,CUST-0285,Electronics,Laptop,South,Chennai,7,544.57,0.0,3811.99,2255.1,1556.89,Cash,Corporate
ORD-03406,2025-10-09,CUST-0199,Electronics,Monitor,East,Guwahati,4,377.9,0.0,1511.6,945.58,566.02,Credit Card,Consumer
ORD-01266,2025-10-09,CUST-0309,Electronics,Laptop,West,Mumbai,6,280.45,0.1,1514.43,1175.1,339.33,Bank Transfer,Consumer
ORD-01209,2025-10-10,CUST-0701,Office Supplies,Calculator,East,Bhubaneswar,6,40.52,0.0,243.12,168.01,75.11,Credit Card,Consumer
ORD-00953,2025-10-10,CUST-0484,Clothing,T-Shirt,West,Mumbai,6,58.75,0.0,352.5,234.32,118.18,Credit Card,Small Business
ORD-00294,2025-10-10,CUST-1151,Clothing,Jeans,North,Jaipur,6,59.35,0.0,356.1,295.28,60.82,Cash,Small Business
ORD-02461,2025-10-10,CUST-0915,Electronics,Monitor,West,Mumbai,1,517.94,0.1,466.15,366.01,100.14,Debit Card,Consumer
ORD-00200,2025-10-10,CUST-0220,Electronics,Monitor,Central,Nagpur,2,594.11,0.0,1188.22,857.86,330.36,Credit Card,Consumer
ORD-00440,2025-10-10,CUST-0172,Office Supplies,Pen Set,Central,Nagpur,1,31.27,0.05,29.71,24.3,5.41,Credit Card,Small Business
ORD-02415,2025-10-10,CUST-0234,Furniture,Cabinet,East,Guwahati,4,418.57,0.0,1674.28,1322.6,351.68,Bank Transfer,Consumer
ORD-02911,2025-10-10,CUST-0214,Electronics,Keyboard,North,Chandigarh,1,471.91,0.0,471.91,374.74,97.17,UPI,Consumer
ORD-00696,2025-10-10,CUST-0336,Office Supplies,Calculator,East,Guwahati,5,24.87,0.1,111.92,65.34,46.58,Bank Transfer,Consumer
ORD-02445,2025-10-10,CUST-0545,Electronics,Keyboard,Central,Indore,2,468.49,0.05,890.13,540.93,349.2,UPI,Consumer
ORD-04286,2025-10-10,CUST-0840,Electronics,Smartphone,West,Ahmedabad,5,447.26,0.0,2236.3,1872.37,363.93,UPI,Consumer
ORD-00043,2025-10-10,CUST-0500,Home & Kitchen,Toaster,South,Bengaluru,2,121.33,0.0,242.66,180.24,62.42,Credit Card,Small Business
ORD-03532,2025-10-10,CUST-0607,Clothing,Backpack,West,Ahmedabad,5,53.94,0.15,229.24,191.66,37.58,Bank Transfer,Consumer
ORD-04106,2025-10-10,CUST-0277,Home & Kitchen,Coffee Maker,South,Bengaluru,3,123.51,0.1,333.48,268.41,65.07,UPI,Consumer
ORD-00284,2025-10-10,CUST-0659,Home & Kitchen,Cookware Set,Central,Bhopal,8,130.89,0.15,890.05,560.9,329.15,Debit Card,Consumer
ORD-02110,2025-10-11,CUST-0221,Office Supplies,Pen Set,East,Bhubaneswar,1,43.22,0.2,34.58,25.62,8.96,Credit Card,Corporate
ORD-04935,2025-10-11,CUST-0079,Furniture,Table,East,Bhubaneswar,3,195.87,0.0,587.61,423.5,164.11,Bank Transfer,Corporate
ORD-00108,2025-10-11,CUST-0224,Electronics,Smartphone,Central,Bhopal,5,676.15,0.2,2704.6,1615.25,1089.35,UPI,Small Business
ORD-03680,2025-10-11,CUST-0177,Clothing,Jeans,North,Delhi,5,50.57,0.15,214.92,181.64,33.28,Credit Card,Consumer
ORD-03438,2025-10-11,CUST-0772,Office Supplies,Printer Paper,North,Jaipur,1,40.11,0.05,38.1,32.56,5.54,Credit Card,Corporate
ORD-03780,2025-10-11,CUST-0484,Electronics,Headphones,Central,Nagpur,3,439.8,0.05,1253.43,1052.28,201.15,UPI,Corporate
ORD-04473,2025-10-11,CUST-0638,Clothing,Jeans,South,Bengaluru,4,27.53,0.15,93.6,65.8,27.8,Bank Transfer,Consumer
ORD-03033,2025-10-11,CUST-0701,Clothing,Sneakers,North,Chandigarh,7,59.76,0.1,376.49,230.73,145.76,Bank Transfer,Small Business
ORD-01570,2025-10-11,CUST-1014,Office Supplies,Printer Paper,South,Chennai,8,37.04,0.0,296.32,188.08,108.24,UPI,Consumer
ORD-00225,2025-10-11,CUST-1054,Electronics,Laptop,North,Jaipur,5,377.3,0.1,1697.85,1115.67,582.18,UPI,Corporate
ORD-02116,2025-10-11,CUST-0500,Clothing,Backpack,South,Hyderabad,4,75.1,0.0,300.4,202.83,97.57,UPI,Consumer
ORD-03289,2025-10-12,CUST-0193,Clothing,T-Shirt,North,Delhi,6,60.54,0.15,308.75,188.75,120.0,Bank Transfer,Consumer
ORD-03070,2025-10-12,CUST-0557,Office Supplies,Stapler,South,Hyderabad,3,43.96,0.1,118.69,72.13,46.56,UPI,Consumer
ORD-02924,2025-10-12,CUST-0079,Electronics,Keyboard,Central,Nagpur,7,452.07,0.05,3006.27,2022.91,983.36,Credit Card,Consumer
ORD-01120,2025-10-12,CUST-0656,Home & Kitchen,Cookware Set,West,Ahmedabad,2,129.2,0.1,232.56,181.53,51.03,Debit Card,Consumer
ORD-01254,2025-10-12,CUST-0346,Home & Kitchen,Coffee Maker,West,Mumbai,6,125.8,0.1,679.32,406.31,273.01,UPI,Corporate
ORD-04475,2025-10-12,CUST-0332,Office Supplies,Notebook,South,Hyderabad,6,43.75,0.0,262.5,161.65,100.85,Credit Card,Consumer
ORD-04287,2025-10-12,CUST-0127,Furniture,Office Chair,Central,Nagpur,6,355.87,0.0,2135.22,1417.32,717.9,Credit Card,Small Business
ORD-02738,2025-10-12,CUST-1136,Clothing,Backpack,East,Kolkata,1,71.38,0.1,64.24,44.93,19.31,UPI,Consumer
ORD-01609,2025-10-12,CUST-0862,Clothing,Backpack,East,Bhubaneswar,2,53.7,0.0,107.4,80.79,26.61,UPI,Small Business
ORD-02625,2025-10-12,CUST-0568,Clothing,T-Shirt,Central,Bhopal,7,58.56,0.05,389.42,315.99,73.43,Credit Card,Small Business
ORD-01100,2025-10-12,CUST-0911,Electronics,Keyboard,Central,Indore,7,483.27,0.0,3382.89,2393.93,988.96,Debit Card,Consumer
ORD-03346,2025-10-12,CUST-0412,Clothing,Backpack,East,Bhubaneswar,6,61.78,0.05,352.15,264.63,87.52,UPI,Consumer
ORD-00882,2025-10-12,CUST-1141,Electronics,Laptop,East,Guwahati,8,721.77,0.05,5485.45,3506.05,1979.4,UPI,Corporate
ORD-00451,2025-10-12,CUST-0691,Home & Kitchen,Vacuum Cleaner,South,Hyderabad,5,154.17,0.0,770.85,653.01,117.84,Credit Card,Small Business
ORD-04567,2025-10-12,CUST-0896,Clothing,Sneakers,North,Delhi,1,45.31,0.05,43.04,28.39,14.65,Credit Card,Small Business
ORD-01943,2025-10-12,CUST-0399,Home & Kitchen,Toaster,East,Bhubaneswar,6,114.42,0.15,583.54,348.81,234.73,Debit Card,Corporate
ORD-03545,2025-10-12,CUST-0188,Office Supplies,Notebook,Central,Bhopal,4,32.84,0.1,118.22,69.97,48.25,Credit Card,Small Business
ORD-01932,2025-10-12,CUST-0508,Home & Kitchen,Vacuum Cleaner,South,Chennai,3,97.32,0.05,277.36,193.48,83.88,UPI,Corporate
ORD-04036,2025-10-13,CUST-1183,Furniture,Bookshelf,West,Mumbai,1,179.79,0.0,179.79,154.33,25.46,Cash,Consumer
ORD-02703,2025-10-13,CUST-0317,Furniture,Bookshelf,Central,Indore,7,232.59,0.0,1628.13,1092.7,535.43,Credit Card,Consumer
ORD-00553,2025-10-13,CUST-0313,Home & Kitchen,Blender,South,Bengaluru,7,126.74,0.0,887.18,523.11,364.07,Cash,Consumer
ORD-03933,2025-10-13,CUST-0674,Office Supplies,Pen Set,Central,Nagpur,6,40.9,0.05,233.13,180.9,52.23,Credit Card,Consumer
ORD-00601,2025-10-13,CUST-0708,Office Supplies,Notebook,West,Mumbai,4,41.41,0.1,149.08,120.88,28.2,Cash,Small Business
ORD-04663,2025-10-13,CUST-0122,Clothing,Jeans,East,Guwahati,4,76.27,0.0,305.08,229.38,75.7,Credit Card,Consumer
ORD-02429,2025-10-13,CUST-0361,Home & Kitchen,Toaster,Central,Bhopal,4,157.08,0.0,628.32,403.91,224.41,Cash,Consumer
ORD-02940,2025-10-13,CUST-0146,Clothing,Jeans,West,Ahmedabad,2,49.81,0.05,94.64,57.46,37.18,UPI,Consumer
ORD-04039,2025-10-13,CUST-0475,Clothing,Jeans,East,Guwahati,7,41.48,0.05,275.84,221.17,54.67,Bank Transfer,Small Business
ORD-03951,2025-10-13,CUST-0618,Furniture,Bookshelf,South,Bengaluru,8,288.78,0.1,2079.22,1443.5,635.72,UPI,Corporate
ORD-03463,2025-10-13,CUST-1016,Furniture,Cabinet,East,Guwahati,7,192.53,0.0,1347.71,797.7,550.01,UPI,Corporate
ORD-01475,2025-10-13,CUST-0849,Clothing,T-Shirt,West,Ahmedabad,8,61.39,0.0,491.12,369.61,121.51,UPI,Consumer
ORD-04407,2025-10-13,CUST-1152,Home & Kitchen,Toaster,South,Chennai,8,117.98,0.05,896.65,551.77,344.88,Debit Card,Corporate
ORD-04272,2025-10-13,CUST-0527,Furniture,Bookshelf,East,Guwahati,4,329.8,0.15,1121.32,822.01,299.31,Credit Card,Consumer
ORD-01556,2025-10-13,CUST-0599,Electronics,Smartphone,North,Jaipur,4,506.66,0.05,1925.31,1651.39,273.92,UPI,Consumer
ORD-00683,2025-10-13,CUST-1047,Electronics,Laptop,North,Chandigarh,5,386.53,0.05,1836.02,1473.42,362.6,Debit Card,Consumer
ORD-00083,2025-10-13,CUST-0194,Electronics,Headphones,North,Delhi,8,369.8,0.1,2662.56,1882.22,780.34,UPI,Consumer
ORD-04678,2025-10-13,CUST-0795,Home & Kitchen,Blender,Central,Bhopal,6,32.55,0.1,175.77,141.63,34.14,UPI,Consumer
ORD-03024,2025-10-13,CUST-0832,Furniture,Cabinet,West,Ahmedabad,6,298.48,0.05,1701.34,1263.88,437.46,Credit Card,Consumer
ORD-02549,2025-10-13,CUST-0926,Clothing,Backpack,Central,Bhopal,1,54.33,0.05,51.61,36.27,15.34,UPI,Small Business
ORD-03421,2025-10-14,CUST-1069,Office Supplies,Calculator,Central,Nagpur,8,16.5,0.05,125.4,95.38,30.02,UPI,Corporate
ORD-00978,2025-10-14,CUST-0980,Home & Kitchen,Coffee Maker,South,Chennai,2,148.26,0.05,281.69,179.25,102.44,Credit Card,Small Business
ORD-01335,2025-10-14,CUST-1097,Clothing,Backpack,South,Bengaluru,3,56.36,0.0,169.08,133.89,35.19,Bank Transfer,Corporate
ORD-02132,2025-10-14,CUST-0511,Clothing,Jacket,South,Bengaluru,8,42.91,0.0,343.28,243.02,100.26,UPI,Consumer
ORD-03416,2025-10-14,CUST-0922,Home & Kitchen,Cookware Set,North,Delhi,3,148.02,0.2,355.25,291.59,63.66,UPI,Corporate
ORD-01018,2025-10-14,CUST-0143,Office Supplies,Notebook,Central,Bhopal,4,42.42,0.15,144.23,94.56,49.67,Cash,Consumer
ORD-04725,2025-10-14,CUST-1132,Office Supplies,Stapler,West,Pune,3,21.52,0.0,64.56,51.17,13.39,Cash,Consumer
ORD-02176,2025-10-14,CUST-1033,Furniture,Office Chair,Central,Indore,5,297.79,0.1,1340.06,856.48,483.58,UPI,Corporate
ORD-01217,2025-10-14,CUST-0732,Electronics,Smartphone,South,Bengaluru,2,476.28,0.0,952.56,813.46,139.1,UPI,Consumer
ORD-04835,2025-10-14,CUST-1139,Home & Kitchen,Vacuum Cleaner,West,Pune,3,104.59,0.0,313.77,225.94,87.83,UPI,Consumer
ORD-00621,2025-10-14,CUST-0514,Electronics,Smartphone,North,Jaipur,3,520.74,0.05,1484.11,1113.38,370.73,UPI,Consumer
ORD-00162,2025-10-14,CUST-0345,Electronics,Smartphone,West,Ahmedabad,3,340.93,0.05,971.65,615.73,355.92,Credit Card,Small Business
ORD-02039,2025-10-14,CUST-0043,Clothing,Jeans,East,Kolkata,8,64.13,0.05,487.39,357.98,129.41,Credit Card,Small Business
ORD-02531,2025-10-15,CUST-0422,Office Supplies,Printer Paper,South,Hyderabad,5,45.58,0.0,227.9,170.27,57.63,UPI,Consumer
ORD-02979,2025-10-15,CUST-0886,Home & Kitchen,Toaster,Central,Indore,6,88.7,0.1,478.98,397.28,81.7,Bank Transfer,Corporate
ORD-03004,2025-10-15,CUST-0369,Electronics,Monitor,North,Jaipur,7,446.31,0.05,2967.96,1820.13,1147.83,UPI,Consumer
ORD-03582,2025-10-15,CUST-0008,Furniture,Office Chair,South,Bengaluru,8,333.42,0.0,2667.36,1625.84,1041.52,UPI,Consumer
ORD-02373,2025-10-15,CUST-0389,Electronics,Laptop,North,Jaipur,4,448.68,0.15,1525.51,1225.41,300.1,Debit Card,Consumer
ORD-00634,2025-10-15,CUST-0056,Clothing,Sneakers,South,Chennai,2,84.51,0.1,152.12,116.42,35.7,UPI,Consumer
ORD-00116,2025-10-15,CUST-0849,Electronics,Headphones,Central,Nagpur,2,571.51,0.1,1028.72,662.92,365.8,Bank Transfer,Consumer
ORD-02006,2025-10-15,CUST-0654,Furniture,Cabinet,East,Bhubaneswar,3,382.34,0.05,1089.67,785.7,303.97,Credit Card,Corporate
ORD-01519,2025-10-15,CUST-1075,Home & Kitchen,Coffee Maker,North,Delhi,3,179.45,0.0,538.35,400.35,138.0,Credit Card,Consumer
ORD-04767,2025-10-15,CUST-0620,Electronics,Laptop,South,Chennai,1,577.12,0.1,519.41,339.78,179.63,UPI,Consumer
ORD-02119,2025-10-15,CUST-0220,Furniture,Cabinet,North,Chandigarh,8,184.44,0.1,1327.97,855.97,472.0,Cash,Consumer
ORD-03232,2025-10-15,CUST-0324,Office Supplies,Pen Set,Central,Indore,5,27.98,0.15,118.92,77.0,41.92,Bank Transfer,Small Business
ORD-01109,2025-10-15,CUST-1151,Electronics,Smartphone,North,Delhi,4,505.21,0.15,1717.71,1413.57,304.14,Credit Card,Small Business
ORD-00028,2025-10-15,CUST-0575,Home & Kitchen,Vacuum Cleaner,South,Chennai,7,235.58,0.1,1484.15,997.17,486.98,Bank Transfer,Small Business
ORD-03559,2025-10-15,CUST-0490,Clothing,T-Shirt,East,Guwahati,2,42.68,0.15,72.56,60.44,12.12,Bank Transfer,Consumer
ORD-00260,2025-10-15,CUST-1114,Home & Kitchen,Coffee Maker,East,Guwahati,4,118.72,0.1,427.39,272.42,154.97,Credit Card,Consumer
ORD-00206,2025-10-16,CUST-0483,Home & Kitchen,Cookware Set,East,Guwahati,4,132.64,0.1,477.5,291.17,186.33,UPI,Consumer
ORD-01946,2025-10-16,CUST-0064,Furniture,Table,North,Jaipur,1,352.22,0.05,334.61,217.02,117.59,Debit Card,Consumer
ORD-01438,2025-10-16,CUST-0830,Furniture,Desk,Central,Nagpur,2,375.11,0.0,750.22,590.32,159.9,UPI,Small Business
ORD-00628,2025-10-16,CUST-0713,Office Supplies,Stapler,West,Ahmedabad,5,36.48,0.05,173.28,131.52,41.76,Bank Transfer,Corporate
ORD-02933,2025-10-16,CUST-0074,Home & Kitchen,Toaster,North,Delhi,3,85.71,0.05,244.27,162.34,81.93,Debit Card,Consumer
ORD-00074,2025-10-16,CUST-0517,Electronics,Laptop,Central,Bhopal,6,578.67,0.0,3472.02,2707.96,764.06,Bank Transfer,Consumer
ORD-01859,2025-10-16,CUST-0332,Electronics,Smartphone,Central,Bhopal,5,462.11,0.2,1848.44,1288.23,560.21,Debit Card,Consumer
ORD-04165,2025-10-16,CUST-1143,Office Supplies,Notebook,Central,Indore,8,35.61,0.1,256.39,150.02,106.37,Credit Card,Consumer
ORD-03615,2025-10-16,CUST-0979,Clothing,T-Shirt,North,Delhi,5,67.21,0.1,302.44,233.44,69.0,Bank Transfer,Small Business
ORD-03231,2025-10-16,CUST-0563,Furniture,Desk,South,Hyderabad,8,175.06,0.2,1120.38,672.92,447.46,Credit Card,Consumer
ORD-01651,2025-10-16,CUST-0608,Office Supplies,Stapler,North,Chandigarh,3,33.7,0.05,96.04,76.65,19.39,UPI,Consumer
ORD-01600,2025-10-17,CUST-0334,Electronics,Keyboard,South,Bengaluru,1,497.05,0.0,497.05,401.78,95.27,Cash,Corporate
ORD-01264,2025-10-17,CUST-1185,Electronics,Monitor,Central,Indore,7,494.41,0.0,3460.87,2231.29,1229.58,Bank Transfer,Corporate
ORD-04260,2025-10-17,CUST-0037,Electronics,Laptop,Central,Nagpur,1,411.48,0.0,411.48,328.56,82.92,Bank Transfer,Consumer
ORD-04211,2025-10-17,CUST-0776,Furniture,Bookshelf,South,Bengaluru,8,386.43,0.0,3091.44,2302.41,789.03,Bank Transfer,Consumer
ORD-01179,2025-10-17,CUST-0204,Office Supplies,Printer Paper,East,Bhubaneswar,2,48.62,0.15,82.65,66.61,16.04,Credit Card,Corporate
ORD-02859,2025-10-17,CUST-0824,Furniture,Table,Central,Nagpur,2,233.5,0.15,396.95,337.05,59.9,Debit Card,Consumer
ORD-01353,2025-10-17,CUST-0811,Clothing,Jeans,West,Pune,4,52.64,0.0,210.56,149.04,61.52,Credit Card,Small Business
ORD-03109,2025-10-17,CUST-0537,Electronics,Smartphone,East,Bhubaneswar,6,520.86,0.2,2500.13,1670.01,830.12,Cash,Corporate
ORD-02194,2025-10-17,CUST-0818,Electronics,Smartphone,West,Ahmedabad,4,418.22,0.1,1505.59,1208.13,297.46,Bank Transfer,Small Business
ORD-01995,2025-10-17,CUST-0790,Electronics,Keyboard,East,Kolkata,5,428.86,0.05,2037.08,1451.39,585.69,UPI,Small Business
ORD-00923,2025-10-17,CUST-1127,Electronics,Smartphone,North,Chandigarh,1,513.47,0.05,487.8,353.18,134.62,Credit Card,Consumer
ORD-03490,2025-10-17,CUST-0733,Office Supplies,Printer Paper,Central,Indore,6,31.33,0.0,187.98,129.24,58.74,Debit Card,Small Business
ORD-03127,2025-10-17,CUST-1091,Office Supplies,Calculator,West,Mumbai,4,20.8,0.15,70.72,45.47,25.25,Bank Transfer,Corporate
ORD-00275,2025-10-17,CUST-0863,Clothing,Jeans,West,Ahmedabad,1,50.93,0.0,50.93,42.82,8.11,Credit Card,Corporate
ORD-00354,2025-10-17,CUST-1002,Furniture,Cabinet,North,Chandigarh,3,199.17,0.0,597.51,425.35,172.16,Bank Transfer,Corporate
ORD-01530,2025-10-17,CUST-0230,Clothing,Jeans,South,Chennai,8,79.33,0.05,602.91,507.06,95.85,UPI,Consumer
ORD-02412,2025-10-17,CUST-0306,Furniture,Bookshelf,Central,Indore,7,214.57,0.2,1201.59,840.08,361.51,Credit Card,Consumer
ORD-04199,2025-10-17,CUST-1053,Office Supplies,Pen Set,South,Bengaluru,5,17.7,0.05,84.08,50.08,34.0,UPI,Corporate
ORD-04944,2025-10-17,CUST-0275,Electronics,Smartphone,East,Guwahati,4,344.43,0.0,1377.72,1079.88,297.84,UPI,Consumer
ORD-00325,2025-10-18,CUST-0515,Clothing,Jacket,West,Mumbai,6,80.02,0.0,480.12,391.01,89.11,UPI,Small Business
ORD-01433,2025-10-18,CUST-0483,Home & Kitchen,Vacuum Cleaner,Central,Nagpur,3,141.67,0.05,403.76,245.89,157.87,Debit Card,Corporate
ORD-02541,2025-10-18,CUST-1080,Office Supplies,Stapler,South,Bengaluru,6,27.61,0.05,157.38,122.39,34.99,Debit Card,Consumer
ORD-00071,2025-10-18,CUST-0601,Clothing,Backpack,West,Pune,5,51.39,0.1,231.26,192.92,38.34,Bank Transfer,Consumer
ORD-04991,2025-10-18,CUST-0047,Clothing,Sneakers,West,Pune,4,36.36,0.05,138.17,83.66,54.51,Credit Card,Consumer
ORD-01463,2025-10-18,CUST-0232,Office Supplies,Calculator,West,Ahmedabad,1,45.12,0.0,45.12,26.45,18.67,Credit Card,Consumer
ORD-01592,2025-10-18,CUST-1162,Office Supplies,Calculator,East,Bhubaneswar,8,46.08,0.1,331.78,275.07,56.71,UPI,Corporate
ORD-04839,2025-10-18,CUST-0775,Electronics,Smartphone,Central,Indore,3,369.44,0.05,1052.9,633.41,419.49,UPI,Consumer
ORD-03452,2025-10-18,CUST-0052,Clothing,Sneakers,East,Kolkata,4,71.31,0.05,270.98,208.97,62.01,Debit Card,Consumer
ORD-01828,2025-10-18,CUST-0703,Home & Kitchen,Coffee Maker,West,Pune,8,93.76,0.2,600.06,507.51,92.55,UPI,Consumer
ORD-01093,2025-10-18,CUST-0156,Office Supplies,Pen Set,West,Ahmedabad,2,40.76,0.1,73.37,59.22,14.15,UPI,Consumer
ORD-01645,2025-10-18,CUST-0515,Furniture,Cabinet,East,Kolkata,8,235.63,0.05,1790.79,1205.32,585.47,Bank Transfer,Corporate
ORD-00454,2025-10-18,CUST-0710,Home & Kitchen,Cookware Set,East,Kolkata,2,148.95,0.0,297.9,241.28,56.62,Credit Card,Small Business
ORD-01143,2025-10-19,CUST-0100,Clothing,Jacket,West,Pune,6,50.64,0.0,303.84,185.68,118.16,Debit Card,Small Business
ORD-01527,2025-10-19,CUST-1039,Office Supplies,Stapler,North,Chandigarh,2,44.81,0.2,71.7,49.11,22.59,UPI,Corporate
ORD-01178,2025-10-19,CUST-0055,Furniture,Desk,South,Chennai,4,350.96,0.1,1263.46,807.64,455.82,UPI,Small Business
ORD-03239,2025-10-19,CUST-0600,Furniture,Office Chair,West,Pune,5,241.75,0.05,1148.31,880.09,268.22,Credit Card,Consumer
ORD-04636,2025-10-19,CUST-0885,Electronics,Smartphone,Central,Bhopal,4,480.28,0.2,1536.9,942.88,594.02,Debit Card,Consumer
ORD-03507,2025-10-19,CUST-0248,Clothing,Jacket,South,Chennai,6,68.18,0.05,388.63,308.66,79.97,Credit Card,Corporate
ORD-02599,2025-10-19,CUST-0527,Furniture,Desk,North,Delhi,3,349.52,0.05,996.13,773.18,222.95,Credit Card,Consumer
ORD-01381,2025-10-20,CUST-0321,Home & Kitchen,Blender,West,Mumbai,6,155.28,0.0,931.68,797.14,134.54,Bank Transfer,Consumer
ORD-00563,2025-10-20,CUST-1198,Home & Kitchen,Toaster,North,Jaipur,5,78.58,0.05,373.25,320.58,52.67,Cash,Corporate
ORD-03115,2025-10-20,CUST-0084,Home & Kitchen,Cookware Set,South,Chennai,7,132.08,0.05,878.33,689.5,188.83,Credit Card,Consumer
ORD-04130,2025-10-20,CUST-1045,Electronics,Smartphone,South,Hyderabad,2,536.83,0.0,1073.66,779.18,294.48,Credit Card,Consumer
ORD-04131,2025-10-20,CUST-0324,Clothing,Backpack,North,Jaipur,8,65.05,0.2,416.32,303.12,113.2,UPI,Small Business
ORD-00538,2025-10-20,CUST-0577,Clothing,Jeans,West,Pune,4,62.63,0.15,212.94,140.57,72.37,Credit Card,Consumer
ORD-04477,2025-10-20,CUST-0784,Furniture,Cabinet,North,Delhi,6,343.05,0.05,1955.38,1350.49,604.89,Cash,Consumer
ORD-01731,2025-10-20,CUST-0016,Electronics,Keyboard,Central,Nagpur,7,366.37,0.2,2051.67,1318.6,733.07,Credit Card,Consumer
ORD-03270,2025-10-20,CUST-0168,Electronics,Laptop,North,Chandigarh,8,496.53,0.0,3972.24,3239.44,732.8,Credit Card,Consumer
ORD-04794,2025-10-20,CUST-0755,Office Supplies,Calculator,West,Mumbai,2,24.44,0.2,39.1,32.72,6.38,Debit Card,Consumer
ORD-00331,2025-10-20,CUST-1174,Office Supplies,Calculator,Central,Indore,1,38.38,0.05,36.46,27.2,9.26,UPI,Consumer
ORD-04104,2025-10-20,CUST-0575,Home & Kitchen,Coffee Maker,Central,Bhopal,2,151.8,0.05,288.42,169.61,118.81,Cash,Consumer
ORD-04464,2025-10-21,CUST-0881,Office Supplies,Notebook,East,Guwahati,3,33.6,0.0,100.8,64.44,36.36,Credit Card,Corporate
ORD-00062,2025-10-21,CUST-0485,Office Supplies,Calculator,South,Chennai,3,36.12,0.05,102.94,62.73,40.21,Credit Card,Corporate
ORD-02017,2025-10-21,CUST-0287,Furniture,Bookshelf,North,Delhi,1,211.14,0.0,211.14,166.31,44.83,Credit Card,Consumer
ORD-00480,2025-10-21,CUST-0378,Office Supplies,Notebook,South,Chennai,6,40.35,0.15,205.79,137.57,68.22,Credit Card,Corporate
ORD-00136,2025-10-21,CUST-0308,Home & Kitchen,Cookware Set,South,Hyderabad,4,143.16,0.0,572.64,353.41,219.23,UPI,Consumer
ORD-01149,2025-10-21,CUST-0499,Office Supplies,Calculator,West,Mumbai,6,45.33,0.15,231.18,145.97,85.21,Debit Card,Consumer
ORD-01613,2025-10-21,CUST-0387,Clothing,Backpack,East,Bhubaneswar,8,71.0,0.0,568.0,375.86,192.14,Credit Card,Consumer
ORD-03523,2025-10-21,CUST-0465,Clothing,Sneakers,East,Guwahati,8,65.39,0.15,444.65,313.08,131.57,UPI,Consumer
ORD-03427,2025-10-21,CUST-0101,Office Supplies,Notebook,North,Delhi,1,43.28,0.0,43.28,29.23,14.05,Credit Card,Consumer
ORD-01721,2025-10-21,CUST-0254,Electronics,Headphones,East,Bhubaneswar,1,382.31,0.2,305.85,248.36,57.49,Bank Transfer,Consumer
ORD-00880,2025-10-21,CUST-0920,Office Supplies,Notebook,East,Kolkata,8,19.79,0.1,142.49,97.32,45.17,Credit Card,Small Business
ORD-02154,2025-10-21,CUST-0718,Home & Kitchen,Blender,South,Chennai,3,152.13,0.0,456.39,375.81,80.58,Cash,Corporate
ORD-00080,2025-10-21,CUST-0347,Furniture,Office Chair,South,Hyderabad,2,387.07,0.05,735.43,525.56,209.87,UPI,Consumer
ORD-01707,2025-10-21,CUST-0685,Clothing,Jeans,West,Pune,3,40.67,0.1,109.81,73.06,36.75,Debit Card,Corporate
ORD-01039,2025-10-22,CUST-0191,Furniture,Bookshelf,Central,Nagpur,6,334.54,0.05,1906.88,1376.14,530.74,Credit Card,Small Business
ORD-04554,2025-10-22,CUST-0151,Clothing,Jacket,North,Jaipur,8,51.7,0.05,392.92,240.49,152.43,UPI,Consumer
ORD-01839,2025-10-22,CUST-0595,Office Supplies,Pen Set,North,Jaipur,3,26.72,0.05,76.15,56.14,20.01,Credit Card,Small Business
ORD-03920,2025-10-22,CUST-0057,Office Supplies,Calculator,West,Mumbai,1,26.77,0.0,26.77,17.85,8.92,Bank Transfer,Small Business
ORD-02359,2025-10-22,CUST-0314,Home & Kitchen,Vacuum Cleaner,Central,Indore,6,123.79,0.0,742.74,626.38,116.36,Cash,Consumer
ORD-01577,2025-10-22,CUST-0434,Clothing,Backpack,North,Jaipur,1,62.15,0.0,62.15,49.27,12.88,Debit Card,Consumer
ORD-01578,2025-10-22,CUST-0180,Clothing,T-Shirt,South,Chennai,7,37.67,0.0,263.69,160.61,103.08,Bank Transfer,Consumer
ORD-02608,2025-10-22,CUST-0521,Furniture,Office Chair,East,Kolkata,8,316.98,0.1,2282.26,1480.39,801.87,Credit Card,Corporate
ORD-00897,2025-10-22,CUST-0012,Office Supplies,Notebook,South,Hyderabad,6,35.76,0.1,193.1,142.11,50.99,UPI,Small Business
ORD-04178,2025-10-22,CUST-0319,Furniture,Bookshelf,Central,Indore,5,285.32,0.0,1426.6,1049.25,377.35,Debit Card,Corporate
ORD-03784,2025-10-22,CUST-0025,Electronics,Laptop,West,Mumbai,3,341.75,0.1,922.72,782.2,140.52,UPI,Consumer
ORD-02977,2025-10-22,CUST-0243,Office Supplies,Stapler,Central,Nagpur,1,41.63,0.2,33.3,22.11,11.19,UPI,Small Business
ORD-04498,2025-10-22,CUST-0281,Furniture,Office Chair,Central,Bhopal,5,191.52,0.2,766.08,577.79,188.29,UPI,Corporate
ORD-02288,2025-10-22,CUST-1149,Office Supplies,Pen Set,South,Bengaluru,2,37.94,0.0,75.88,60.21,15.67,UPI,Corporate
ORD-02885,2025-10-22,CUST-1142,Office Supplies,Calculator,East,Guwahati,2,30.32,0.0,60.64,35.89,24.75,Credit Card,Corporate
ORD-03970,2025-10-22,CUST-0351,Clothing,Jacket,North,Jaipur,8,39.08,0.15,265.74,186.9,78.84,Debit Card,Small Business
ORD-00911,2025-10-23,CUST-0035,Office Supplies,Printer Paper,East,Kolkata,2,35.15,0.0,70.3,48.97,21.33,UPI,Corporate
ORD-01945,2025-10-23,CUST-1136,Clothing,T-Shirt,North,Jaipur,1,58.37,0.1,52.53,36.01,16.52,UPI,Corporate
ORD-02253,2025-10-23,CUST-1132,Electronics,Monitor,East,Kolkata,6,412.0,0.0,2472.0,1556.15,915.85,Credit Card,Consumer
ORD-00896,2025-10-23,CUST-0581,Office Supplies,Notebook,West,Mumbai,4,32.27,0.05,122.63,72.62,50.01,Credit Card,Small Business
ORD-04379,2025-10-23,CUST-0963,Home & Kitchen,Cookware Set,North,Delhi,1,95.56,0.05,90.78,59.25,31.53,Credit Card,Corporate
ORD-03660,2025-10-23,CUST-0342,Furniture,Bookshelf,Central,Nagpur,5,350.74,0.0,1753.7,1197.31,556.39,UPI,Consumer
ORD-02748,2025-10-23,CUST-0872,Electronics,Headphones,East,Guwahati,4,365.74,0.2,1170.37,745.66,424.71,Credit Card,Small Business
ORD-04590,2025-10-23,CUST-1186,Furniture,Table,West,Mumbai,3,369.41,0.05,1052.82,779.59,273.23,UPI,Corporate
ORD-03077,2025-10-23,CUST-0603,Clothing,Jacket,West,Ahmedabad,8,51.23,0.2,327.87,264.22,63.65,Cash,Corporate
ORD-00078,2025-10-23,CUST-0814,Electronics,Monitor,Central,Indore,1,516.41,0.15,438.95,310.0,128.95,Credit Card,Consumer
ORD-01836,2025-10-23,CUST-0799,Furniture,Desk,North,Jaipur,6,194.89,0.0,1169.34,1005.4,163.94,Credit Card,Consumer
ORD-02653,2025-10-23,CUST-0488,Furniture,Office Chair,South,Hyderabad,1,291.69,0.0,291.69,247.83,43.86,UPI,Consumer
ORD-04826,2025-10-23,CUST-0902,Clothing,Sneakers,South,Chennai,3,45.99,0.0,137.97,93.66,44.31,Bank Transfer,Consumer
ORD-02511,2025-10-23,CUST-0305,Home & Kitchen,Toaster,Central,Nagpur,7,81.96,0.05,545.03,429.29,115.74,Credit Card,Consumer
ORD-01676,2025-10-23,CUST-1086,Home & Kitchen,Coffee Maker,South,Bengaluru,2,108.72,0.0,217.44,169.16,48.28,Cash,Small Business
ORD-01917,2025-10-23,CUST-0262,Clothing,Backpack,West,Pune,3,58.17,0.0,174.51,107.39,67.12,UPI,Consumer
ORD-04877,2025-10-24,CUST-0727,Home & Kitchen,Vacuum Cleaner,South,Bengaluru,3,132.79,0.15,338.61,211.08,127.53,UPI,Consumer
ORD-04037,2025-10-24,CUST-0054,Office Supplies,Printer Paper,East,Bhubaneswar,5,53.19,0.05,252.65,207.49,45.16,Credit Card,Consumer
ORD-03364,2025-10-24,CUST-0296,Clothing,Sneakers,East,Kolkata,6,80.64,0.0,483.84,364.68,119.16,UPI,Consumer
ORD-02797,2025-10-24,CUST-0443,Electronics,Monitor,West,Ahmedabad,3,532.32,0.0,1596.96,1079.73,517.23,UPI,Consumer
ORD-04625,2025-10-24,CUST-0390,Home & Kitchen,Cookware Set,South,Hyderabad,6,104.24,0.15,531.62,449.0,82.62,Bank Transfer,Consumer
ORD-02417,2025-10-24,CUST-0839,Office Supplies,Calculator,Central,Bhopal,3,47.55,0.15,121.25,79.95,41.3,UPI,Corporate
ORD-01357,2025-10-24,CUST-0973,Home & Kitchen,Cookware Set,North,Delhi,3,122.16,0.05,348.16,292.27,55.89,Bank Transfer,Consumer
ORD-00784,2025-10-24,CUST-0342,Home & Kitchen,Toaster,South,Chennai,5,147.93,0.1,665.68,434.38,231.3,Credit Card,Consumer
ORD-02326,2025-10-24,CUST-0901,Office Supplies,Calculator,West,Ahmedabad,2,26.33,0.05,50.03,36.96,13.07,Cash,Consumer
ORD-00371,2025-10-24,CUST-0150,Home & Kitchen,Vacuum Cleaner,West,Mumbai,3,159.24,0.15,406.06,343.16,62.9,Cash,Consumer
ORD-00941,2025-10-24,CUST-0962,Furniture,Desk,South,Bengaluru,4,317.04,0.0,1268.16,864.23,403.93,UPI,Consumer
ORD-04706,2025-10-24,CUST-0248,Office Supplies,Pen Set,South,Chennai,6,18.16,0.1,98.06,64.4,33.66,Credit Card,Corporate
ORD-02318,2025-10-24,CUST-0155,Office Supplies,Notebook,West,Ahmedabad,2,28.93,0.0,57.86,37.54,20.32,UPI,Small Business
ORD-00189,2025-10-24,CUST-0985,Office Supplies,Notebook,West,Pune,6,30.94,0.05,176.36,147.85,28.51,Bank Transfer,Consumer
ORD-01274,2025-10-24,CUST-0911,Office Supplies,Calculator,South,Hyderabad,5,44.22,0.15,187.94,110.78,77.16,UPI,Consumer
ORD-04617,2025-10-24,CUST-1108,Clothing,Jacket,Central,Indore,1,64.91,0.2,51.93,43.01,8.92,Debit Card,Consumer
ORD-03414,2025-10-24,CUST-0768,Office Supplies,Stapler,East,Bhubaneswar,7,26.61,0.1,167.64,142.37,25.27,Bank Transfer,Corporate
ORD-01025,2025-10-24,CUST-1137,Home & Kitchen,Coffee Maker,South,Bengaluru,6,156.91,0.0,941.46,692.82,248.64,Cash,Consumer
ORD-03106,2025-10-24,CUST-0874,Electronics,Headphones,Central,Bhopal,7,370.22,0.0,2591.54,1932.09,659.45,Credit Card,Corporate
ORD-01095,2025-10-25,CUST-0713,Furniture,Table,West,Ahmedabad,1,206.62,0.15,175.63,108.22,67.41,Bank Transfer,Small Business
ORD-01981,2025-10-25,CUST-0105,Home & Kitchen,Cookware Set,West,Pune,8,162.0,0.2,1036.8,608.13,428.67,Credit Card,Corporate
ORD-03088,2025-10-25,CUST-0683,Furniture,Office Chair,East,Bhubaneswar,3,218.0,0.0,654.0,507.52,146.48,Credit Card,Small Business
ORD-04931,2025-10-25,CUST-0728,Electronics,Keyboard,Central,Bhopal,3,462.42,0.15,1179.17,780.28,398.89,UPI,Consumer
ORD-02575,2025-10-25,CUST-0245,Home & Kitchen,Toaster,West,Mumbai,5,163.29,0.05,775.63,490.7,284.93,Debit Card,Corporate
ORD-00783,2025-10-25,CUST-1093,Home & Kitchen,Vacuum Cleaner,Central,Indore,5,116.29,0.05,552.38,441.72,110.66,UPI,Small Business
ORD-02785,2025-10-25,CUST-1063,Home & Kitchen,Toaster,North,Chandigarh,1,154.71,0.15,131.5,98.28,33.22,Credit Card,Corporate
ORD-02918,2025-10-25,CUST-0475,Electronics,Monitor,East,Bhubaneswar,2,457.03,0.1,822.65,497.55,325.1,UPI,Consumer
ORD-01111,2025-10-25,CUST-0726,Home & Kitchen,Cookware Set,Central,Nagpur,6,112.0,0.0,672.0,419.88,252.12,UPI,Consumer
ORD-04041,2025-10-25,CUST-1106,Office Supplies,Printer Paper,Central,Bhopal,7,51.3,0.2,287.28,234.67,52.61,Credit Card,Consumer
ORD-02920,2025-10-25,CUST-0010,Electronics,Laptop,West,Pune,8,519.21,0.05,3946.0,3056.34,889.66,Cash,Consumer
ORD-03915,2025-10-25,CUST-0570,Electronics,Keyboard,East,Bhubaneswar,5,303.56,0.0,1517.8,1097.88,419.92,UPI,Small Business
ORD-03882,2025-10-25,CUST-0608,Electronics,Headphones,South,Bengaluru,4,542.03,0.1,1951.31,1289.81,661.5,Debit Card,Small Business
ORD-00375,2025-10-25,CUST-0262,Furniture,Desk,West,Mumbai,2,146.35,0.0,292.7,217.57,75.13,Cash,Consumer
ORD-02098,2025-10-25,CUST-1043,Clothing,Sneakers,South,Chennai,5,29.04,0.05,137.94,80.53,57.41,Debit Card,Corporate
ORD-02012,2025-10-25,CUST-0518,Electronics,Smartphone,South,Hyderabad,4,399.16,0.0,1596.64,1171.02,425.62,Credit Card,Consumer
ORD-03148,2025-10-25,CUST-0450,Office Supplies,Pen Set,East,Kolkata,7,36.8,0.15,218.96,168.42,50.54,Bank Transfer,Small Business
ORD-02876,2025-10-26,CUST-0828,Clothing,Backpack,West,Mumbai,7,66.91,0.1,421.53,341.69,79.84,UPI,Consumer
ORD-03367,2025-10-26,CUST-0714,Office Supplies,Notebook,East,Guwahati,8,43.69,0.0,349.52,273.76,75.76,Cash,Consumer
ORD-00636,2025-10-26,CUST-0638,Office Supplies,Printer Paper,West,Pune,7,38.8,0.05,258.02,156.11,101.91,Credit Card,Consumer
ORD-04483,2025-10-26,CUST-0054,Electronics,Headphones,North,Jaipur,6,499.0,0.15,2544.9,2045.63,499.27,UPI,Consumer
ORD-02022,2025-10-26,CUST-1085,Furniture,Table,North,Delhi,2,363.13,0.1,653.63,457.28,196.35,UPI,Small Business
ORD-01014,2025-10-26,CUST-0896,Office Supplies,Calculator,South,Hyderabad,2,40.91,0.05,77.73,49.65,28.08,Cash,Consumer
ORD-04948,2025-10-26,CUST-0866,Furniture,Desk,North,Jaipur,1,276.73,0.05,262.89,178.73,84.16,Credit Card,Small Business
ORD-03847,2025-10-26,CUST-0582,Furniture,Cabinet,South,Chennai,7,313.64,0.05,2085.71,1367.33,718.38,Debit Card,Corporate
ORD-04420,2025-10-26,CUST-0789,Clothing,T-Shirt,West,Mumbai,1,60.86,0.2,48.69,37.52,11.17,UPI,Small Business
ORD-02003,2025-10-26,CUST-0406,Office Supplies,Notebook,East,Kolkata,3,35.32,0.05,100.66,63.66,37.0,Credit Card,Consumer
ORD-01931,2025-10-26,CUST-0463,Home & Kitchen,Vacuum Cleaner,North,Chandigarh,3,149.2,0.0,447.6,355.56,92.04,Credit Card,Corporate
ORD-04266,2025-10-26,CUST-0467,Furniture,Table,Central,Nagpur,8,382.31,0.05,2905.56,1877.65,1027.91,UPI,Corporate
ORD-04926,2025-10-27,CUST-0829,Electronics,Keyboard,North,Jaipur,7,445.77,0.05,2964.37,2205.79,758.58,Cash,Corporate
ORD-03514,2025-10-27,CUST-1134,Home & Kitchen,Coffee Maker,South,Hyderabad,6,108.15,0.0,648.9,479.77,169.13,Bank Transfer,Corporate
ORD-02082,2025-10-27,CUST-0110,Home & Kitchen,Blender,South,Chennai,1,119.55,0.15,101.62,82.76,18.86,UPI,Consumer
ORD-02467,2025-10-27,CUST-0282,Home & Kitchen,Coffee Maker,Central,Indore,7,169.71,0.05,1128.57,854.88,273.69,Debit Card,Corporate
ORD-03696,2025-10-27,CUST-0318,Furniture,Table,South,Bengaluru,7,351.53,0.0,2460.71,1782.72,677.99,Cash,Small Business
ORD-04240,2025-10-27,CUST-1125,Furniture,Cabinet,North,Delhi,7,351.78,0.0,2462.46,1629.15,833.31,Bank Transfer,Consumer
ORD-03949,2025-10-27,CUST-0940,Electronics,Monitor,North,Jaipur,6,559.46,0.0,3356.76,2364.73,992.03,Cash,Consumer
ORD-02739,2025-10-27,CUST-0982,Office Supplies,Pen Set,Central,Bhopal,7,30.13,0.1,189.82,156.65,33.17,Credit Card,Corporate
ORD-02180,2025-10-27,CUST-0486,Office Supplies,Notebook,South,Bengaluru,5,36.07,0.0,180.35,113.55,66.8,Debit Card,Corporate
ORD-02554,2025-10-27,CUST-0489,Home & Kitchen,Vacuum Cleaner,East,Kolkata,8,111.89,0.15,760.85,634.98,125.87,UPI,Consumer
ORD-04821,2025-10-27,CUST-0604,Electronics,Headphones,Central,Nagpur,8,347.56,0.05,2641.46,2104.4,537.06,Cash,Corporate
ORD-01791,2025-10-27,CUST-0881,Home & Kitchen,Toaster,West,Mumbai,1,89.88,0.05,85.39,61.6,23.79,Credit Card,Consumer
ORD-02743,2025-10-27,CUST-0582,Furniture,Table,East,Kolkata,8,290.76,0.15,1977.17,1266.18,710.99,Bank Transfer,Small Business
ORD-03891,2025-10-27,CUST-0272,Furniture,Table,West,Pune,5,284.18,0.1,1278.81,1099.41,179.4,UPI,Consumer
ORD-04062,2025-10-27,CUST-1167,Office Supplies,Printer Paper,Central,Indore,1,20.2,0.0,20.2,13.88,6.32,UPI,Small Business
ORD-00153,2025-10-27,CUST-0614,Electronics,Headphones,South,Hyderabad,5,297.31,0.0,1486.55,1019.73,466.82,UPI,Corporate
ORD-02762,2025-10-27,CUST-1145,Clothing,Jacket,South,Bengaluru,2,52.34,0.15,88.98,64.78,24.2,Debit Card,Consumer
ORD-00861,2025-10-27,CUST-0478,Office Supplies,Notebook,East,Bhubaneswar,3,41.33,0.0,123.99,85.72,38.27,UPI,Small Business
ORD-02766,2025-10-27,CUST-0648,Home & Kitchen,Vacuum Cleaner,West,Pune,5,96.26,0.0,481.3,392.75,88.55,UPI,Consumer
ORD-01591,2025-10-28,CUST-0096,Furniture,Office Chair,North,Jaipur,5,299.62,0.0,1498.1,1247.64,250.46,Credit Card,Consumer
ORD-03637,2025-10-28,CUST-0386,Office Supplies,Stapler,Central,Bhopal,4,36.53,0.2,116.9,72.25,44.65,UPI,Consumer
ORD-04724,2025-10-28,CUST-0919,Office Supplies,Stapler,North,Chandigarh,3,17.65,0.05,50.3,38.91,11.39,UPI,Corporate
ORD-04789,2025-10-28,CUST-0885,Electronics,Headphones,South,Bengaluru,4,599.96,0.05,2279.85,1347.78,932.07,UPI,Corporate
ORD-02906,2025-10-28,CUST-0155,Home & Kitchen,Blender,East,Bhubaneswar,4,139.11,0.1,500.8,322.36,178.44,UPI,Consumer
ORD-03930,2025-10-28,CUST-1024,Clothing,T-Shirt,North,Jaipur,5,69.55,0.1,312.98,205.94,107.04,UPI,Consumer
ORD-03083,2025-10-28,CUST-1115,Office Supplies,Notebook,Central,Bhopal,4,40.24,0.0,160.96,118.05,42.91,Credit Card,Small Business
ORD-03200,2025-10-28,CUST-0887,Home & Kitchen,Toaster,East,Kolkata,5,168.98,0.0,844.9,655.01,189.89,Bank Transfer,Small Business
ORD-03215,2025-10-28,CUST-0084,Electronics,Monitor,West,Pune,4,449.92,0.0,1799.68,1369.67,430.01,UPI,Small Business
ORD-04893,2025-10-28,CUST-0614,Clothing,Backpack,North,Jaipur,1,62.48,0.15,53.11,32.28,20.83,Credit Card,Consumer
ORD-03724,2025-10-28,CUST-0144,Home & Kitchen,Coffee Maker,East,Bhubaneswar,8,81.89,0.0,655.12,511.54,143.58,Credit Card,Small Business
ORD-01180,2025-10-28,CUST-0933,Furniture,Bookshelf,Central,Indore,6,297.27,0.15,1516.08,1015.74,500.34,Credit Card,Consumer
ORD-04761,2025-10-28,CUST-0755,Office Supplies,Notebook,West,Mumbai,4,38.51,0.05,146.34,114.36,31.98,Bank Transfer,Consumer
ORD-01101,2025-10-28,CUST-0205,Home & Kitchen,Coffee Maker,North,Jaipur,4,149.04,0.15,506.74,391.54,115.2,Credit Card,Consumer
ORD-01984,2025-10-28,CUST-1130,Electronics,Smartphone,Central,Bhopal,1,327.92,0.0,327.92,230.29,97.63,Cash,Consumer
ORD-04734,2025-10-28,CUST-0630,Home & Kitchen,Toaster,Central,Nagpur,8,132.96,0.05,1010.5,686.32,324.18,Bank Transfer,Corporate
ORD-00526,2025-10-28,CUST-0493,Electronics,Keyboard,Central,Nagpur,4,499.33,0.1,1797.59,1080.49,717.1,Credit Card,Consumer
ORD-00801,2025-10-28,CUST-0712,Clothing,Backpack,Central,Indore,5,57.1,0.0,285.5,168.43,117.07,UPI,Consumer
ORD-01880,2025-10-28,CUST-0617,Electronics,Laptop,East,Bhubaneswar,5,408.04,0.0,2040.2,1435.86,604.34,UPI,Small Business
ORD-04047,2025-10-28,CUST-0158,Furniture,Cabinet,Central,Nagpur,1,331.41,0.05,314.84,209.15,105.69,UPI,Corporate
ORD-04417,2025-10-28,CUST-0872,Office Supplies,Calculator,South,Bengaluru,2,22.22,0.05,42.22,35.43,6.79,Credit Card,Consumer
ORD-00949,2025-10-29,CUST-1101,Electronics,Smartphone,East,Guwahati,8,423.58,0.1,3049.78,2531.22,518.56,UPI,Small Business
ORD-00357,2025-10-29,CUST-0091,Office Supplies,Calculator,South,Chennai,1,42.97,0.0,42.97,33.74,9.23,Bank Transfer,Small Business
ORD-02421,2025-10-29,CUST-0062,Office Supplies,Printer Paper,East,Kolkata,3,42.06,0.1,113.56,79.5,34.06,UPI,Consumer
ORD-01268,2025-10-29,CUST-0975,Furniture,Desk,South,Hyderabad,1,211.05,0.05,200.5,127.74,72.76,Debit Card,Consumer
ORD-02627,2025-10-29,CUST-0896,Furniture,Office Chair,Central,Bhopal,6,190.88,0.05,1088.02,699.96,388.06,Bank Transfer,Corporate
ORD-04569,2025-10-29,CUST-1052,Clothing,Backpack,Central,Bhopal,6,69.3,0.0,415.8,241.25,174.55,Debit Card,Consumer
ORD-02097,2025-10-29,CUST-1082,Furniture,Cabinet,North,Delhi,1,374.42,0.05,355.7,294.78,60.92,Bank Transfer,Corporate
ORD-02577,2025-10-29,CUST-1134,Home & Kitchen,Toaster,North,Jaipur,1,82.95,0.0,82.95,49.14,33.81,Credit Card,Small Business
ORD-00176,2025-10-29,CUST-0203,Furniture,Cabinet,Central,Indore,8,279.82,0.05,2126.63,1340.98,785.65,Debit Card,Corporate
ORD-02036,2025-10-29,CUST-1039,Electronics,Smartphone,North,Delhi,1,374.69,0.15,318.49,262.13,56.36,UPI,Small Business
ORD-01296,2025-10-29,CUST-1194,Electronics,Laptop,North,Delhi,3,565.77,0.0,1697.31,1082.48,614.83,Credit Card,Small Business
ORD-01144,2025-10-29,CUST-1045,Home & Kitchen,Toaster,South,Hyderabad,3,68.28,0.15,174.11,115.6,58.51,UPI,Small Business
ORD-01224,2025-10-29,CUST-1027,Home & Kitchen,Toaster,Central,Indore,2,145.2,0.0,290.4,203.08,87.32,Bank Transfer,Small Business
ORD-04257,2025-10-29,CUST-0296,Office Supplies,Pen Set,West,Pune,8,47.77,0.0,382.16,309.7,72.46,Bank Transfer,Consumer
ORD-03967,2025-10-29,CUST-1026,Electronics,Monitor,East,Guwahati,4,435.1,0.05,1653.38,1238.62,414.76,Credit Card,Corporate
ORD-00892,2025-10-30,CUST-0181,Office Supplies,Printer Paper,West,Mumbai,4,25.75,0.2,82.4,64.31,18.09,Credit Card,Corporate
ORD-03542,2025-10-30,CUST-0904,Office Supplies,Printer Paper,East,Bhubaneswar,4,30.57,0.05,116.17,77.52,38.65,Bank Transfer,Corporate
ORD-02191,2025-10-30,CUST-0241,Furniture,Office Chair,West,Mumbai,6,288.23,0.15,1469.97,953.45,516.52,Credit Card,Consumer
ORD-00735,2025-10-30,CUST-0762,Furniture,Bookshelf,North,Delhi,7,410.8,0.0,2875.6,1929.08,946.52,Credit Card,Corporate
ORD-03631,2025-10-30,CUST-1173,Furniture,Office Chair,North,Jaipur,8,228.7,0.1,1646.64,1324.4,322.24,UPI,Corporate
ORD-01206,2025-10-30,CUST-0021,Clothing,Backpack,South,Chennai,5,66.2,0.0,331.0,215.18,115.82,Debit Card,Corporate
ORD-02618,2025-10-30,CUST-0988,Clothing,Jacket,East,Guwahati,1,66.11,0.0,66.11,45.45,20.66,UPI,Corporate
ORD-00046,2025-10-30,CUST-0764,Clothing,Backpack,Central,Bhopal,5,71.56,0.0,357.8,300.16,57.64,Credit Card,Corporate
ORD-04352,2025-10-30,CUST-0444,Electronics,Keyboard,North,Chandigarh,2,502.6,0.2,804.16,490.08,314.08,UPI,Corporate
ORD-01543,2025-10-30,CUST-0698,Clothing,Backpack,West,Ahmedabad,7,26.77,0.0,187.39,139.67,47.72,UPI,Corporate
ORD-04103,2025-10-30,CUST-0583,Clothing,T-Shirt,West,Ahmedabad,2,43.6,0.1,78.48,61.04,17.44,Cash,Corporate
ORD-01116,2025-10-30,CUST-0534,Home & Kitchen,Toaster,Central,Bhopal,2,130.86,0.0,261.72,169.63,92.09,Credit Card,Consumer
ORD-02360,2025-10-30,CUST-0640,Home & Kitchen,Vacuum Cleaner,Central,Bhopal,3,90.46,0.15,230.67,153.89,76.78,Credit Card,Consumer
ORD-04879,2025-10-31,CUST-0514,Home & Kitchen,Toaster,Central,Indore,2,82.73,0.1,148.91,106.76,42.15,UPI,Corporate
ORD-03240,2025-10-31,CUST-0327,Office Supplies,Printer Paper,West,Mumbai,7,41.35,0.05,274.98,229.11,45.87,UPI,Consumer
ORD-02074,2025-10-31,CUST-1094,Electronics,Keyboard,West,Pune,5,618.74,0.05,2939.02,2162.83,776.19,Bank Transfer,Consumer
ORD-03825,2025-10-31,CUST-1142,Office Supplies,Pen Set,East,Bhubaneswar,3,18.85,0.0,56.55,44.73,11.82,Credit Card,Corporate
ORD-04416,2025-10-31,CUST-1119,Office Supplies,Stapler,South,Chennai,2,23.64,0.0,47.28,37.04,10.24,Cash,Small Business
ORD-01452,2025-10-31,CUST-0983,Electronics,Keyboard,West,Pune,6,420.43,0.1,2270.32,1939.2,331.12,Credit Card,Small Business
ORD-04880,2025-10-31,CUST-0838,Office Supplies,Calculator,West,Ahmedabad,8,37.49,0.1,269.93,168.39,101.54,UPI,Small Business
ORD-02808,2025-10-31,CUST-1178,Office Supplies,Stapler,Central,Nagpur,3,33.06,0.0,99.18,72.94,26.24,Credit Card,Corporate
ORD-00899,2025-10-31,CUST-0960,Electronics,Keyboard,South,Bengaluru,2,182.36,0.0,364.72,273.87,90.85,UPI,Consumer
ORD-00776,2025-10-31,CUST-0751,Clothing,Backpack,Central,Bhopal,4,57.91,0.0,231.64,179.02,52.62,Debit Card,Corporate
ORD-04733,2025-10-31,CUST-0305,Clothing,Jeans,West,Ahmedabad,7,39.83,0.15,236.99,179.18,57.81,Credit Card,Consumer
ORD-01428,2025-10-31,CUST-1112,Office Supplies,Printer Paper,South,Hyderabad,5,33.59,0.05,159.55,96.07,63.48,Credit Card,Consumer
ORD-04090,2025-10-31,CUST-0319,Furniture,Office Chair,North,Chandigarh,8,382.48,0.15,2600.86,1901.69,699.17,Debit Card,Corporate
ORD-03995,2025-10-31,CUST-0625,Furniture,Desk,Central,Nagpur,3,95.98,0.15,244.75,196.48,48.27,UPI,Consumer
ORD-02558,2025-10-31,CUST-0819,Furniture,Cabinet,South,Chennai,8,293.06,0.1,2110.03,1442.75,667.28,UPI,Corporate
ORD-00472,2025-10-31,CUST-0558,Electronics,Headphones,North,Jaipur,4,545.39,0.1,1963.4,1609.89,353.51,UPI,Corporate
ORD-00408,2025-10-31,CUST-0542,Furniture,Cabinet,North,Chandigarh,6,398.55,0.1,2152.17,1601.76,550.41,Credit Card,Consumer
ORD-02895,2025-10-31,CUST-0120,Clothing,Jacket,Central,Bhopal,5,54.66,0.1,245.97,196.8,49.17,Cash,Consumer
ORD-03778,2025-10-31,CUST-0781,Clothing,T-Shirt,South,Bengaluru,1,76.96,0.0,76.96,65.44,11.52,Credit Card,Corporate
ORD-01583,2025-10-31,CUST-0207,Office Supplies,Stapler,South,Bengaluru,8,37.69,0.0,301.52,251.53,49.99,Credit Card,Corporate
ORD-04213,2025-11-01,CUST-0335,Clothing,T-Shirt,Central,Nagpur,6,41.15,0.15,209.86,176.5,33.36,UPI,Consumer
ORD-00219,2025-11-01,CUST-0397,Furniture,Office Chair,North,Delhi,1,289.25,0.15,245.86,182.17,63.69,UPI,Consumer
ORD-04765,2025-11-01,CUST-0341,Clothing,Jacket,East,Guwahati,8,75.88,0.05,576.69,429.0,147.69,UPI,Corporate
ORD-04582,2025-11-01,CUST-0119,Furniture,Bookshelf,South,Bengaluru,4,224.53,0.05,853.21,520.59,332.62,Bank Transfer,Corporate
ORD-02293,2025-11-01,CUST-0502,Home & Kitchen,Vacuum Cleaner,East,Bhubaneswar,8,139.38,0.05,1059.29,726.49,332.8,Bank Transfer,Consumer
ORD-01263,2025-11-01,CUST-1041,Clothing,Jeans,Central,Nagpur,8,91.37,0.0,730.96,525.08,205.88,Debit Card,Corporate
ORD-01400,2025-11-01,CUST-0721,Furniture,Bookshelf,West,Pune,7,184.38,0.0,1290.66,1024.44,266.22,UPI,Consumer
ORD-01487,2025-11-01,CUST-0491,Electronics,Monitor,South,Hyderabad,5,588.07,0.15,2499.3,1574.25,925.05,UPI,Consumer
ORD-03549,2025-11-01,CUST-0507,Office Supplies,Printer Paper,South,Chennai,5,27.72,0.05,131.67,86.49,45.18,UPI,Consumer
ORD-03486,2025-11-01,CUST-0445,Furniture,Office Chair,Central,Indore,7,323.71,0.0,2265.97,1407.66,858.31,UPI,Corporate
ORD-03417,2025-11-01,CUST-0326,Office Supplies,Pen Set,East,Kolkata,4,29.23,0.1,105.23,77.54,27.69,Debit Card,Corporate
ORD-01927,2025-11-01,CUST-0151,Electronics,Smartphone,Central,Indore,8,395.14,0.1,2845.01,1900.65,944.36,Credit Card,Small Business
ORD-00096,2025-11-01,CUST-0012,Office Supplies,Pen Set,Central,Nagpur,5,55.15,0.1,248.18,191.93,56.25,UPI,Small Business
ORD-00640,2025-11-01,CUST-0994,Electronics,Smartphone,North,Delhi,1,371.55,0.0,371.55,232.57,138.98,Cash,Small Business
ORD-03758,2025-11-02,CUST-1108,Electronics,Keyboard,South,Chennai,1,398.68,0.15,338.88,223.08,115.8,UPI,Consumer
ORD-02494,2025-11-02,CUST-0977,Home & Kitchen,Cookware Set,South,Chennai,5,79.16,0.0,395.8,256.67,139.13,Debit Card,Small Business
ORD-02851,2025-11-02,CUST-1183,Electronics,Keyboard,Central,Indore,4,548.63,0.2,1755.62,1481.94,273.68,Credit Card,Corporate
ORD-02935,2025-11-02,CUST-0770,Electronics,Headphones,South,Chennai,5,484.73,0.05,2302.47,1779.8,522.67,UPI,Corporate
ORD-04604,2025-11-02,CUST-0848,Furniture,Office Chair,Central,Indore,5,306.96,0.0,1534.8,1079.42,455.38,Bank Transfer,Consumer
ORD-03123,2025-11-02,CUST-1014,Home & Kitchen,Coffee Maker,South,Bengaluru,8,81.5,0.0,652.0,464.43,187.57,Credit Card,Small Business
ORD-00820,2025-11-02,CUST-0101,Home & Kitchen,Toaster,Central,Nagpur,4,86.21,0.05,327.6,249.5,78.1,UPI,Consumer
ORD-02760,2025-11-02,CUST-0329,Furniture,Cabinet,West,Pune,1,184.79,0.05,175.55,135.48,40.07,Debit Card,Consumer
ORD-04299,2025-11-03,CUST-0279,Home & Kitchen,Vacuum Cleaner,South,Bengaluru,5,91.54,0.1,411.93,311.13,100.8,UPI,Corporate
ORD-01610,2025-11-03,CUST-0073,Clothing,Jeans,West,Pune,8,49.33,0.05,374.91,312.15,62.76,UPI,Consumer
ORD-02783,2025-11-03,CUST-0251,Office Supplies,Calculator,North,Chandigarh,1,33.53,0.2,26.82,19.72,7.1,UPI,Consumer
ORD-00771,2025-11-03,CUST-0784,Furniture,Bookshelf,North,Chandigarh,2,320.07,0.05,608.13,421.22,186.91,UPI,Consumer
ORD-01317,2025-11-03,CUST-0033,Office Supplies,Notebook,East,Guwahati,3,33.47,0.1,90.37,61.29,29.08,Cash,Small Business
ORD-00990,2025-11-03,CUST-0156,Office Supplies,Notebook,East,Bhubaneswar,6,25.76,0.05,146.83,97.28,49.55,UPI,Small Business
ORD-04715,2025-11-03,CUST-1032,Electronics,Headphones,Central,Nagpur,7,406.21,0.0,2843.47,2073.42,770.05,Credit Card,Consumer
ORD-01417,2025-11-03,CUST-0514,Furniture,Table,East,Kolkata,6,229.22,0.0,1375.32,971.43,403.89,UPI,Consumer
ORD-03329,2025-11-03,CUST-1089,Home & Kitchen,Cookware Set,Central,Bhopal,6,68.99,0.0,413.94,303.78,110.16,Credit Card,Corporate
ORD-00867,2025-11-03,CUST-1142,Furniture,Bookshelf,Central,Indore,8,271.76,0.05,2065.38,1433.8,631.58,Credit Card,Corporate
ORD-04801,2025-11-03,CUST-0849,Furniture,Cabinet,West,Mumbai,4,297.58,0.05,1130.8,826.31,304.49,Cash,Consumer
ORD-03530,2025-11-03,CUST-0343,Furniture,Table,South,Hyderabad,2,338.23,0.05,642.64,455.15,187.49,UPI,Consumer
ORD-02479,2025-11-03,CUST-0921,Clothing,Jacket,Central,Nagpur,5,50.87,0.1,228.92,167.29,61.63,UPI,Consumer
ORD-03864,2025-11-03,CUST-0621,Home & Kitchen,Coffee Maker,North,Chandigarh,1,58.5,0.0,58.5,34.03,24.47,Credit Card,Small Business
ORD-01318,2025-11-03,CUST-0220,Office Supplies,Notebook,South,Hyderabad,6,28.46,0.1,153.68,111.53,42.15,Bank Transfer,Consumer
ORD-03396,2025-11-04,CUST-0648,Electronics,Headphones,East,Kolkata,2,412.37,0.1,742.27,553.33,188.94,UPI,Corporate
ORD-00881,2025-11-04,CUST-1142,Furniture,Bookshelf,Central,Nagpur,2,278.36,0.2,445.38,315.98,129.4,Bank Transfer,Corporate
ORD-03484,2025-11-04,CUST-0485,Electronics,Monitor,West,Mumbai,4,391.2,0.05,1486.56,991.85,494.71,UPI,Small Business
ORD-00791,2025-11-04,CUST-0554,Office Supplies,Pen Set,North,Delhi,7,47.86,0.05,318.27,219.19,99.08,Debit Card,Consumer
ORD-02340,2025-11-04,CUST-0805,Electronics,Laptop,North,Delhi,1,375.46,0.0,375.46,286.13,89.33,Debit Card,Corporate
ORD-04401,2025-11-04,CUST-0246,Furniture,Cabinet,West,Pune,3,197.72,0.1,533.84,421.65,112.19,UPI,Consumer
ORD-03589,2025-11-04,CUST-0038,Electronics,Smartphone,Central,Indore,3,619.27,0.0,1857.81,1124.7,733.11,Bank Transfer,Consumer
ORD-04418,2025-11-04,CUST-0216,Furniture,Table,North,Delhi,4,271.78,0.1,978.41,640.84,337.57,Cash,Consumer
ORD-01037,2025-11-04,CUST-0832,Clothing,Jeans,South,Chennai,4,94.59,0.1,340.52,253.96,86.56,Debit Card,Consumer
ORD-01983,2025-11-04,CUST-0952,Electronics,Laptop,Central,Indore,8,298.27,0.1,2147.54,1325.46,822.08,Credit Card,Consumer
ORD-03063,2025-11-04,CUST-0580,Electronics,Monitor,Central,Indore,6,512.73,0.0,3076.38,1979.1,1097.28,UPI,Consumer
ORD-00164,2025-11-04,CUST-1087,Electronics,Headphones,West,Mumbai,4,370.49,0.05,1407.86,984.52,423.34,Cash,Consumer
ORD-02448,2025-11-04,CUST-0826,Clothing,Backpack,East,Bhubaneswar,4,71.02,0.1,255.67,176.32,79.35,Credit Card,Corporate
ORD-02772,2025-11-04,CUST-1168,Office Supplies,Printer Paper,East,Kolkata,6,25.09,0.15,127.96,109.82,18.14,Debit Card,Consumer
ORD-02465,2025-11-04,CUST-1073,Clothing,Jacket,South,Hyderabad,3,58.14,0.15,148.26,105.84,42.42,Bank Transfer,Corporate
ORD-02631,2025-11-04,CUST-0594,Office Supplies,Calculator,South,Hyderabad,6,35.82,0.0,214.92,131.49,83.43,UPI,Small Business
ORD-03622,2025-11-04,CUST-0517,Clothing,Jeans,East,Bhubaneswar,1,59.5,0.15,50.58,29.75,20.83,UPI,Consumer
ORD-01851,2025-11-04,CUST-1171,Home & Kitchen,Toaster,South,Bengaluru,6,107.56,0.0,645.36,405.12,240.24,Credit Card,Corporate
ORD-00030,2025-11-04,CUST-0657,Home & Kitchen,Vacuum Cleaner,East,Guwahati,8,109.96,0.2,703.74,509.9,193.84,Debit Card,Consumer
ORD-00830,2025-11-05,CUST-0160,Office Supplies,Calculator,South,Hyderabad,3,45.18,0.1,121.99,101.35,20.64,Credit Card,Corporate
ORD-01435,2025-11-05,CUST-0434,Home & Kitchen,Cookware Set,West,Ahmedabad,7,148.59,0.2,832.1,638.89,193.21,Cash,Corporate
ORD-04038,2025-11-05,CUST-0711,Office Supplies,Calculator,South,Chennai,4,32.78,0.05,124.56,77.16,47.4,Credit Card,Small Business
ORD-04250,2025-11-05,CUST-0448,Furniture,Desk,West,Mumbai,4,187.86,0.05,713.87,612.47,101.4,UPI,Corporate
ORD-00571,2025-11-05,CUST-0212,Office Supplies,Calculator,North,Chandigarh,4,7.88,0.1,28.37,17.51,10.86,UPI,Consumer
ORD-03228,2025-11-05,CUST-0398,Electronics,Laptop,North,Jaipur,4,509.04,0.05,1934.35,1440.83,493.52,Debit Card,Consumer
ORD-04807,2025-11-05,CUST-0999,Electronics,Keyboard,West,Mumbai,7,343.05,0.2,1921.08,1530.96,390.12,Debit Card,Consumer
ORD-02905,2025-11-05,CUST-0325,Home & Kitchen,Blender,East,Bhubaneswar,1,131.9,0.0,131.9,95.48,36.42,Credit Card,Consumer
ORD-02769,2025-11-05,CUST-0450,Electronics,Laptop,Central,Indore,8,401.38,0.05,3050.49,2019.5,1030.99,UPI,Consumer
ORD-02556,2025-11-05,CUST-0721,Home & Kitchen,Blender,Central,Bhopal,6,98.67,0.05,562.42,413.71,148.71,Cash,Corporate
ORD-00679,2025-11-05,CUST-0299,Office Supplies,Pen Set,North,Chandigarh,8,38.3,0.0,306.4,255.35,51.05,Bank Transfer,Consumer
ORD-01909,2025-11-05,CUST-0965,Home & Kitchen,Coffee Maker,West,Ahmedabad,3,148.29,0.0,444.87,286.7,158.17,UPI,Small Business
ORD-02109,2025-11-05,CUST-0723,Clothing,Jeans,North,Chandigarh,2,62.83,0.2,100.53,62.48,38.05,UPI,Corporate
ORD-02155,2025-11-05,CUST-0254,Electronics,Smartphone,South,Hyderabad,8,337.87,0.15,2297.52,1742.93,554.59,Credit Card,Corporate
ORD-01299,2025-11-05,CUST-0296,Office Supplies,Calculator,North,Chandigarh,1,31.99,0.0,31.99,26.27,5.72,Credit Card,Corporate
ORD-04133,2025-11-05,CUST-0637,Clothing,Sneakers,East,Guwahati,4,56.77,0.0,227.08,138.29,88.79,Bank Transfer,Corporate
ORD-02126,2025-11-05,CUST-1187,Furniture,Bookshelf,West,Pune,2,314.8,0.1,566.64,416.15,150.49,UPI,Consumer
ORD-02831,2025-11-06,CUST-0594,Clothing,T-Shirt,East,Bhubaneswar,8,69.36,0.0,554.88,325.37,229.51,Debit Card,Small Business
ORD-01565,2025-11-06,CUST-0571,Clothing,Jeans,West,Ahmedabad,7,67.92,0.0,475.44,339.19,136.25,Bank Transfer,Small Business
ORD-00936,2025-11-06,CUST-1080,Home & Kitchen,Cookware Set,South,Bengaluru,4,109.09,0.0,436.36,256.81,179.55,Credit Card,Consumer
ORD-00605,2025-11-06,CUST-0839,Office Supplies,Calculator,South,Hyderabad,5,39.67,0.1,178.52,148.13,30.39,UPI,Corporate
ORD-03596,2025-11-06,CUST-0774,Furniture,Bookshelf,West,Pune,1,245.77,0.15,208.9,153.92,54.98,UPI,Consumer
ORD-00104,2025-11-06,CUST-1131,Electronics,Keyboard,Central,Nagpur,5,425.93,0.15,1810.2,1110.91,699.29,Credit Card,Consumer
ORD-02201,2025-11-06,CUST-0241,Electronics,Monitor,East,Guwahati,6,515.2,0.0,3091.2,2260.37,830.83,Bank Transfer,Consumer
ORD-02635,2025-11-06,CUST-0576,Clothing,T-Shirt,North,Chandigarh,8,68.26,0.05,518.78,303.23,215.55,UPI,Small Business
ORD-02232,2025-11-06,CUST-0966,Electronics,Laptop,South,Bengaluru,1,392.49,0.15,333.62,221.62,112.0,Debit Card,Small Business
ORD-04998,2025-11-06,CUST-0460,Clothing,Sneakers,West,Pune,8,57.34,0.0,458.72,292.74,165.98,UPI,Consumer
ORD-02607,2025-11-06,CUST-1003,Electronics,Headphones,North,Delhi,3,555.95,0.1,1501.06,1142.01,359.05,Debit Card,Corporate
ORD-01886,2025-11-06,CUST-0306,Office Supplies,Stapler,North,Delhi,2,32.56,0.0,65.12,47.0,18.12,Debit Card,Consumer
ORD-04214,2025-11-06,CUST-0730,Clothing,T-Shirt,South,Hyderabad,7,59.66,0.05,396.74,305.22,91.52,Bank Transfer,Consumer
ORD-03921,2025-11-06,CUST-0180,Office Supplies,Notebook,North,Delhi,5,26.91,0.05,127.82,84.91,42.91,Credit Card,Corporate
ORD-04827,2025-11-06,CUST-0141,Office Supplies,Stapler,East,Guwahati,1,40.21,0.05,38.2,23.35,14.85,Credit Card,Consumer
ORD-03143,2025-11-07,CUST-0457,Office Supplies,Stapler,West,Mumbai,6,34.22,0.0,205.32,123.2,82.12,UPI,Small Business
ORD-00303,2025-11-07,CUST-0097,Furniture,Table,North,Delhi,6,199.81,0.05,1138.92,960.69,178.23,Debit Card,Small Business
ORD-02292,2025-11-07,CUST-0858,Office Supplies,Notebook,South,Bengaluru,2,37.76,0.2,60.42,37.18,23.24,Debit Card,Corporate
ORD-03601,2025-11-07,CUST-0897,Clothing,Jacket,South,Bengaluru,5,82.39,0.0,411.95,257.28,154.67,Credit Card,Consumer
ORD-02992,2025-11-07,CUST-0249,Clothing,T-Shirt,East,Guwahati,6,43.26,0.1,233.6,180.05,53.55,Credit Card,Consumer
ORD-01407,2025-11-07,CUST-0164,Home & Kitchen,Toaster,East,Guwahati,7,137.71,0.15,819.37,592.6,226.77,Credit Card,Consumer
ORD-02509,2025-11-07,CUST-1136,Clothing,T-Shirt,North,Delhi,6,93.0,0.2,446.4,360.24,86.16,Cash,Small Business
ORD-04909,2025-11-07,CUST-0003,Office Supplies,Pen Set,South,Chennai,7,38.4,0.1,241.92,158.82,83.1,Credit Card,Consumer
ORD-04961,2025-11-07,CUST-0624,Clothing,Sneakers,South,Hyderabad,1,79.14,0.15,67.27,51.16,16.11,UPI,Consumer
ORD-02764,2025-11-07,CUST-0883,Office Supplies,Calculator,Central,Indore,3,21.52,0.1,58.1,49.06,9.04,Credit Card,Corporate
ORD-04171,2025-11-07,CUST-0097,Electronics,Headphones,West,Ahmedabad,8,472.91,0.15,3215.79,2151.34,1064.45,Debit Card,Small Business
ORD-04071,2025-11-07,CUST-0296,Office Supplies,Stapler,South,Bengaluru,4,24.54,0.1,88.34,63.84,24.5,Credit Card,Corporate
ORD-00811,2025-11-07,CUST-0614,Electronics,Laptop,North,Chandigarh,7,525.36,0.05,3493.64,2329.25,1164.39,UPI,Small Business
ORD-02323,2025-11-07,CUST-0390,Electronics,Smartphone,West,Pune,6,441.22,0.05,2514.95,1810.77,704.18,UPI,Corporate
ORD-03561,2025-11-07,CUST-0552,Clothing,T-Shirt,Central,Indore,5,59.5,0.0,297.5,194.51,102.99,Debit Card,Small Business
ORD-03194,2025-11-08,CUST-0108,Home & Kitchen,Cookware Set,Central,Nagpur,2,132.39,0.0,264.78,160.71,104.07,Credit Card,Corporate
ORD-02148,2025-11-08,CUST-1041,Office Supplies,Printer Paper,Central,Bhopal,8,40.58,0.1,292.18,181.79,110.39,Bank Transfer,Consumer
ORD-00969,2025-11-08,CUST-0839,Home & Kitchen,Blender,South,Hyderabad,6,152.42,0.0,914.52,704.94,209.58,UPI,Corporate
ORD-01105,2025-11-08,CUST-0162,Clothing,Jeans,Central,Indore,7,48.31,0.0,338.17,246.98,91.19,UPI,Consumer
ORD-03465,2025-11-08,CUST-0331,Clothing,Jeans,Central,Indore,5,41.56,0.1,187.02,136.0,51.02,Debit Card,Corporate
ORD-01011,2025-11-08,CUST-0366,Electronics,Monitor,Central,Bhopal,4,430.27,0.05,1635.03,1329.57,305.46,UPI,Corporate
ORD-01396,2025-11-08,CUST-0581,Furniture,Table,West,Pune,8,318.2,0.1,2291.04,1733.06,557.98,Bank Transfer,Consumer
ORD-01611,2025-11-08,CUST-0930,Electronics,Smartphone,East,Guwahati,8,306.15,0.15,2081.82,1489.8,592.02,UPI,Consumer
ORD-02651,2025-11-08,CUST-0208,Home & Kitchen,Coffee Maker,West,Pune,6,55.88,0.05,318.52,201.32,117.2,Credit Card,Consumer
ORD-04916,2025-11-08,CUST-0724,Office Supplies,Printer Paper,North,Chandigarh,5,41.36,0.1,186.12,159.64,26.48,UPI,Consumer
ORD-04340,2025-11-08,CUST-0894,Clothing,Sneakers,South,Chennai,2,53.98,0.0,107.96,73.53,34.43,Credit Card,Consumer
ORD-04032,2025-11-08,CUST-0645,Electronics,Keyboard,West,Mumbai,3,117.63,0.15,299.96,227.21,72.75,Credit Card,Consumer
ORD-03040,2025-11-08,CUST-1163,Clothing,Jeans,West,Mumbai,2,63.0,0.1,113.4,81.72,31.68,Debit Card,Corporate
ORD-01256,2025-11-08,CUST-1199,Furniture,Desk,North,Delhi,6,210.38,0.05,1199.17,976.01,223.16,Debit Card,Corporate
ORD-00956,2025-11-08,CUST-0056,Electronics,Smartphone,North,Chandigarh,3,448.0,0.0,1344.0,1088.53,255.47,UPI,Corporate
ORD-03112,2025-11-08,CUST-0111,Furniture,Office Chair,North,Chandigarh,7,271.92,0.0,1903.44,1253.55,649.89,Bank Transfer,Consumer
ORD-03156,2025-11-08,CUST-1086,Office Supplies,Printer Paper,North,Jaipur,2,28.27,0.15,48.06,39.51,8.55,UPI,Consumer
ORD-04378,2025-11-09,CUST-0092,Office Supplies,Printer Paper,Central,Nagpur,4,42.01,0.1,151.24,111.37,39.87,Debit Card,Small Business
ORD-02451,2025-11-09,CUST-0806,Furniture,Desk,North,Chandigarh,6,361.52,0.1,1952.21,1474.14,478.07,Debit Card,Consumer
ORD-02621,2025-11-09,CUST-0069,Office Supplies,Calculator,Central,Nagpur,5,48.89,0.0,244.45,145.58,98.87,Debit Card,Consumer
ORD-03850,2025-11-09,CUST-0913,Furniture,Cabinet,East,Kolkata,7,219.81,0.05,1461.74,1029.48,432.26,UPI,Corporate
ORD-04177,2025-11-09,CUST-0302,Clothing,Jacket,South,Bengaluru,6,70.3,0.1,379.62,268.71,110.91,UPI,Consumer
ORD-04653,2025-11-09,CUST-0354,Office Supplies,Printer Paper,West,Ahmedabad,7,32.0,0.0,224.0,187.95,36.05,Credit Card,Consumer
ORD-00403,2025-11-09,CUST-0798,Clothing,Jeans,West,Ahmedabad,2,57.88,0.0,115.76,72.52,43.24,UPI,Consumer
ORD-02404,2025-11-09,CUST-0742,Clothing,T-Shirt,North,Jaipur,3,81.29,0.1,219.48,140.42,79.06,Debit Card,Consumer
ORD-03917,2025-11-09,CUST-1014,Electronics,Headphones,North,Delhi,8,528.9,0.1,3808.08,2370.47,1437.61,Debit Card,Consumer
ORD-04676,2025-11-09,CUST-0256,Electronics,Smartphone,East,Bhubaneswar,4,423.91,0.0,1695.64,1112.81,582.83,Bank Transfer,Consumer
ORD-03353,2025-11-09,CUST-0894,Furniture,Desk,East,Kolkata,5,345.1,0.05,1639.22,1156.4,482.82,Credit Card,Consumer
ORD-00133,2025-11-09,CUST-0165,Electronics,Monitor,West,Mumbai,8,304.14,0.1,2189.81,1488.82,700.99,Cash,Corporate
ORD-01729,2025-11-09,CUST-0425,Home & Kitchen,Blender,South,Chennai,7,160.05,0.1,1008.32,851.96,156.36,Debit Card,Small Business
ORD-00924,2025-11-10,CUST-0916,Electronics,Headphones,West,Mumbai,4,339.8,0.15,1155.32,845.53,309.79,UPI,Corporate
ORD-01383,2025-11-10,CUST-0762,Office Supplies,Printer Paper,South,Bengaluru,7,30.53,0.15,181.65,132.04,49.61,UPI,Consumer
ORD-01497,2025-11-10,CUST-0852,Furniture,Desk,South,Chennai,5,255.05,0.0,1275.25,1072.8,202.45,Credit Card,Consumer
ORD-04696,2025-11-10,CUST-1139,Furniture,Table,North,Chandigarh,7,207.16,0.05,1377.61,1083.01,294.6,Debit Card,Corporate
ORD-04616,2025-11-10,CUST-1187,Office Supplies,Pen Set,North,Jaipur,7,21.63,0.05,143.84,107.87,35.97,UPI,Consumer
ORD-04404,2025-11-10,CUST-0896,Electronics,Headphones,West,Ahmedabad,6,307.65,0.15,1569.02,913.93,655.09,Credit Card,Corporate
ORD-03798,2025-11-10,CUST-0281,Electronics,Monitor,North,Chandigarh,3,481.91,0.15,1228.87,806.05,422.82,Cash,Consumer
ORD-02273,2025-11-10,CUST-0643,Electronics,Monitor,Central,Nagpur,5,431.57,0.05,2049.96,1227.15,822.81,Credit Card,Consumer
ORD-00450,2025-11-10,CUST-0582,Clothing,Jacket,South,Chennai,4,53.28,0.2,170.5,121.96,48.54,Credit Card,Consumer
ORD-03547,2025-11-10,CUST-0083,Office Supplies,Stapler,East,Kolkata,8,28.66,0.0,229.28,145.8,83.48,UPI,Corporate
ORD-02513,2025-11-10,CUST-0244,Clothing,T-Shirt,Central,Nagpur,2,73.76,0.1,132.77,103.22,29.55,Bank Transfer,Consumer
ORD-03356,2025-11-10,CUST-0539,Home & Kitchen,Coffee Maker,South,Chennai,5,117.14,0.05,556.42,447.06,109.36,Cash,Consumer
ORD-02664,2025-11-10,CUST-0597,Office Supplies,Calculator,Central,Nagpur,5,37.28,0.1,167.76,113.72,54.04,Debit Card,Small Business
ORD-02258,2025-11-10,CUST-0562,Office Supplies,Notebook,Central,Bhopal,4,25.31,0.1,91.12,58.33,32.79,UPI,Corporate
ORD-00014,2025-11-11,CUST-1137,Electronics,Monitor,South,Hyderabad,6,408.62,0.0,2451.72,1805.12,646.6,Credit Card,Consumer
ORD-01394,2025-11-11,CUST-0481,Home & Kitchen,Blender,Central,Indore,8,152.78,0.05,1161.13,748.17,412.96,Debit Card,Small Business
ORD-04324,2025-11-11,CUST-1081,Electronics,Laptop,West,Pune,8,374.61,0.15,2547.35,2055.14,492.21,Bank Transfer,Consumer
ORD-04578,2025-11-11,CUST-0425,Electronics,Monitor,South,Hyderabad,6,311.77,0.0,1870.62,1600.62,270.0,Bank Transfer,Consumer
ORD-04499,2025-11-11,CUST-0314,Home & Kitchen,Vacuum Cleaner,North,Jaipur,3,112.85,0.1,304.7,202.67,102.03,Bank Transfer,Small Business
ORD-04366,2025-11-11,CUST-0646,Furniture,Desk,Central,Bhopal,6,166.35,0.0,998.1,735.79,262.31,UPI,Consumer
ORD-03812,2025-11-11,CUST-0025,Clothing,Jeans,North,Jaipur,2,65.79,0.05,125.0,94.54,30.46,Credit Card,Corporate
ORD-04235,2025-11-11,CUST-0181,Furniture,Bookshelf,Central,Indore,6,276.14,0.0,1656.84,1421.37,235.47,Debit Card,Consumer
ORD-03499,2025-11-11,CUST-1129,Clothing,Backpack,Central,Bhopal,8,68.79,0.1,495.29,320.39,174.9,Bank Transfer,Small Business
ORD-03729,2025-11-11,CUST-0045,Electronics,Keyboard,North,Jaipur,3,436.38,0.0,1309.14,1048.94,260.2,Credit Card,Corporate
ORD-02961,2025-11-11,CUST-0272,Clothing,Sneakers,South,Hyderabad,8,59.92,0.0,479.36,406.26,73.1,Cash,Consumer
ORD-01868,2025-11-11,CUST-0669,Office Supplies,Notebook,Central,Nagpur,2,30.78,0.05,58.48,49.46,9.02,Debit Card,Consumer
ORD-03509,2025-11-11,CUST-0406,Clothing,Jeans,North,Jaipur,1,59.87,0.0,59.87,44.48,15.39,UPI,Corporate
ORD-03647,2025-11-11,CUST-1178,Office Supplies,Notebook,West,Ahmedabad,1,33.11,0.0,33.11,21.57,11.54,Bank Transfer,Consumer
ORD-03177,2025-11-11,CUST-0507,Furniture,Table,South,Chennai,6,317.31,0.0,1903.86,1167.42,736.44,Credit Card,Consumer
ORD-02223,2025-11-11,CUST-0563,Home & Kitchen,Vacuum Cleaner,North,Delhi,6,86.78,0.0,520.68,333.19,187.49,Debit Card,Consumer
ORD-02271,2025-11-11,CUST-1111,Clothing,T-Shirt,South,Chennai,2,57.45,0.0,114.9,95.55,19.35,UPI,Small Business
ORD-04923,2025-11-12,CUST-1092,Clothing,T-Shirt,North,Jaipur,4,60.83,0.05,231.15,161.73,69.42,Bank Transfer,Small Business
ORD-00141,2025-11-12,CUST-0867,Office Supplies,Printer Paper,Central,Nagpur,5,21.41,0.05,101.7,65.46,36.24,Credit Card,Corporate
ORD-01797,2025-11-12,CUST-0396,Furniture,Desk,West,Mumbai,4,154.26,0.05,586.19,344.74,241.45,Credit Card,Small Business
ORD-00004,2025-11-12,CUST-0565,Office Supplies,Printer Paper,West,Mumbai,6,40.23,0.15,205.17,136.5,68.67,Credit Card,Consumer
ORD-01802,2025-11-12,CUST-0203,Electronics,Laptop,East,Bhubaneswar,7,448.7,0.0,3140.9,1995.5,1145.4,Credit Card,Corporate
ORD-02137,2025-11-12,CUST-0984,Clothing,Jacket,South,Hyderabad,4,48.06,0.05,182.63,152.26,30.37,Credit Card,Corporate
ORD-04346,2025-11-12,CUST-0357,Clothing,Jacket,West,Pune,1,72.52,0.0,72.52,52.4,20.12,Bank Transfer,Consumer
ORD-03620,2025-11-12,CUST-0778,Home & Kitchen,Vacuum Cleaner,West,Pune,3,132.3,0.1,357.21,254.08,103.13,Cash,Consumer
ORD-00815,2025-11-12,CUST-0417,Electronics,Smartphone,Central,Bhopal,2,559.85,0.1,1007.73,646.98,360.75,UPI,Small Business
ORD-03686,2025-11-12,CUST-0695,Furniture,Bookshelf,Central,Indore,1,338.06,0.1,304.25,212.92,91.33,Bank Transfer,Consumer
ORD-04061,2025-11-12,CUST-1011,Clothing,T-Shirt,South,Hyderabad,6,63.92,0.0,383.52,321.18,62.34,Debit Card,Consumer
ORD-04164,2025-11-12,CUST-1066,Office Supplies,Pen Set,East,Guwahati,5,48.3,0.0,241.5,192.26,49.24,UPI,Consumer
ORD-01540,2025-11-13,CUST-0949,Office Supplies,Pen Set,South,Bengaluru,2,28.58,0.05,54.3,31.88,22.42,Bank Transfer,Consumer
ORD-00974,2025-11-13,CUST-0351,Clothing,Jacket,South,Chennai,6,59.79,0.0,358.74,212.74,146.0,Bank Transfer,Consumer
ORD-04205,2025-11-13,CUST-0630,Home & Kitchen,Coffee Maker,East,Kolkata,6,105.27,0.15,536.88,355.35,181.53,UPI,Consumer
ORD-02753,2025-11-13,CUST-0988,Electronics,Headphones,West,Ahmedabad,1,386.87,0.05,367.53,248.97,118.56,Bank Transfer,Consumer
ORD-03495,2025-11-13,CUST-0769,Office Supplies,Stapler,Central,Bhopal,5,37.86,0.0,189.3,126.71,62.59,Credit Card,Corporate
ORD-01625,2025-11-13,CUST-0464,Clothing,Jacket,South,Hyderabad,7,51.38,0.0,359.66,308.23,51.43,UPI,Small Business
ORD-04631,2025-11-13,CUST-0014,Furniture,Bookshelf,Central,Bhopal,2,221.51,0.15,376.57,306.27,70.3,UPI,Consumer
ORD-02411,2025-11-13,CUST-0297,Furniture,Office Chair,East,Bhubaneswar,3,341.99,0.1,923.37,773.54,149.83,Cash,Corporate
ORD-03005,2025-11-13,CUST-0070,Home & Kitchen,Toaster,West,Mumbai,8,125.83,0.0,1006.64,700.55,306.09,Credit Card,Consumer
ORD-03901,2025-11-13,CUST-0023,Office Supplies,Stapler,South,Hyderabad,3,26.27,0.1,70.93,43.31,27.62,Cash,Consumer
ORD-01803,2025-11-14,CUST-0809,Electronics,Monitor,North,Delhi,3,516.66,0.0,1549.98,1065.43,484.55,Bank Transfer,Consumer
ORD-00533,2025-11-14,CUST-0200,Electronics,Monitor,South,Chennai,3,367.36,0.1,991.87,668.02,323.85,Bank Transfer,Small Business
ORD-00834,2025-11-14,CUST-0373,Furniture,Table,East,Bhubaneswar,2,309.26,0.15,525.74,311.09,214.65,Cash,Corporate
ORD-02812,2025-11-14,CUST-1077,Furniture,Office Chair,West,Pune,4,266.01,0.0,1064.04,681.94,382.1,Bank Transfer,Corporate
ORD-02283,2025-11-14,CUST-0780,Furniture,Desk,South,Bengaluru,4,249.23,0.2,797.54,633.24,164.3,Credit Card,Consumer
ORD-00287,2025-11-14,CUST-0559,Clothing,Backpack,East,Kolkata,2,87.2,0.0,174.4,103.92,70.48,Debit Card,Small Business
ORD-04003,2025-11-14,CUST-0332,Furniture,Cabinet,West,Ahmedabad,6,243.57,0.0,1461.42,1023.58,437.84,Credit Card,Small Business
ORD-01763,2025-11-14,CUST-0374,Home & Kitchen,Toaster,North,Chandigarh,6,91.91,0.1,496.31,334.18,162.13,Debit Card,Small Business
ORD-03304,2025-11-14,CUST-0090,Electronics,Monitor,East,Kolkata,8,613.14,0.05,4659.86,3687.5,972.36,Credit Card,Corporate
ORD-02227,2025-11-14,CUST-1032,Clothing,Backpack,West,Mumbai,3,32.69,0.15,83.36,52.58,30.78,Bank Transfer,Corporate
ORD-00613,2025-11-14,CUST-0687,Clothing,Jeans,Central,Nagpur,3,55.98,0.1,151.15,110.82,40.33,Bank Transfer,Consumer
ORD-02641,2025-11-14,CUST-0219,Office Supplies,Stapler,East,Kolkata,2,32.33,0.15,54.96,44.22,10.74,UPI,Consumer
ORD-04298,2025-11-14,CUST-0741,Electronics,Headphones,South,Bengaluru,1,514.75,0.1,463.28,333.33,129.95,Bank Transfer,Small Business
ORD-03338,2025-11-14,CUST-0580,Clothing,Jacket,West,Pune,2,59.03,0.0,118.06,84.82,33.24,UPI,Corporate
ORD-04987,2025-11-14,CUST-0225,Office Supplies,Notebook,South,Chennai,2,41.32,0.1,74.38,58.98,15.4,UPI,Consumer
ORD-03264,2025-11-15,CUST-0981,Electronics,Keyboard,South,Chennai,4,528.92,0.1,1904.11,1153.27,750.84,UPI,Small Business
ORD-02952,2025-11-15,CUST-0362,Electronics,Monitor,South,Chennai,1,525.17,0.0,525.17,360.92,164.25,UPI,Corporate
ORD-03826,2025-11-15,CUST-1114,Home & Kitchen,Blender,South,Hyderabad,5,136.1,0.05,646.48,487.26,159.22,Credit Card,Consumer
ORD-01459,2025-11-15,CUST-0369,Furniture,Cabinet,Central,Bhopal,7,283.64,0.05,1886.21,1589.71,296.5,Cash,Corporate
ORD-02053,2025-11-15,CUST-1186,Clothing,T-Shirt,East,Guwahati,5,75.02,0.0,375.1,228.45,146.65,Bank Transfer,Consumer
ORD-02117,2025-11-15,CUST-0172,Home & Kitchen,Coffee Maker,West,Ahmedabad,7,142.73,0.05,949.15,582.07,367.08,UPI,Consumer
ORD-01525,2025-11-15,CUST-0632,Office Supplies,Pen Set,West,Pune,7,38.5,0.2,215.6,173.62,41.98,Debit Card,Consumer
ORD-03271,2025-11-15,CUST-0079,Clothing,T-Shirt,West,Pune,7,75.29,0.15,447.98,384.85,63.13,Credit Card,Consumer
ORD-00720,2025-11-15,CUST-0820,Electronics,Laptop,East,Kolkata,8,312.4,0.15,2124.32,1468.36,655.96,UPI,Consumer
ORD-03675,2025-11-15,CUST-0900,Furniture,Bookshelf,West,Pune,6,209.46,0.0,1256.76,770.91,485.85,Cash,Consumer
ORD-02966,2025-11-15,CUST-0496,Home & Kitchen,Blender,East,Bhubaneswar,1,88.29,0.1,79.46,62.6,16.86,Debit Card,Consumer
ORD-00672,2025-11-15,CUST-0743,Clothing,T-Shirt,West,Pune,5,97.54,0.15,414.54,245.5,169.04,Bank Transfer,Consumer
ORD-02324,2025-11-15,CUST-0570,Office Supplies,Notebook,Central,Nagpur,2,40.49,0.15,68.83,49.0,19.83,UPI,Corporate
ORD-04182,2025-11-15,CUST-0642,Clothing,Jacket,South,Hyderabad,2,67.76,0.0,135.52,103.35,32.17,Cash,Corporate
ORD-00069,2025-11-15,CUST-0318,Furniture,Desk,West,Mumbai,5,447.29,0.1,2012.81,1227.56,785.25,UPI,Consumer
ORD-01912,2025-11-15,CUST-0756,Electronics,Monitor,Central,Nagpur,2,385.51,0.05,732.47,612.87,119.6,Debit Card,Consumer
ORD-02888,2025-11-15,CUST-0252,Office Supplies,Printer Paper,South,Chennai,8,23.71,0.1,170.71,127.17,43.54,Debit Card,Consumer
ORD-03570,2025-11-16,CUST-0013,Furniture,Office Chair,West,Pune,7,126.94,0.0,888.58,702.53,186.05,Bank Transfer,Consumer
ORD-02939,2025-11-16,CUST-1047,Office Supplies,Stapler,East,Guwahati,2,32.37,0.1,58.27,34.02,24.25,Debit Card,Consumer
ORD-04196,2025-11-16,CUST-0840,Office Supplies,Printer Paper,Central,Bhopal,4,32.43,0.0,129.72,107.67,22.05,Credit Card,Consumer
ORD-03158,2025-11-16,CUST-0513,Electronics,Laptop,North,Jaipur,2,277.27,0.2,443.63,272.23,171.4,Credit Card,Consumer
ORD-04963,2025-11-16,CUST-0546,Electronics,Monitor,Central,Indore,3,437.34,0.2,1049.62,717.69,331.93,UPI,Consumer
ORD-01219,2025-11-16,CUST-0830,Office Supplies,Printer Paper,North,Jaipur,8,36.15,0.2,231.36,198.72,32.64,Credit Card,Small Business
ORD-04776,2025-11-16,CUST-0210,Home & Kitchen,Cookware Set,West,Ahmedabad,3,97.63,0.1,263.6,177.22,86.38,UPI,Corporate
ORD-01405,2025-11-16,CUST-0520,Clothing,T-Shirt,Central,Bhopal,4,61.43,0.1,221.15,184.45,36.7,Credit Card,Corporate
ORD-04514,2025-11-16,CUST-0572,Furniture,Table,South,Bengaluru,7,263.88,0.05,1754.8,1095.84,658.96,Bank Transfer,Consumer
ORD-03599,2025-11-17,CUST-0375,Furniture,Desk,East,Bhubaneswar,8,308.1,0.05,2341.56,1869.14,472.42,UPI,Consumer
ORD-00966,2025-11-17,CUST-0584,Clothing,Jacket,South,Bengaluru,4,45.19,0.05,171.72,118.0,53.72,Bank Transfer,Consumer
ORD-04892,2025-11-17,CUST-0587,Office Supplies,Notebook,South,Hyderabad,4,28.03,0.0,112.12,74.85,37.27,Bank Transfer,Small Business
ORD-03188,2025-11-17,CUST-0497,Clothing,T-Shirt,East,Guwahati,2,58.92,0.05,111.95,65.54,46.41,UPI,Consumer
ORD-04744,2025-11-17,CUST-1138,Clothing,Jeans,Central,Indore,1,43.35,0.05,41.18,28.73,12.45,Bank Transfer,Consumer
ORD-03876,2025-11-17,CUST-0153,Clothing,Jeans,Central,Bhopal,4,27.08,0.0,108.32,64.17,44.15,Credit Card,Consumer
ORD-01376,2025-11-17,CUST-0225,Clothing,Sneakers,South,Hyderabad,5,41.53,0.0,207.65,126.39,81.26,Debit Card,Consumer
ORD-02455,2025-11-17,CUST-0541,Home & Kitchen,Coffee Maker,North,Jaipur,1,66.18,0.0,66.18,54.24,11.94,Credit Card,Small Business
ORD-03924,2025-11-17,CUST-0692,Clothing,Sneakers,South,Bengaluru,2,73.3,0.2,117.28,84.13,33.15,UPI,Consumer
ORD-00228,2025-11-17,CUST-0837,Furniture,Cabinet,South,Chennai,7,310.14,0.1,1953.88,1210.15,743.73,Credit Card,Small Business
ORD-03470,2025-11-18,CUST-0018,Furniture,Bookshelf,West,Ahmedabad,5,280.88,0.1,1263.96,951.58,312.38,UPI,Corporate
ORD-03378,2025-11-18,CUST-0333,Office Supplies,Calculator,Central,Nagpur,3,51.61,0.0,154.83,123.28,31.55,Cash,Consumer
ORD-04650,2025-11-18,CUST-0750,Clothing,T-Shirt,North,Jaipur,1,50.99,0.0,50.99,35.68,15.31,Credit Card,Consumer
ORD-01115,2025-11-18,CUST-1136,Furniture,Table,West,Ahmedabad,5,178.81,0.1,804.64,536.43,268.21,UPI,Corporate
ORD-01315,2025-11-18,CUST-1124,Office Supplies,Printer Paper,North,Chandigarh,6,41.57,0.0,249.42,187.94,61.48,UPI,Small Business
ORD-04443,2025-11-18,CUST-1170,Electronics,Monitor,South,Chennai,4,391.08,0.1,1407.89,941.42,466.47,UPI,Corporate
ORD-04017,2025-11-18,CUST-0851,Electronics,Laptop,North,Jaipur,1,496.21,0.05,471.4,319.03,152.37,Debit Card,Consumer
ORD-03733,2025-11-18,CUST-0299,Electronics,Laptop,South,Hyderabad,7,399.07,0.05,2653.82,2010.95,642.87,Debit Card,Consumer
ORD-03301,2025-11-18,CUST-0761,Electronics,Laptop,East,Guwahati,5,271.92,0.0,1359.6,1009.26,350.34,UPI,Consumer
ORD-02179,2025-11-18,CUST-0186,Clothing,Sneakers,West,Ahmedabad,5,51.82,0.0,259.1,178.94,80.16,Cash,Consumer
ORD-00586,2025-11-18,CUST-0647,Home & Kitchen,Coffee Maker,East,Kolkata,2,112.84,0.1,203.11,146.68,56.43,Credit Card,Consumer
ORD-02286,2025-11-18,CUST-0173,Office Supplies,Stapler,Central,Bhopal,6,37.6,0.1,203.04,148.6,54.44,Credit Card,Corporate
ORD-04237,2025-11-18,CUST-0342,Clothing,Backpack,South,Chennai,6,58.12,0.0,348.72,237.77,110.95,Bank Transfer,Corporate
ORD-01702,2025-11-19,CUST-1037,Clothing,Sneakers,West,Ahmedabad,8,76.26,0.05,579.58,375.07,204.51,Debit Card,Small Business
ORD-01447,2025-11-19,CUST-0976,Electronics,Laptop,North,Jaipur,4,474.23,0.0,1896.92,1107.33,789.59,UPI,Small Business
ORD-01369,2025-11-19,CUST-0044,Home & Kitchen,Vacuum Cleaner,North,Chandigarh,8,117.54,0.1,846.29,714.04,132.25,Credit Card,Consumer
ORD-02069,2025-11-19,CUST-1004,Electronics,Smartphone,North,Delhi,8,419.14,0.05,3185.46,2373.43,812.03,Debit Card,Consumer
ORD-02662,2025-11-19,CUST-0266,Furniture,Desk,North,Chandigarh,4,251.95,0.0,1007.8,690.26,317.54,Bank Transfer,Small Business
ORD-02936,2025-11-19,CUST-0393,Electronics,Keyboard,East,Guwahati,8,492.3,0.15,3347.64,1964.02,1383.62,UPI,Consumer
ORD-03706,2025-11-19,CUST-0603,Furniture,Bookshelf,North,Jaipur,1,253.36,0.15,215.36,156.92,58.44,UPI,Consumer
ORD-01420,2025-11-19,CUST-0919,Furniture,Table,South,Chennai,2,240.04,0.05,456.08,341.87,114.21,UPI,Consumer
ORD-04019,2025-11-19,CUST-0357,Home & Kitchen,Vacuum Cleaner,South,Chennai,7,176.37,0.05,1172.86,803.83,369.03,Bank Transfer,Corporate
ORD-02133,2025-11-19,CUST-0245,Office Supplies,Printer Paper,South,Chennai,5,36.76,0.1,165.42,109.03,56.39,UPI,Consumer
ORD-00562,2025-11-19,CUST-0129,Home & Kitchen,Vacuum Cleaner,West,Mumbai,3,117.57,0.0,352.71,251.94,100.77,UPI,Corporate
ORD-00681,2025-11-19,CUST-0539,Clothing,Backpack,West,Pune,7,55.62,0.0,389.34,325.51,63.83,UPI,Consumer
ORD-03950,2025-11-19,CUST-0516,Office Supplies,Printer Paper,North,Jaipur,2,34.63,0.05,65.8,39.5,26.3,Debit Card,Consumer
ORD-00614,2025-11-19,CUST-0303,Electronics,Keyboard,Central,Nagpur,2,283.97,0.05,539.54,374.24,165.3,Credit Card,Consumer
ORD-01548,2025-11-19,CUST-1029,Home & Kitchen,Vacuum Cleaner,South,Chennai,3,111.18,0.0,333.54,271.7,61.84,Debit Card,Consumer
ORD-02931,2025-11-19,CUST-0282,Electronics,Keyboard,Central,Indore,6,546.07,0.05,3112.6,1923.01,1189.59,Debit Card,Corporate
ORD-01441,2025-11-20,CUST-0036,Office Supplies,Printer Paper,North,Delhi,3,34.26,0.05,97.64,69.89,27.75,Debit Card,Consumer
ORD-02535,2025-11-20,CUST-0574,Clothing,Jacket,West,Ahmedabad,1,88.75,0.05,84.31,67.45,16.86,Cash,Consumer
ORD-03980,2025-11-20,CUST-1047,Furniture,Office Chair,South,Hyderabad,8,313.61,0.15,2132.55,1517.84,614.71,Debit Card,Consumer
ORD-02046,2025-11-20,CUST-0127,Office Supplies,Pen Set,Central,Nagpur,1,31.16,0.2,24.93,18.28,6.65,Debit Card,Corporate
ORD-02235,2025-11-20,CUST-0023,Furniture,Table,Central,Bhopal,5,296.19,0.05,1406.9,1032.56,374.34,Cash,Small Business
ORD-02580,2025-11-20,CUST-1117,Electronics,Smartphone,North,Chandigarh,1,404.22,0.0,404.22,255.48,148.74,Debit Card,Consumer
ORD-03019,2025-11-20,CUST-1200,Furniture,Table,West,Mumbai,4,296.85,0.1,1068.66,625.49,443.17,Credit Card,Small Business
ORD-03498,2025-11-20,CUST-1045,Electronics,Headphones,West,Ahmedabad,5,514.87,0.05,2445.63,1798.93,646.7,Bank Transfer,Corporate
ORD-04283,2025-11-20,CUST-0841,Clothing,Jeans,East,Kolkata,4,49.95,0.2,159.84,95.31,64.53,UPI,Corporate
ORD-01541,2025-11-21,CUST-0202,Office Supplies,Printer Paper,North,Jaipur,3,50.1,0.05,142.78,92.62,50.16,Credit Card,Consumer
ORD-03624,2025-11-21,CUST-0212,Office Supplies,Calculator,South,Chennai,2,29.03,0.0,58.06,49.77,8.29,Credit Card,Consumer
ORD-00684,2025-11-21,CUST-1071,Electronics,Keyboard,East,Guwahati,1,281.92,0.0,281.92,164.41,117.51,Bank Transfer,Consumer
ORD-00870,2025-11-21,CUST-0355,Office Supplies,Pen Set,East,Bhubaneswar,2,36.49,0.15,62.03,37.09,24.94,UPI,Corporate
ORD-04970,2025-11-21,CUST-0207,Clothing,Backpack,North,Delhi,2,37.49,0.05,71.23,57.18,14.05,Credit Card,Small Business
ORD-03878,2025-11-21,CUST-0466,Clothing,T-Shirt,East,Guwahati,3,54.49,0.05,155.3,115.82,39.48,Credit Card,Consumer
ORD-02243,2025-11-21,CUST-0686,Office Supplies,Notebook,South,Bengaluru,2,25.92,0.05,49.25,35.68,13.57,Cash,Consumer
ORD-00034,2025-11-21,CUST-0762,Office Supplies,Printer Paper,South,Chennai,4,51.38,0.0,205.52,140.76,64.76,Bank Transfer,Consumer
ORD-01129,2025-11-21,CUST-0428,Clothing,Jeans,West,Ahmedabad,5,63.86,0.15,271.41,217.69,53.72,Bank Transfer,Consumer
ORD-04140,2025-11-21,CUST-0287,Furniture,Table,North,Delhi,6,158.78,0.1,857.41,609.66,247.75,Credit Card,Consumer
ORD-02827,2025-11-22,CUST-0748,Office Supplies,Calculator,East,Kolkata,2,33.06,0.2,52.9,38.86,14.04,Debit Card,Corporate
ORD-03728,2025-11-22,CUST-0946,Home & Kitchen,Blender,South,Chennai,3,123.4,0.05,351.69,274.57,77.12,UPI,Small Business
ORD-00531,2025-11-22,CUST-1005,Furniture,Cabinet,North,Chandigarh,8,255.44,0.05,1941.34,1496.97,444.37,UPI,Consumer
ORD-00029,2025-11-22,CUST-1004,Home & Kitchen,Blender,West,Pune,7,93.21,0.05,619.85,493.15,126.7,Bank Transfer,Consumer
ORD-02704,2025-11-22,CUST-0024,Clothing,T-Shirt,North,Chandigarh,4,61.79,0.1,222.44,132.76,89.68,UPI,Consumer
ORD-02345,2025-11-22,CUST-0570,Furniture,Bookshelf,Central,Nagpur,2,375.87,0.1,676.57,396.16,280.41,Credit Card,Consumer
ORD-03768,2025-11-22,CUST-1071,Office Supplies,Notebook,Central,Nagpur,3,25.33,0.0,75.99,64.03,11.96,Credit Card,Consumer
ORD-00276,2025-11-22,CUST-1109,Electronics,Laptop,West,Pune,5,444.51,0.1,2000.3,1272.5,727.8,Debit Card,Consumer
ORD-00017,2025-11-22,CUST-0147,Clothing,T-Shirt,West,Ahmedabad,8,61.49,0.1,442.73,258.84,183.89,Debit Card,Consumer
ORD-03861,2025-11-22,CUST-0424,Furniture,Cabinet,North,Delhi,2,241.85,0.1,435.33,267.6,167.73,UPI,Consumer
ORD-02778,2025-11-22,CUST-0843,Office Supplies,Printer Paper,West,Ahmedabad,2,27.32,0.1,49.18,32.89,16.29,Debit Card,Consumer
ORD-02784,2025-11-22,CUST-0139,Electronics,Laptop,North,Jaipur,3,285.43,0.1,770.66,611.08,159.58,Cash,Corporate
ORD-00860,2025-11-22,CUST-0434,Furniture,Office Chair,Central,Bhopal,5,322.26,0.05,1530.74,1001.67,529.07,UPI,Consumer
ORD-01664,2025-11-22,CUST-0075,Furniture,Cabinet,East,Guwahati,3,487.35,0.0,1462.05,1055.54,406.51,Debit Card,Consumer
ORD-04341,2025-11-23,CUST-1090,Office Supplies,Notebook,North,Jaipur,8,21.28,0.05,161.73,114.76,46.97,Credit Card,Consumer
ORD-00240,2025-11-23,CUST-0025,Home & Kitchen,Coffee Maker,South,Bengaluru,6,97.59,0.0,585.54,460.59,124.95,UPI,Consumer
ORD-04716,2025-11-23,CUST-0109,Electronics,Headphones,South,Hyderabad,4,442.73,0.05,1682.37,1113.17,569.2,UPI,Consumer
ORD-01307,2025-11-23,CUST-0916,Office Supplies,Pen Set,North,Chandigarh,5,37.17,0.0,185.85,122.66,63.19,Credit Card,Small Business
ORD-03015,2025-11-23,CUST-1084,Home & Kitchen,Vacuum Cleaner,North,Jaipur,5,98.51,0.0,492.55,317.17,175.38,UPI,Small Business
ORD-01938,2025-11-23,CUST-0345,Home & Kitchen,Toaster,North,Chandigarh,2,169.12,0.1,304.42,190.78,113.64,Credit Card,Consumer
ORD-00082,2025-11-23,CUST-0435,Electronics,Keyboard,Central,Bhopal,1,551.91,0.0,551.91,381.51,170.4,Credit Card,Small Business
ORD-00668,2025-11-24,CUST-0521,Clothing,T-Shirt,North,Chandigarh,5,79.92,0.05,379.62,319.02,60.6,UPI,Consumer
ORD-03117,2025-11-24,CUST-0176,Clothing,T-Shirt,North,Chandigarh,2,81.4,0.0,162.8,102.4,60.4,Debit Card,Corporate
ORD-00721,2025-11-24,CUST-0393,Home & Kitchen,Cookware Set,North,Delhi,8,84.67,0.1,609.62,441.22,168.4,UPI,Small Business
ORD-04698,2025-11-24,CUST-0541,Clothing,Jeans,West,Ahmedabad,2,39.43,0.15,67.03,52.75,14.28,Credit Card,Small Business
ORD-02221,2025-11-24,CUST-0357,Home & Kitchen,Blender,North,Delhi,6,133.4,0.1,720.36,619.46,100.9,UPI,Consumer
ORD-03588,2025-11-24,CUST-0440,Electronics,Headphones,South,Chennai,6,476.1,0.05,2713.77,2247.19,466.58,UPI,Corporate
ORD-02914,2025-11-24,CUST-0254,Electronics,Smartphone,East,Bhubaneswar,4,529.42,0.0,2117.68,1382.07,735.61,Credit Card,Corporate
ORD-02262,2025-11-24,CUST-0715,Home & Kitchen,Coffee Maker,East,Guwahati,5,130.82,0.0,654.1,393.54,260.56,UPI,Corporate
ORD-01844,2025-11-24,CUST-1087,Furniture,Cabinet,West,Pune,3,260.94,0.0,782.82,469.57,313.25,Debit Card,Small Business
ORD-04777,2025-11-24,CUST-0993,Home & Kitchen,Blender,East,Bhubaneswar,8,84.55,0.1,608.76,389.13,219.63,UPI,Corporate
ORD-01024,2025-11-24,CUST-0214,Clothing,T-Shirt,Central,Nagpur,2,77.68,0.05,147.59,118.62,28.97,Bank Transfer,Corporate
ORD-02740,2025-11-24,CUST-0545,Electronics,Laptop,East,Kolkata,5,352.22,0.05,1673.04,1255.73,417.31,Credit Card,Consumer
ORD-00837,2025-11-24,CUST-0687,Clothing,Jacket,Central,Nagpur,3,88.03,0.1,237.68,185.53,52.15,Credit Card,Small Business
ORD-02792,2025-11-25,CUST-0021,Furniture,Table,South,Hyderabad,4,331.65,0.05,1260.27,801.52,458.75,Credit Card,Corporate
ORD-02561,2025-11-25,CUST-0031,Furniture,Table,West,Ahmedabad,6,258.74,0.05,1474.82,1246.51,228.31,Credit Card,Consumer
ORD-04115,2025-11-25,CUST-0341,Home & Kitchen,Toaster,South,Bengaluru,7,75.33,0.1,474.58,341.24,133.34,UPI,Consumer
ORD-03640,2025-11-25,CUST-0478,Electronics,Laptop,West,Pune,1,444.44,0.0,444.44,263.56,180.88,Credit Card,Consumer
ORD-02002,2025-11-25,CUST-1149,Electronics,Monitor,North,Jaipur,5,433.51,0.1,1950.8,1210.76,740.04,UPI,Corporate
ORD-00381,2025-11-25,CUST-0148,Furniture,Table,West,Ahmedabad,7,301.35,0.15,1793.03,1436.84,356.19,UPI,Small Business
ORD-02096,2025-11-25,CUST-1131,Electronics,Smartphone,North,Chandigarh,1,595.48,0.1,535.93,442.69,93.24,Bank Transfer,Corporate
ORD-03383,2025-11-25,CUST-0359,Electronics,Monitor,East,Bhubaneswar,8,259.25,0.0,2074.0,1373.29,700.71,Debit Card,Consumer
ORD-02528,2025-11-26,CUST-0072,Electronics,Laptop,East,Kolkata,8,219.34,0.15,1491.51,1234.79,256.72,Bank Transfer,Consumer
ORD-03404,2025-11-26,CUST-0674,Clothing,Jeans,East,Bhubaneswar,6,49.01,0.1,264.65,200.69,63.96,Cash,Consumer
ORD-02841,2025-11-26,CUST-0352,Home & Kitchen,Toaster,Central,Bhopal,2,123.42,0.0,246.84,168.06,78.78,Bank Transfer,Consumer
ORD-03906,2025-11-26,CUST-0463,Furniture,Cabinet,North,Chandigarh,3,262.01,0.15,668.13,404.65,263.48,Bank Transfer,Consumer
ORD-03505,2025-11-26,CUST-1188,Home & Kitchen,Cookware Set,West,Ahmedabad,5,126.74,0.05,602.01,412.53,189.48,Debit Card,Corporate
ORD-02699,2025-11-26,CUST-0732,Home & Kitchen,Vacuum Cleaner,East,Kolkata,1,158.79,0.0,158.79,128.94,29.85,Credit Card,Corporate
ORD-03806,2025-11-26,CUST-0928,Clothing,Sneakers,East,Kolkata,2,32.09,0.05,60.97,35.42,25.55,UPI,Consumer
ORD-02822,2025-11-26,CUST-0587,Furniture,Bookshelf,Central,Indore,7,273.31,0.1,1721.85,1115.07,606.78,Credit Card,Consumer
ORD-04979,2025-11-26,CUST-0700,Home & Kitchen,Blender,South,Bengaluru,7,124.57,0.1,784.79,664.62,120.17,Cash,Consumer
ORD-01518,2025-11-26,CUST-0930,Electronics,Monitor,South,Hyderabad,8,547.56,0.05,4161.46,3537.17,624.29,Credit Card,Small Business
ORD-02422,2025-11-26,CUST-0899,Clothing,T-Shirt,West,Ahmedabad,8,58.4,0.0,467.2,285.44,181.76,Credit Card,Consumer
ORD-04427,2025-11-26,CUST-0568,Clothing,T-Shirt,Central,Nagpur,3,59.95,0.1,161.87,107.38,54.49,Credit Card,Consumer
ORD-00913,2025-11-26,CUST-0605,Office Supplies,Printer Paper,Central,Bhopal,4,44.39,0.0,177.56,113.89,63.67,UPI,Consumer
ORD-00813,2025-11-26,CUST-1171,Furniture,Bookshelf,North,Delhi,4,177.72,0.05,675.34,499.79,175.55,Credit Card,Small Business
ORD-01117,2025-11-26,CUST-1000,Clothing,Jeans,South,Chennai,7,68.89,0.1,434.01,354.25,79.76,Credit Card,Corporate
ORD-01576,2025-11-26,CUST-0613,Electronics,Monitor,East,Guwahati,7,280.78,0.1,1768.91,1339.91,429.0,Bank Transfer,Consumer
ORD-01332,2025-11-26,CUST-1057,Office Supplies,Notebook,East,Kolkata,5,23.03,0.05,109.39,68.82,40.57,UPI,Consumer
ORD-04686,2025-11-26,CUST-0517,Clothing,Jacket,South,Hyderabad,5,62.47,0.0,312.35,222.68,89.67,Bank Transfer,Consumer
ORD-03741,2025-11-27,CUST-0522,Home & Kitchen,Toaster,West,Ahmedabad,1,126.23,0.0,126.23,84.07,42.16,UPI,Consumer
ORD-03308,2025-11-27,CUST-0354,Home & Kitchen,Vacuum Cleaner,Central,Nagpur,7,143.14,0.0,1001.98,793.96,208.02,Credit Card,Consumer
ORD-01035,2025-11-27,CUST-0194,Furniture,Table,North,Delhi,3,260.19,0.1,702.51,517.03,185.48,Debit Card,Consumer
ORD-00617,2025-11-27,CUST-0075,Home & Kitchen,Blender,West,Pune,7,130.96,0.1,825.05,526.91,298.14,UPI,Corporate
ORD-02354,2025-11-27,CUST-0595,Office Supplies,Notebook,West,Mumbai,5,30.58,0.0,152.9,114.47,38.43,Credit Card,Consumer
ORD-01272,2025-11-27,CUST-0792,Electronics,Smartphone,West,Pune,5,325.18,0.2,1300.72,896.01,404.71,UPI,Consumer
ORD-00157,2025-11-27,CUST-0406,Furniture,Desk,East,Kolkata,3,202.76,0.1,547.45,396.57,150.88,UPI,Small Business
ORD-00653,2025-11-27,CUST-1055,Electronics,Headphones,North,Chandigarh,5,97.68,0.15,415.14,328.64,86.5,Cash,Consumer
ORD-04100,2025-11-27,CUST-1096,Furniture,Table,Central,Bhopal,4,203.85,0.05,774.63,653.57,121.06,UPI,Small Business
ORD-03153,2025-11-27,CUST-0013,Clothing,Jacket,Central,Indore,8,75.05,0.1,540.36,340.75,199.61,Cash,Small Business
ORD-04384,2025-11-27,CUST-0918,Clothing,Backpack,Central,Nagpur,2,63.1,0.05,119.89,90.2,29.69,UPI,Consumer
ORD-03192,2025-11-27,CUST-0872,Electronics,Laptop,East,Kolkata,4,486.47,0.1,1751.29,1205.72,545.57,Credit Card,Consumer
ORD-03297,2025-11-27,CUST-0731,Electronics,Laptop,South,Bengaluru,5,398.6,0.05,1893.35,1487.08,406.27,Bank Transfer,Consumer
ORD-01942,2025-11-27,CUST-0140,Home & Kitchen,Toaster,Central,Bhopal,1,102.33,0.1,92.1,56.88,35.22,Debit Card,Corporate
ORD-02521,2025-11-27,CUST-0084,Electronics,Smartphone,Central,Nagpur,2,304.9,0.1,548.82,462.42,86.4,Credit Card,Corporate
ORD-04191,2025-11-27,CUST-0565,Electronics,Headphones,North,Delhi,3,304.19,0.05,866.94,550.14,316.8,Debit Card,Corporate
ORD-01034,2025-11-27,CUST-0419,Office Supplies,Notebook,East,Guwahati,1,50.45,0.15,42.88,34.78,8.1,Bank Transfer,Small Business
ORD-00065,2025-11-27,CUST-0243,Electronics,Headphones,West,Pune,6,356.78,0.15,1819.58,1096.23,723.35,Credit Card,Corporate
ORD-01745,2025-11-28,CUST-0222,Furniture,Cabinet,West,Ahmedabad,3,257.9,0.1,696.33,555.93,140.4,Credit Card,Consumer
ORD-02988,2025-11-28,CUST-0072,Furniture,Desk,West,Pune,8,226.89,0.15,1542.85,1297.03,245.82,Credit Card,Corporate
ORD-03086,2025-11-28,CUST-0909,Electronics,Headphones,North,Jaipur,6,208.61,0.05,1189.08,796.95,392.13,Cash,Corporate
ORD-04570,2025-11-28,CUST-0429,Clothing,Jeans,East,Bhubaneswar,7,79.89,0.15,475.35,315.79,159.56,Bank Transfer,Consumer
ORD-01724,2025-11-28,CUST-0869,Home & Kitchen,Blender,West,Pune,3,123.17,0.0,369.51,238.85,130.66,Debit Card,Consumer
ORD-03687,2025-11-28,CUST-1182,Home & Kitchen,Cookware Set,North,Chandigarh,5,129.69,0.15,551.18,399.64,151.54,Bank Transfer,Consumer
ORD-00220,2025-11-28,CUST-0445,Office Supplies,Calculator,North,Chandigarh,8,46.64,0.15,317.15,247.35,69.8,Debit Card,Small Business
ORD-04869,2025-11-28,CUST-1166,Home & Kitchen,Cookware Set,North,Jaipur,2,133.51,0.1,240.32,187.36,52.96,Cash,Small Business
ORD-04056,2025-11-28,CUST-0567,Home & Kitchen,Cookware Set,North,Chandigarh,8,49.88,0.05,379.09,275.9,103.19,Bank Transfer,Consumer
ORD-02938,2025-11-28,CUST-1119,Electronics,Keyboard,West,Pune,3,484.62,0.1,1308.47,929.96,378.51,Credit Card,Small Business
ORD-04330,2025-11-28,CUST-0375,Home & Kitchen,Vacuum Cleaner,Central,Nagpur,2,133.8,0.2,214.08,138.96,75.12,Credit Card,Corporate
ORD-04258,2025-11-28,CUST-0656,Electronics,Laptop,North,Jaipur,4,564.77,0.05,2146.13,1495.36,650.77,Bank Transfer,Corporate
ORD-04737,2025-11-28,CUST-0027,Office Supplies,Printer Paper,South,Bengaluru,4,28.99,0.0,115.96,95.17,20.79,Credit Card,Corporate
ORD-00902,2025-11-28,CUST-0475,Electronics,Headphones,South,Chennai,8,400.47,0.0,3203.76,2489.65,714.11,UPI,Corporate
ORD-03534,2025-11-28,CUST-1066,Home & Kitchen,Toaster,North,Delhi,7,45.24,0.05,300.85,208.75,92.1,UPI,Corporate
ORD-00707,2025-11-29,CUST-0797,Office Supplies,Pen Set,West,Mumbai,6,38.95,0.1,210.33,141.67,68.66,Debit Card,Consumer
ORD-00868,2025-11-29,CUST-0740,Office Supplies,Pen Set,Central,Bhopal,1,35.13,0.15,29.86,24.88,4.98,UPI,Small Business
ORD-03373,2025-11-29,CUST-1054,Electronics,Smartphone,West,Pune,1,483.16,0.0,483.16,298.62,184.54,Cash,Consumer
ORD-04937,2025-11-29,CUST-0984,Clothing,T-Shirt,North,Delhi,4,74.12,0.05,281.66,211.31,70.35,Bank Transfer,Corporate
ORD-00603,2025-11-29,CUST-0415,Home & Kitchen,Blender,North,Jaipur,7,134.31,0.15,799.14,584.69,214.45,UPI,Corporate
ORD-01108,2025-11-29,CUST-0934,Furniture,Table,Central,Bhopal,6,239.19,0.05,1363.38,1084.16,279.22,Bank Transfer,Small Business
ORD-02250,2025-11-29,CUST-0189,Electronics,Smartphone,South,Hyderabad,7,294.56,0.1,1855.73,1276.13,579.6,Debit Card,Consumer
ORD-02932,2025-11-29,CUST-0823,Office Supplies,Pen Set,North,Chandigarh,1,34.66,0.1,31.19,23.48,7.71,Cash,Consumer
ORD-00723,2025-11-29,CUST-0886,Office Supplies,Pen Set,South,Bengaluru,8,33.83,0.0,270.64,214.26,56.38,Credit Card,Consumer
ORD-01390,2025-11-29,CUST-0219,Office Supplies,Printer Paper,North,Delhi,7,49.63,0.1,312.67,184.71,127.96,UPI,Small Business
ORD-02659,2025-11-29,CUST-0542,Office Supplies,Stapler,East,Kolkata,5,29.91,0.0,149.55,93.22,56.33,Bank Transfer,Small Business
ORD-02296,2025-11-29,CUST-0018,Home & Kitchen,Coffee Maker,West,Mumbai,5,91.12,0.0,455.6,352.87,102.73,UPI,Corporate
ORD-03430,2025-11-29,CUST-1049,Electronics,Laptop,Central,Nagpur,4,444.34,0.05,1688.49,1166.16,522.33,Bank Transfer,Consumer
ORD-03305,2025-11-29,CUST-1141,Clothing,Sneakers,South,Hyderabad,4,34.45,0.0,137.8,106.93,30.87,Bank Transfer,Small Business
ORD-03504,2025-11-29,CUST-0597,Electronics,Keyboard,Central,Nagpur,5,421.09,0.05,2000.18,1539.79,460.39,UPI,Consumer
ORD-00422,2025-11-29,CUST-0528,Clothing,Jeans,East,Bhubaneswar,6,46.18,0.05,263.23,226.12,37.11,UPI,Corporate
ORD-01393,2025-11-29,CUST-0299,Office Supplies,Notebook,East,Kolkata,4,47.83,0.0,191.32,155.8,35.52,Bank Transfer,Consumer
ORD-03075,2025-11-29,CUST-0326,Office Supplies,Notebook,West,Mumbai,4,27.07,0.2,86.62,55.46,31.16,Bank Transfer,Small Business
ORD-04435,2025-11-29,CUST-0944,Electronics,Keyboard,North,Chandigarh,2,542.69,0.15,922.57,573.67,348.9,Bank Transfer,Small Business
ORD-00154,2025-11-29,CUST-0208,Office Supplies,Stapler,South,Bengaluru,5,33.35,0.1,150.08,95.49,54.59,UPI,Consumer
ORD-01900,2025-11-29,CUST-0401,Home & Kitchen,Cookware Set,North,Jaipur,1,103.03,0.15,87.58,68.84,18.74,Credit Card,Consumer
ORD-00130,2025-11-30,CUST-1005,Electronics,Keyboard,South,Chennai,2,272.66,0.0,545.32,446.74,98.58,UPI,Consumer
ORD-03229,2025-11-30,CUST-0010,Home & Kitchen,Vacuum Cleaner,East,Bhubaneswar,3,120.87,0.15,308.22,208.47,99.75,Bank Transfer,Consumer
ORD-01767,2025-11-30,CUST-0883,Furniture,Cabinet,West,Ahmedabad,5,224.49,0.1,1010.2,813.49,196.71,Debit Card,Consumer
ORD-00417,2025-11-30,CUST-0658,Home & Kitchen,Vacuum Cleaner,South,Chennai,1,153.17,0.0,153.17,128.64,24.53,UPI,Consumer
ORD-03923,2025-11-30,CUST-0002,Electronics,Monitor,North,Delhi,8,557.03,0.0,4456.24,3097.67,1358.57,Bank Transfer,Corporate
ORD-02613,2025-11-30,CUST-1110,Office Supplies,Calculator,East,Bhubaneswar,2,39.82,0.15,67.69,52.53,15.16,UPI,Consumer
ORD-02555,2025-11-30,CUST-0657,Furniture,Desk,West,Ahmedabad,8,251.07,0.1,1807.7,1466.76,340.94,Debit Card,Consumer
ORD-00519,2025-11-30,CUST-0770,Office Supplies,Calculator,West,Pune,5,47.2,0.0,236.0,140.9,95.1,Credit Card,Consumer
ORD-00134,2025-11-30,CUST-0282,Office Supplies,Stapler,East,Kolkata,2,21.76,0.0,43.52,28.06,15.46,Credit Card,Consumer
ORD-02023,2025-11-30,CUST-0785,Home & Kitchen,Toaster,South,Hyderabad,5,86.05,0.0,430.25,282.43,147.82,Credit Card,Consumer
ORD-00926,2025-11-30,CUST-0217,Furniture,Bookshelf,West,Mumbai,1,280.87,0.0,280.87,173.19,107.68,UPI,Corporate
ORD-04782,2025-11-30,CUST-0231,Furniture,Bookshelf,South,Bengaluru,4,300.5,0.15,1021.7,852.58,169.12,UPI,Consumer
ORD-04503,2025-11-30,CUST-0040,Clothing,T-Shirt,East,Guwahati,5,49.78,0.0,248.9,168.47,80.43,Credit Card,Consumer
ORD-04918,2025-11-30,CUST-0067,Clothing,Jacket,Central,Nagpur,6,43.34,0.1,234.04,175.39,58.65,Bank Transfer,Corporate
ORD-04162,2025-11-30,CUST-1015,Office Supplies,Calculator,South,Bengaluru,2,42.19,0.15,71.72,47.52,24.2,Credit Card,Consumer
ORD-01425,2025-11-30,CUST-0146,Clothing,Backpack,West,Ahmedabad,1,63.6,0.0,63.6,37.51,26.09,Debit Card,Consumer
ORD-04256,2025-12-01,CUST-0021,Electronics,Headphones,East,Guwahati,6,463.03,0.0,2778.18,2178.35,599.83,UPI,Consumer
ORD-04822,2025-12-01,CUST-0486,Electronics,Laptop,Central,Bhopal,5,575.05,0.1,2587.72,1745.0,842.72,UPI,Consumer
ORD-02311,2025-12-01,CUST-0140,Office Supplies,Printer Paper,South,Hyderabad,1,39.53,0.05,37.55,30.37,7.18,UPI,Corporate
ORD-02746,2025-12-01,CUST-0472,Furniture,Table,North,Jaipur,4,175.17,0.0,700.68,452.22,248.46,Debit Card,Small Business
ORD-02798,2025-12-01,CUST-1099,Electronics,Monitor,East,Bhubaneswar,6,390.42,0.1,2108.27,1702.28,405.99,Bank Transfer,Consumer
ORD-02510,2025-12-01,CUST-0363,Furniture,Desk,East,Kolkata,2,281.94,0.0,563.88,444.25,119.63,UPI,Corporate
ORD-02020,2025-12-01,CUST-1139,Furniture,Desk,Central,Indore,6,294.07,0.05,1676.2,1385.5,290.7,Credit Card,Consumer
ORD-00458,2025-12-01,CUST-0548,Office Supplies,Printer Paper,Central,Nagpur,4,50.41,0.2,161.31,126.74,34.57,Credit Card,Consumer
ORD-01083,2025-12-01,CUST-0614,Clothing,Sneakers,Central,Bhopal,4,46.55,0.1,167.58,131.27,36.31,UPI,Consumer
ORD-01203,2025-12-01,CUST-1169,Furniture,Desk,West,Mumbai,7,311.72,0.15,1854.73,1453.2,401.53,UPI,Corporate
ORD-00803,2025-12-01,CUST-0408,Electronics,Laptop,East,Guwahati,7,503.23,0.0,3522.61,2631.15,891.46,Debit Card,Consumer
ORD-04780,2025-12-01,CUST-0199,Office Supplies,Printer Paper,West,Ahmedabad,6,43.02,0.15,219.4,152.31,67.09,Debit Card,Corporate
ORD-00717,2025-12-02,CUST-0457,Electronics,Keyboard,Central,Nagpur,3,564.01,0.05,1607.43,932.89,674.54,UPI,Consumer
ORD-01362,2025-12-02,CUST-0032,Home & Kitchen,Toaster,Central,Nagpur,2,92.75,0.05,176.22,129.06,47.16,UPI,Corporate
ORD-02869,2025-12-02,CUST-0171,Clothing,T-Shirt,Central,Nagpur,3,71.39,0.0,214.17,131.3,82.87,UPI,Corporate
ORD-04012,2025-12-02,CUST-0791,Clothing,T-Shirt,East,Kolkata,4,21.79,0.1,78.44,49.97,28.47,Credit Card,Consumer
ORD-02870,2025-12-02,CUST-0027,Electronics,Laptop,West,Ahmedabad,4,417.27,0.15,1418.72,1124.41,294.31,Debit Card,Corporate
ORD-01168,2025-12-02,CUST-0419,Furniture,Cabinet,West,Mumbai,1,279.38,0.1,251.44,150.34,101.1,UPI,Corporate
ORD-00429,2025-12-02,CUST-0021,Furniture,Desk,East,Kolkata,4,244.65,0.05,929.67,693.84,235.83,UPI,Corporate
ORD-01436,2025-12-02,CUST-0854,Clothing,Sneakers,West,Mumbai,7,36.34,0.0,254.38,158.62,95.76,UPI,Corporate
ORD-02174,2025-12-02,CUST-0756,Home & Kitchen,Coffee Maker,North,Delhi,4,64.15,0.05,243.77,202.91,40.86,Debit Card,Consumer
ORD-03526,2025-12-02,CUST-0778,Furniture,Cabinet,North,Jaipur,6,323.01,0.1,1744.25,1017.64,726.61,Cash,Consumer
ORD-04137,2025-12-02,CUST-0329,Home & Kitchen,Coffee Maker,North,Jaipur,2,92.21,0.0,184.42,139.11,45.31,UPI,Corporate
ORD-03764,2025-12-02,CUST-0301,Office Supplies,Printer Paper,North,Jaipur,3,33.86,0.0,101.58,62.02,39.56,Debit Card,Small Business
ORD-04860,2025-12-02,CUST-0008,Furniture,Office Chair,East,Bhubaneswar,6,241.38,0.1,1303.45,952.84,350.61,Bank Transfer,Small Business
ORD-01382,2025-12-02,CUST-0786,Office Supplies,Printer Paper,South,Hyderabad,4,44.93,0.1,161.75,111.49,50.26,Bank Transfer,Consumer
ORD-03494,2025-12-02,CUST-0071,Electronics,Laptop,South,Bengaluru,2,253.49,0.0,506.98,379.33,127.65,Cash,Corporate
ORD-00160,2025-12-02,CUST-0483,Home & Kitchen,Vacuum Cleaner,North,Jaipur,6,103.69,0.15,528.82,353.73,175.09,Debit Card,Consumer
ORD-04612,2025-12-03,CUST-0638,Furniture,Table,West,Pune,6,294.12,0.0,1764.72,1169.01,595.71,Bank Transfer,Corporate
ORD-01929,2025-12-03,CUST-0320,Clothing,T-Shirt,Central,Bhopal,1,64.49,0.2,51.59,31.44,20.15,Credit Card,Consumer
ORD-04186,2025-12-03,CUST-0234,Electronics,Headphones,Central,Nagpur,6,302.27,0.1,1632.26,1028.65,603.61,UPI,Consumer
ORD-04620,2025-12-03,CUST-0670,Electronics,Keyboard,Central,Nagpur,5,537.9,0.1,2420.55,2009.46,411.09,Debit Card,Consumer
ORD-01581,2025-12-03,CUST-0628,Office Supplies,Notebook,East,Kolkata,4,37.74,0.2,120.77,84.89,35.88,UPI,Small Business
ORD-02865,2025-12-03,CUST-0774,Electronics,Monitor,West,Pune,5,557.09,0.15,2367.63,2000.62,367.01,UPI,Small Business
ORD-04667,2025-12-03,CUST-1132,Electronics,Monitor,Central,Nagpur,8,523.63,0.0,4189.04,2507.92,1681.12,UPI,Consumer
ORD-03535,2025-12-03,CUST-1067,Clothing,Jacket,North,Chandigarh,3,78.74,0.1,212.6,144.5,68.1,UPI,Corporate
ORD-02889,2025-12-03,CUST-0822,Electronics,Laptop,East,Bhubaneswar,4,631.61,0.0,2526.44,1625.72,900.72,Credit Card,Consumer
ORD-01650,2025-12-03,CUST-0644,Clothing,Sneakers,South,Hyderabad,3,61.06,0.15,155.7,128.84,26.86,UPI,Consumer
ORD-04458,2025-12-03,CUST-0274,Furniture,Office Chair,North,Delhi,4,268.8,0.05,1021.44,672.41,349.03,Credit Card,Consumer
ORD-03632,2025-12-03,CUST-0275,Office Supplies,Calculator,West,Mumbai,4,47.92,0.1,172.51,129.43,43.08,Credit Card,Consumer
ORD-04399,2025-12-03,CUST-0204,Office Supplies,Notebook,Central,Bhopal,8,28.06,0.0,224.48,146.9,77.58,UPI,Corporate
ORD-03459,2025-12-03,CUST-0021,Furniture,Cabinet,East,Kolkata,5,280.19,0.0,1400.95,997.93,403.02,Debit Card,Corporate
ORD-00255,2025-12-03,CUST-0541,Electronics,Headphones,South,Chennai,4,353.35,0.15,1201.39,786.51,414.88,UPI,Small Business
ORD-04669,2025-12-04,CUST-0323,Furniture,Office Chair,West,Mumbai,5,353.24,0.05,1677.89,1322.44,355.45,UPI,Corporate
ORD-03469,2025-12-04,CUST-0401,Furniture,Office Chair,South,Chennai,5,267.42,0.15,1136.54,963.29,173.25,Cash,Small Business
ORD-02584,2025-12-04,CUST-0395,Clothing,Jacket,East,Guwahati,3,63.44,0.15,161.77,109.63,52.14,Debit Card,Small Business
ORD-00021,2025-12-04,CUST-0801,Clothing,Backpack,South,Chennai,2,75.74,0.0,151.48,118.07,33.41,UPI,Consumer
ORD-03313,2025-12-04,CUST-0228,Office Supplies,Pen Set,East,Guwahati,7,25.05,0.05,166.58,142.9,23.68,Credit Card,Consumer
ORD-01388,2025-12-04,CUST-1162,Electronics,Headphones,South,Chennai,1,742.78,0.0,742.78,567.23,175.55,UPI,Consumer
ORD-00810,2025-12-04,CUST-0594,Home & Kitchen,Toaster,East,Kolkata,4,101.13,0.0,404.52,241.59,162.93,Cash,Small Business
ORD-04502,2025-12-04,CUST-1085,Home & Kitchen,Blender,North,Jaipur,5,83.85,0.1,377.32,284.46,92.86,Debit Card,Small Business
ORD-01940,2025-12-04,CUST-0577,Office Supplies,Calculator,South,Chennai,3,39.81,0.1,107.49,74.33,33.16,UPI,Consumer
ORD-00529,2025-12-04,CUST-0281,Electronics,Keyboard,East,Guwahati,3,351.08,0.1,947.92,810.56,137.36,Cash,Corporate
ORD-01006,2025-12-04,CUST-0837,Office Supplies,Printer Paper,West,Pune,6,36.67,0.15,187.02,152.86,34.16,Debit Card,Consumer
ORD-04551,2025-12-05,CUST-0180,Home & Kitchen,Cookware Set,West,Ahmedabad,8,157.32,0.05,1195.63,714.38,481.25,Cash,Consumer
ORD-04440,2025-12-05,CUST-1088,Home & Kitchen,Cookware Set,North,Delhi,2,100.35,0.15,170.6,102.26,68.34,UPI,Small Business
ORD-01253,2025-12-05,CUST-0088,Electronics,Keyboard,East,Guwahati,3,430.05,0.0,1290.15,810.58,479.57,UPI,Small Business
ORD-04820,2025-12-05,CUST-1077,Electronics,Monitor,East,Guwahati,4,584.54,0.15,1987.44,1477.13,510.31,Credit Card,Small Business
ORD-00729,2025-12-05,CUST-1101,Clothing,Jacket,West,Ahmedabad,7,59.86,0.0,419.02,253.82,165.2,Debit Card,Consumer
ORD-03746,2025-12-05,CUST-0841,Furniture,Desk,West,Pune,4,228.87,0.0,915.48,535.65,379.83,Debit Card,Corporate
ORD-04381,2025-12-05,CUST-0062,Clothing,Jacket,East,Bhubaneswar,4,62.58,0.1,225.29,178.59,46.7,Cash,Small Business
ORD-01738,2025-12-05,CUST-0004,Office Supplies,Printer Paper,South,Bengaluru,5,38.82,0.0,194.1,162.6,31.5,Debit Card,Consumer
ORD-01549,2025-12-05,CUST-1112,Home & Kitchen,Toaster,West,Ahmedabad,8,98.37,0.05,747.61,493.27,254.34,Credit Card,Consumer
ORD-02614,2025-12-05,CUST-0903,Home & Kitchen,Vacuum Cleaner,East,Guwahati,1,107.1,0.0,107.1,68.33,38.77,Cash,Small Business
ORD-00329,2025-12-05,CUST-0943,Clothing,T-Shirt,North,Jaipur,1,78.46,0.0,78.46,61.0,17.46,UPI,Small Business
ORD-00997,2025-12-05,CUST-0475,Clothing,Backpack,North,Jaipur,5,72.21,0.05,343.0,211.17,131.83,UPI,Consumer
ORD-01324,2025-12-05,CUST-0769,Office Supplies,Stapler,North,Jaipur,2,37.53,0.0,75.06,50.28,24.78,Cash,Consumer
ORD-01514,2025-12-05,CUST-1172,Home & Kitchen,Cookware Set,South,Hyderabad,1,106.73,0.05,101.39,69.9,31.49,UPI,Corporate
ORD-00414,2025-12-05,CUST-0623,Clothing,Backpack,East,Guwahati,2,64.39,0.0,128.78,88.64,40.14,Bank Transfer,Small Business
ORD-01582,2025-12-05,CUST-0419,Furniture,Office Chair,North,Delhi,1,296.69,0.05,281.86,203.51,78.35,Cash,Consumer
ORD-00261,2025-12-05,CUST-0491,Office Supplies,Printer Paper,East,Kolkata,3,35.19,0.15,89.73,56.16,33.57,Cash,Small Business
ORD-02181,2025-12-06,CUST-0719,Electronics,Smartphone,Central,Indore,3,541.78,0.0,1625.34,1227.91,397.43,Credit Card,Consumer
ORD-01588,2025-12-06,CUST-1121,Electronics,Monitor,South,Hyderabad,4,504.67,0.0,2018.68,1415.36,603.32,Debit Card,Consumer
ORD-01133,2025-12-06,CUST-0607,Home & Kitchen,Coffee Maker,North,Jaipur,7,154.9,0.0,1084.3,661.23,423.07,Bank Transfer,Small Business
ORD-04602,2025-12-06,CUST-0516,Office Supplies,Stapler,West,Mumbai,6,25.98,0.05,148.09,113.4,34.69,Credit Card,Consumer
ORD-00667,2025-12-06,CUST-1113,Home & Kitchen,Vacuum Cleaner,Central,Nagpur,1,105.24,0.1,94.72,58.93,35.79,UPI,Corporate
ORD-03576,2025-12-06,CUST-0051,Electronics,Laptop,West,Pune,8,426.9,0.0,3415.2,2886.78,528.42,Bank Transfer,Consumer
ORD-03054,2025-12-06,CUST-0603,Office Supplies,Stapler,West,Pune,7,43.85,0.05,291.6,203.75,87.85,Credit Card,Consumer
ORD-04339,2025-12-06,CUST-0930,Office Supplies,Stapler,South,Hyderabad,4,43.44,0.15,147.7,86.27,61.43,Credit Card,Consumer
ORD-04221,2025-12-06,CUST-0972,Furniture,Cabinet,Central,Nagpur,6,118.88,0.05,677.62,480.09,197.53,Bank Transfer,Corporate
ORD-01615,2025-12-06,CUST-1187,Clothing,T-Shirt,South,Bengaluru,2,71.86,0.15,122.16,104.07,18.09,Cash,Consumer
ORD-01606,2025-12-06,CUST-1117,Home & Kitchen,Vacuum Cleaner,Central,Indore,7,86.78,0.1,546.71,366.32,180.39,Credit Card,Consumer
ORD-00435,2025-12-06,CUST-0144,Furniture,Bookshelf,South,Hyderabad,8,192.91,0.0,1543.28,1121.28,422.0,Cash,Small Business
ORD-00625,2025-12-06,CUST-0454,Office Supplies,Calculator,North,Chandigarh,8,35.92,0.0,287.36,177.05,110.31,Bank Transfer,Corporate
ORD-03173,2025-12-07,CUST-0744,Home & Kitchen,Toaster,South,Chennai,5,132.92,0.15,564.91,381.45,183.46,Bank Transfer,Consumer
ORD-03928,2025-12-07,CUST-0877,Clothing,T-Shirt,Central,Nagpur,3,80.57,0.0,241.71,143.08,98.63,UPI,Consumer
ORD-02165,2025-12-07,CUST-0431,Electronics,Smartphone,West,Mumbai,8,465.63,0.0,3725.04,2381.85,1343.19,Credit Card,Consumer
ORD-01505,2025-12-07,CUST-0131,Clothing,Jacket,North,Chandigarh,2,64.11,0.05,121.81,101.02,20.79,Bank Transfer,Small Business
ORD-00788,2025-12-07,CUST-0731,Home & Kitchen,Cookware Set,North,Jaipur,1,112.77,0.05,107.13,67.04,40.09,Credit Card,Consumer
ORD-01122,2025-12-07,CUST-0823,Home & Kitchen,Blender,South,Chennai,8,107.3,0.0,858.4,527.66,330.74,Cash,Consumer
ORD-02313,2025-12-07,CUST-0396,Electronics,Laptop,Central,Indore,8,441.34,0.05,3354.18,2766.03,588.15,Bank Transfer,Small Business
ORD-02838,2025-12-07,CUST-0170,Office Supplies,Pen Set,Central,Indore,3,24.42,0.0,73.26,57.96,15.3,Bank Transfer,Consumer
ORD-02305,2025-12-07,CUST-0778,Clothing,Jeans,North,Chandigarh,2,73.59,0.15,125.1,78.69,46.41,Credit Card,Consumer
ORD-00885,2025-12-07,CUST-0168,Electronics,Monitor,North,Jaipur,8,511.18,0.0,4089.44,3076.34,1013.1,Bank Transfer,Consumer
ORD-03516,2025-12-07,CUST-0385,Electronics,Laptop,East,Guwahati,6,343.53,0.15,1752.0,1241.6,510.4,Bank Transfer,Consumer
ORD-02791,2025-12-07,CUST-0697,Electronics,Monitor,South,Hyderabad,6,595.74,0.05,3395.72,2454.75,940.97,UPI,Consumer
ORD-01962,2025-12-07,CUST-0425,Office Supplies,Printer Paper,West,Ahmedabad,1,24.59,0.1,22.13,16.71,5.42,Credit Card,Consumer
ORD-00232,2025-12-07,CUST-0139,Furniture,Bookshelf,South,Bengaluru,6,153.61,0.1,829.49,535.69,293.8,UPI,Consumer
ORD-03769,2025-12-07,CUST-0643,Home & Kitchen,Blender,Central,Indore,6,140.62,0.0,843.72,628.15,215.57,Credit Card,Corporate
ORD-03651,2025-12-07,CUST-0092,Office Supplies,Pen Set,East,Kolkata,5,27.53,0.15,117.0,80.89,36.11,Cash,Small Business
ORD-03575,2025-12-08,CUST-1041,Home & Kitchen,Toaster,East,Kolkata,2,182.44,0.05,346.64,239.7,106.94,Credit Card,Consumer
ORD-02322,2025-12-08,CUST-0505,Electronics,Smartphone,East,Kolkata,5,323.19,0.15,1373.56,871.6,501.96,Bank Transfer,Consumer
ORD-01911,2025-12-08,CUST-0543,Office Supplies,Stapler,North,Delhi,7,19.33,0.0,135.31,79.38,55.93,Debit Card,Corporate
ORD-03824,2025-12-08,CUST-0432,Electronics,Smartphone,East,Guwahati,8,306.45,0.1,2206.44,1550.27,656.17,Bank Transfer,Consumer
ORD-04534,2025-12-08,CUST-0978,Furniture,Office Chair,South,Hyderabad,4,325.66,0.0,1302.64,1022.7,279.94,Credit Card,Corporate
ORD-00091,2025-12-08,CUST-0821,Office Supplies,Stapler,Central,Indore,5,27.14,0.1,122.13,79.41,42.72,Credit Card,Small Business
ORD-03870,2025-12-08,CUST-0403,Electronics,Headphones,North,Jaipur,5,607.63,0.2,2430.52,1985.94,444.58,UPI,Consumer
ORD-03663,2025-12-08,CUST-0017,Furniture,Bookshelf,East,Guwahati,3,241.59,0.15,616.05,442.68,173.37,UPI,Consumer
ORD-02067,2025-12-08,CUST-0791,Office Supplies,Notebook,South,Chennai,2,31.92,0.05,60.65,46.38,14.27,UPI,Corporate
ORD-03708,2025-12-08,CUST-0544,Office Supplies,Stapler,Central,Nagpur,5,26.82,0.1,120.69,72.67,48.02,UPI,Corporate
ORD-02462,2025-12-08,CUST-0850,Furniture,Cabinet,Central,Nagpur,4,388.8,0.05,1477.44,1062.18,415.26,Credit Card,Consumer
ORD-00724,2025-12-08,CUST-0260,Office Supplies,Printer Paper,Central,Nagpur,3,31.31,0.15,79.84,63.13,16.71,Credit Card,Corporate
ORD-02506,2025-12-08,CUST-0587,Electronics,Headphones,West,Pune,7,525.29,0.0,3677.03,2421.34,1255.69,UPI,Consumer
ORD-04630,2025-12-08,CUST-0167,Electronics,Keyboard,West,Mumbai,1,473.3,0.0,473.3,301.36,171.94,UPI,Corporate
ORD-03890,2025-12-09,CUST-0878,Clothing,Jeans,Central,Indore,6,57.87,0.2,277.78,221.16,56.62,Bank Transfer,Corporate
ORD-03355,2025-12-09,CUST-0866,Office Supplies,Pen Set,East,Kolkata,3,41.69,0.0,125.07,86.57,38.5,UPI,Consumer
ORD-02454,2025-12-09,CUST-0383,Office Supplies,Calculator,South,Chennai,3,37.55,0.15,95.75,76.82,18.93,Credit Card,Corporate
ORD-01331,2025-12-09,CUST-0811,Furniture,Desk,East,Bhubaneswar,5,344.29,0.0,1721.45,1144.35,577.1,UPI,Consumer
ORD-02045,2025-12-09,CUST-0005,Office Supplies,Calculator,North,Chandigarh,8,52.03,0.1,374.62,320.56,54.06,Cash,Consumer
ORD-03319,2025-12-09,CUST-1006,Home & Kitchen,Vacuum Cleaner,North,Chandigarh,7,54.35,0.0,380.45,271.81,108.64,Debit Card,Corporate
ORD-01849,2025-12-09,CUST-0738,Furniture,Cabinet,South,Hyderabad,3,342.52,0.05,976.18,786.73,189.45,Credit Card,Consumer
ORD-00484,2025-12-09,CUST-1188,Furniture,Cabinet,West,Mumbai,4,221.03,0.2,707.3,582.25,125.05,UPI,Consumer
ORD-01642,2025-12-09,CUST-0996,Home & Kitchen,Blender,South,Bengaluru,8,122.7,0.0,981.6,783.94,197.66,UPI,Consumer
ORD-03372,2025-12-09,CUST-0576,Clothing,Jeans,Central,Indore,5,52.2,0.0,261.0,169.52,91.48,UPI,Small Business
ORD-00889,2025-12-09,CUST-0269,Electronics,Laptop,Central,Bhopal,6,478.6,0.0,2871.6,1713.22,1158.38,UPI,Consumer
ORD-01395,2025-12-09,CUST-1145,Clothing,Sneakers,East,Guwahati,2,55.84,0.1,100.51,64.46,36.05,Credit Card,Consumer
ORD-00955,2025-12-09,CUST-0454,Office Supplies,Calculator,East,Bhubaneswar,7,27.01,0.0,189.07,115.09,73.98,Bank Transfer,Small Business
ORD-02744,2025-12-10,CUST-0560,Electronics,Keyboard,West,Ahmedabad,8,470.47,0.15,3199.2,2504.38,694.82,UPI,Small Business
ORD-00103,2025-12-10,CUST-0226,Home & Kitchen,Blender,North,Delhi,4,149.53,0.15,508.4,361.41,146.99,Credit Card,Small Business
ORD-01466,2025-12-10,CUST-0924,Home & Kitchen,Cookware Set,Central,Indore,1,114.64,0.0,114.64,81.97,32.67,Cash,Corporate
ORD-03266,2025-12-10,CUST-0303,Clothing,Jeans,East,Guwahati,1,49.74,0.1,44.77,31.45,13.32,Debit Card,Consumer
ORD-03943,2025-12-10,CUST-0818,Electronics,Laptop,West,Pune,4,273.8,0.1,985.68,816.73,168.95,Bank Transfer,Consumer
ORD-01418,2025-12-10,CUST-0585,Electronics,Headphones,Central,Indore,2,510.48,0.1,918.86,711.97,206.89,Credit Card,Small Business
ORD-02346,2025-12-10,CUST-0223,Home & Kitchen,Blender,North,Delhi,6,90.69,0.15,462.52,276.41,186.11,Credit Card,Consumer
ORD-02333,2025-12-10,CUST-0058,Clothing,Backpack,Central,Nagpur,6,60.11,0.0,360.66,213.68,146.98,Credit Card,Small Business
ORD-02129,2025-12-10,CUST-0139,Home & Kitchen,Vacuum Cleaner,West,Ahmedabad,5,82.78,0.0,413.9,271.74,142.16,Credit Card,Corporate
ORD-01080,2025-12-10,CUST-0760,Furniture,Bookshelf,North,Jaipur,8,300.56,0.1,2164.03,1508.1,655.93,Credit Card,Small Business
ORD-00587,2025-12-10,CUST-0758,Electronics,Monitor,East,Bhubaneswar,5,447.59,0.2,1790.36,1039.5,750.86,Credit Card,Small Business
ORD-04127,2025-12-11,CUST-1082,Home & Kitchen,Blender,North,Delhi,2,98.04,0.05,186.28,146.2,40.08,UPI,Small Business
ORD-03480,2025-12-11,CUST-0491,Home & Kitchen,Vacuum Cleaner,West,Pune,3,135.57,0.05,386.37,307.02,79.35,UPI,Consumer
ORD-02312,2025-12-11,CUST-0984,Office Supplies,Calculator,East,Guwahati,6,29.38,0.0,176.28,102.79,73.49,Cash,Consumer
ORD-03936,2025-12-11,CUST-0962,Furniture,Desk,Central,Nagpur,5,289.61,0.05,1375.65,995.54,380.11,Credit Card,Consumer
ORD-02443,2025-12-11,CUST-0332,Home & Kitchen,Cookware Set,East,Guwahati,4,135.48,0.0,541.92,365.98,175.94,UPI,Small Business
ORD-03743,2025-12-11,CUST-0270,Office Supplies,Notebook,West,Mumbai,2,39.92,0.0,79.84,49.03,30.81,Bank Transfer,Corporate
ORD-00823,2025-12-11,CUST-0684,Electronics,Keyboard,Central,Bhopal,4,573.16,0.0,2292.64,1579.14,713.5,UPI,Consumer
ORD-00358,2025-12-11,CUST-0573,Office Supplies,Pen Set,South,Chennai,4,35.93,0.0,143.72,116.62,27.1,Cash,Consumer
ORD-00428,2025-12-11,CUST-0723,Electronics,Keyboard,East,Bhubaneswar,8,364.86,0.05,2772.94,2237.33,535.61,UPI,Consumer
ORD-04494,2025-12-11,CUST-1189,Office Supplies,Notebook,Central,Indore,2,40.15,0.05,76.28,61.09,15.19,Debit Card,Consumer
ORD-00340,2025-12-11,CUST-0849,Home & Kitchen,Coffee Maker,West,Ahmedabad,8,179.61,0.0,1436.88,912.42,524.46,Cash,Consumer
ORD-00669,2025-12-11,CUST-0072,Clothing,T-Shirt,South,Chennai,8,89.91,0.05,683.32,460.96,222.36,UPI,Consumer
ORD-01208,2025-12-11,CUST-0613,Office Supplies,Stapler,East,Bhubaneswar,1,30.22,0.0,30.22,23.42,6.8,Cash,Consumer
ORD-03105,2025-12-12,CUST-0299,Office Supplies,Printer Paper,Central,Indore,2,30.04,0.0,60.08,46.81,13.27,UPI,Consumer
ORD-03411,2025-12-12,CUST-0354,Home & Kitchen,Toaster,East,Bhubaneswar,6,57.53,0.05,327.92,230.02,97.9,Credit Card,Consumer
ORD-04913,2025-12-12,CUST-0730,Clothing,Backpack,West,Ahmedabad,4,69.82,0.1,251.35,170.9,80.45,UPI,Small Business
ORD-00862,2025-12-12,CUST-0068,Furniture,Cabinet,East,Bhubaneswar,8,423.9,0.15,2882.52,1873.64,1008.88,UPI,Consumer
ORD-03762,2025-12-12,CUST-0847,Home & Kitchen,Coffee Maker,Central,Indore,3,142.5,0.05,406.12,292.01,114.11,Debit Card,Consumer
ORD-02842,2025-12-12,CUST-0992,Office Supplies,Notebook,South,Hyderabad,1,33.27,0.1,29.94,24.47,5.47,Credit Card,Consumer
ORD-00367,2025-12-12,CUST-0171,Electronics,Keyboard,East,Bhubaneswar,4,658.26,0.0,2633.04,1761.38,871.66,Debit Card,Consumer
ORD-01494,2025-12-12,CUST-0136,Furniture,Table,East,Bhubaneswar,4,318.65,0.15,1083.41,679.3,404.11,Credit Card,Consumer
ORD-01426,2025-12-12,CUST-0897,Office Supplies,Printer Paper,North,Delhi,3,30.33,0.05,86.44,66.61,19.83,UPI,Consumer
ORD-03347,2025-12-12,CUST-0020,Office Supplies,Pen Set,West,Ahmedabad,6,38.97,0.1,210.44,172.24,38.2,Debit Card,Small Business
ORD-01200,2025-12-12,CUST-0516,Home & Kitchen,Cookware Set,East,Kolkata,4,105.14,0.05,399.53,241.2,158.33,Credit Card,Consumer
ORD-00216,2025-12-13,CUST-0214,Office Supplies,Stapler,South,Chennai,7,50.31,0.2,281.74,184.63,97.11,Debit Card,Consumer
ORD-00424,2025-12-13,CUST-0680,Electronics,Headphones,North,Chandigarh,5,318.52,0.0,1592.6,954.55,638.05,Debit Card,Consumer
ORD-01295,2025-12-13,CUST-0480,Electronics,Monitor,East,Bhubaneswar,2,417.68,0.0,835.36,603.95,231.41,Bank Transfer,Small Business
ORD-03594,2025-12-13,CUST-0659,Electronics,Keyboard,North,Jaipur,4,498.03,0.2,1593.7,1045.35,548.35,UPI,Consumer
ORD-02997,2025-12-13,CUST-0351,Electronics,Keyboard,East,Guwahati,4,545.27,0.0,2181.08,1648.7,532.38,Bank Transfer,Corporate
ORD-01311,2025-12-13,CUST-1136,Clothing,Jeans,Central,Bhopal,1,61.37,0.1,55.23,41.26,13.97,Debit Card,Consumer
ORD-04459,2025-12-13,CUST-1159,Office Supplies,Stapler,West,Ahmedabad,2,31.35,0.2,50.16,32.87,17.29,Cash,Consumer
ORD-03830,2025-12-13,CUST-0762,Home & Kitchen,Cookware Set,Central,Bhopal,7,121.9,0.15,725.3,491.87,233.43,Bank Transfer,Consumer
ORD-00786,2025-12-13,CUST-0072,Home & Kitchen,Cookware Set,South,Hyderabad,4,120.35,0.0,481.4,373.06,108.34,UPI,Corporate
ORD-00874,2025-12-13,CUST-0111,Electronics,Headphones,Central,Indore,8,331.14,0.05,2516.66,1964.89,551.77,Debit Card,Corporate
ORD-00221,2025-12-13,CUST-0990,Home & Kitchen,Coffee Maker,Central,Bhopal,6,124.35,0.1,671.49,410.99,260.5,Cash,Corporate
ORD-01831,2025-12-14,CUST-0183,Office Supplies,Notebook,Central,Bhopal,3,32.67,0.1,88.21,68.85,19.36,UPI,Small Business
ORD-02378,2025-12-14,CUST-0583,Office Supplies,Stapler,Central,Indore,5,44.72,0.15,190.06,125.29,64.77,Debit Card,Small Business
ORD-00124,2025-12-14,CUST-0383,Home & Kitchen,Blender,South,Chennai,6,136.58,0.1,737.53,554.2,183.33,Credit Card,Small Business
ORD-04757,2025-12-14,CUST-0837,Electronics,Laptop,Central,Bhopal,5,533.72,0.1,2401.74,1415.03,986.71,Credit Card,Corporate
ORD-00385,2025-12-14,CUST-1132,Office Supplies,Stapler,North,Delhi,8,26.67,0.1,192.02,124.98,67.04,Credit Card,Consumer
ORD-02501,2025-12-14,CUST-0971,Furniture,Bookshelf,North,Delhi,8,340.77,0.1,2453.54,2047.5,406.04,Credit Card,Consumer
ORD-02520,2025-12-14,CUST-1143,Clothing,Jacket,Central,Indore,1,79.26,0.05,75.3,53.15,22.15,Bank Transfer,Consumer
ORD-00943,2025-12-14,CUST-0686,Office Supplies,Pen Set,West,Ahmedabad,6,18.42,0.0,110.52,65.14,45.38,Credit Card,Corporate
ORD-04375,2025-12-14,CUST-1194,Clothing,Sneakers,South,Hyderabad,4,57.52,0.0,230.08,153.21,76.87,UPI,Consumer
ORD-03883,2025-12-14,CUST-0330,Furniture,Bookshelf,North,Jaipur,6,167.57,0.0,1005.42,642.62,362.8,Debit Card,Consumer
ORD-03548,2025-12-14,CUST-0115,Furniture,Bookshelf,Central,Indore,7,197.25,0.0,1380.75,986.82,393.93,Credit Card,Consumer
ORD-04517,2025-12-14,CUST-0977,Clothing,Jacket,North,Delhi,2,56.66,0.0,113.32,96.99,16.33,Debit Card,Corporate
ORD-00685,2025-12-14,CUST-0208,Electronics,Headphones,South,Chennai,8,466.45,0.05,3545.02,2396.75,1148.27,Credit Card,Corporate
ORD-04466,2025-12-14,CUST-0488,Clothing,Jeans,North,Chandigarh,7,72.4,0.1,456.12,276.92,179.2,UPI,Consumer
ORD-03370,2025-12-14,CUST-0568,Electronics,Headphones,Central,Nagpur,5,445.33,0.05,2115.32,1635.16,480.16,Bank Transfer,Corporate
ORD-04903,2025-12-14,CUST-0494,Clothing,T-Shirt,West,Pune,8,76.22,0.1,548.78,332.2,216.58,Credit Card,Consumer
ORD-04760,2025-12-15,CUST-0412,Clothing,T-Shirt,West,Pune,4,95.97,0.0,383.88,276.16,107.72,UPI,Consumer
ORD-02726,2025-12-15,CUST-0144,Clothing,Sneakers,Central,Nagpur,4,31.18,0.05,118.48,77.74,40.74,Credit Card,Consumer
ORD-02485,2025-12-15,CUST-0082,Electronics,Headphones,East,Guwahati,8,329.93,0.0,2639.44,1848.14,791.3,Credit Card,Consumer
ORD-04752,2025-12-15,CUST-0572,Clothing,Sneakers,East,Kolkata,4,67.82,0.05,257.72,220.18,37.54,Credit Card,Consumer
ORD-00085,2025-12-15,CUST-0579,Furniture,Table,South,Hyderabad,8,330.52,0.0,2644.16,1610.69,1033.47,Bank Transfer,Corporate
ORD-00269,2025-12-15,CUST-0404,Clothing,Jacket,Central,Nagpur,3,112.44,0.05,320.45,242.88,77.57,Cash,Small Business
ORD-03197,2025-12-15,CUST-1199,Home & Kitchen,Vacuum Cleaner,Central,Indore,6,177.72,0.0,1066.32,717.89,348.43,Credit Card,Consumer
ORD-03789,2025-12-15,CUST-1107,Home & Kitchen,Cookware Set,South,Hyderabad,5,63.31,0.05,300.72,194.01,106.71,Cash,Consumer
ORD-04344,2025-12-15,CUST-0016,Electronics,Monitor,South,Chennai,7,517.32,0.0,3621.24,2112.52,1508.72,Bank Transfer,Consumer
ORD-01696,2025-12-15,CUST-0423,Electronics,Monitor,East,Bhubaneswar,5,419.5,0.1,1887.75,1563.7,324.05,Cash,Corporate
ORD-04242,2025-12-15,CUST-0159,Furniture,Cabinet,South,Bengaluru,7,149.3,0.05,992.84,768.03,224.81,Cash,Consumer
ORD-04910,2025-12-16,CUST-0986,Furniture,Office Chair,West,Mumbai,8,402.0,0.0,3216.0,2111.42,1104.58,Debit Card,Consumer
ORD-04672,2025-12-16,CUST-0227,Clothing,Jacket,East,Guwahati,3,53.89,0.05,153.59,116.92,36.67,UPI,Small Business
ORD-02401,2025-12-16,CUST-1011,Office Supplies,Calculator,West,Ahmedabad,4,35.48,0.1,127.73,83.94,43.79,Credit Card,Consumer
ORD-00446,2025-12-16,CUST-1093,Office Supplies,Printer Paper,South,Bengaluru,6,53.68,0.0,322.08,263.07,59.01,Bank Transfer,Consumer
ORD-02310,2025-12-16,CUST-0934,Office Supplies,Calculator,Central,Nagpur,2,34.45,0.0,68.9,53.62,15.28,Credit Card,Small Business
ORD-04550,2025-12-16,CUST-1125,Electronics,Laptop,Central,Indore,8,631.37,0.15,4293.32,3211.03,1082.29,Credit Card,Corporate
ORD-03047,2025-12-16,CUST-0344,Home & Kitchen,Toaster,North,Jaipur,7,98.01,0.0,686.07,574.07,112.0,UPI,Corporate
ORD-02377,2025-12-16,CUST-0106,Office Supplies,Printer Paper,West,Mumbai,2,40.9,0.0,81.8,70.29,11.51,Credit Card,Consumer
ORD-03735,2025-12-17,CUST-0794,Clothing,T-Shirt,North,Chandigarh,1,107.78,0.1,97.0,68.68,28.32,UPI,Corporate
ORD-04842,2025-12-17,CUST-0482,Electronics,Laptop,South,Chennai,6,551.85,0.05,3145.54,2665.24,480.3,UPI,Consumer
ORD-03541,2025-12-17,CUST-0945,Home & Kitchen,Blender,North,Jaipur,3,138.26,0.05,394.04,337.47,56.57,Debit Card,Consumer
ORD-03217,2025-12-17,CUST-0443,Electronics,Monitor,West,Pune,4,514.88,0.05,1956.54,1400.84,555.7,UPI,Small Business
ORD-04261,2025-12-17,CUST-0658,Home & Kitchen,Toaster,North,Chandigarh,2,136.42,0.05,259.2,186.52,72.68,UPI,Corporate
ORD-04924,2025-12-17,CUST-1072,Office Supplies,Notebook,West,Mumbai,2,34.86,0.0,69.72,47.72,22.0,Bank Transfer,Corporate
ORD-02848,2025-12-17,CUST-0888,Furniture,Cabinet,East,Guwahati,1,188.21,0.0,188.21,134.86,53.35,UPI,Consumer
ORD-03272,2025-12-17,CUST-0525,Electronics,Smartphone,Central,Nagpur,5,410.44,0.05,1949.59,1366.11,583.48,Cash,Corporate
ORD-02878,2025-12-17,CUST-1047,Office Supplies,Calculator,Central,Nagpur,2,46.61,0.0,93.22,67.13,26.09,Credit Card,Corporate
ORD-03454,2025-12-17,CUST-0478,Electronics,Smartphone,North,Delhi,6,521.28,0.0,3127.68,2164.88,962.8,Debit Card,Corporate
ORD-03739,2025-12-17,CUST-0125,Electronics,Keyboard,South,Chennai,3,664.95,0.0,1994.85,1622.07,372.78,UPI,Consumer
ORD-04158,2025-12-17,CUST-0316,Home & Kitchen,Toaster,Central,Indore,6,109.06,0.05,621.64,443.09,178.55,Bank Transfer,Small Business
ORD-00598,2025-12-18,CUST-0308,Electronics,Headphones,East,Bhubaneswar,7,423.48,0.15,2519.71,1716.67,803.04,UPI,Consumer
ORD-01520,2025-12-18,CUST-0779,Clothing,T-Shirt,West,Ahmedabad,4,86.16,0.05,327.41,228.51,98.9,UPI,Small Business
ORD-03049,2025-12-18,CUST-0795,Furniture,Office Chair,West,Pune,2,190.92,0.05,362.75,263.65,99.1,Credit Card,Consumer
ORD-04268,2025-12-18,CUST-0016,Furniture,Bookshelf,North,Chandigarh,5,263.54,0.0,1317.7,789.26,528.44,UPI,Consumer
ORD-03580,2025-12-18,CUST-0475,Home & Kitchen,Blender,West,Mumbai,2,123.09,0.05,233.87,197.69,36.18,UPI,Consumer
ORD-01918,2025-12-18,CUST-0465,Electronics,Smartphone,South,Hyderabad,5,476.99,0.05,2265.7,1857.34,408.36,UPI,Consumer
ORD-04649,2025-12-18,CUST-0362,Office Supplies,Notebook,East,Kolkata,4,28.62,0.05,108.76,74.27,34.49,Debit Card,Consumer
ORD-01044,2025-12-18,CUST-0676,Furniture,Office Chair,South,Bengaluru,1,316.11,0.15,268.69,165.78,102.91,UPI,Consumer
ORD-02833,2025-12-18,CUST-0177,Office Supplies,Printer Paper,Central,Bhopal,5,44.8,0.05,212.8,150.92,61.88,Credit Card,Corporate
ORD-03323,2025-12-18,CUST-0245,Electronics,Headphones,South,Hyderabad,6,301.01,0.0,1806.06,1186.34,619.72,Debit Card,Small Business
ORD-00998,2025-12-18,CUST-0415,Electronics,Smartphone,North,Chandigarh,2,202.07,0.0,404.14,342.84,61.3,Credit Card,Consumer
ORD-04728,2025-12-18,CUST-0551,Clothing,Backpack,East,Bhubaneswar,7,81.52,0.15,485.04,384.15,100.89,UPI,Consumer
ORD-04456,2025-12-18,CUST-0702,Office Supplies,Printer Paper,South,Chennai,2,20.24,0.05,38.46,30.66,7.8,Bank Transfer,Consumer
ORD-00267,2025-12-18,CUST-0754,Home & Kitchen,Toaster,South,Chennai,4,141.59,0.1,509.72,318.86,190.86,Cash,Consumer
ORD-04099,2025-12-19,CUST-0126,Home & Kitchen,Cookware Set,Central,Nagpur,5,171.53,0.15,729.0,432.83,296.17,Credit Card,Consumer
ORD-01121,2025-12-19,CUST-0507,Office Supplies,Notebook,West,Ahmedabad,7,29.05,0.0,203.35,157.8,45.55,Cash,Small Business
ORD-01712,2025-12-19,CUST-1053,Home & Kitchen,Vacuum Cleaner,South,Bengaluru,8,101.27,0.2,648.13,461.13,187.0,Cash,Corporate
ORD-04865,2025-12-19,CUST-1027,Home & Kitchen,Vacuum Cleaner,East,Guwahati,6,98.27,0.05,560.14,441.14,119.0,UPI,Corporate
ORD-04069,2025-12-19,CUST-0394,Clothing,Jacket,East,Guwahati,2,54.11,0.0,108.22,77.5,30.72,Debit Card,Consumer
ORD-01545,2025-12-19,CUST-1138,Office Supplies,Stapler,North,Jaipur,3,45.48,0.05,129.62,103.6,26.02,Cash,Consumer
ORD-02945,2025-12-19,CUST-0340,Furniture,Office Chair,West,Mumbai,6,291.21,0.2,1397.81,942.11,455.7,UPI,Corporate
ORD-03738,2025-12-19,CUST-1169,Furniture,Bookshelf,South,Bengaluru,2,298.52,0.1,537.34,315.73,221.61,Credit Card,Small Business
ORD-01070,2025-12-19,CUST-0018,Electronics,Headphones,West,Mumbai,1,607.85,0.05,577.46,409.81,167.65,Bank Transfer,Consumer
ORD-04307,2025-12-19,CUST-0848,Office Supplies,Printer Paper,North,Jaipur,3,51.11,0.15,130.33,94.51,35.82,Credit Card,Small Business
ORD-03979,2025-12-19,CUST-0366,Electronics,Keyboard,South,Bengaluru,2,308.93,0.0,617.86,507.12,110.74,UPI,Consumer
ORD-00072,2025-12-19,CUST-0145,Clothing,Jacket,Central,Indore,7,49.79,0.05,331.1,245.58,85.52,Bank Transfer,Consumer
ORD-02192,2025-12-19,CUST-0334,Clothing,T-Shirt,South,Hyderabad,1,67.83,0.1,61.05,52.03,9.02,Bank Transfer,Corporate
ORD-03747,2025-12-19,CUST-0228,Home & Kitchen,Cookware Set,South,Bengaluru,7,148.36,0.15,882.74,591.73,291.01,Cash,Consumer
ORD-04573,2025-12-19,CUST-0588,Home & Kitchen,Vacuum Cleaner,Central,Nagpur,4,102.02,0.2,326.46,202.07,124.39,Debit Card,Consumer
ORD-03791,2025-12-19,CUST-1080,Electronics,Headphones,West,Mumbai,1,553.57,0.05,525.89,445.47,80.42,Debit Card,Consumer
ORD-03770,2025-12-19,CUST-0725,Electronics,Laptop,North,Chandigarh,1,581.02,0.1,522.92,314.19,208.73,Bank Transfer,Consumer
ORD-04929,2025-12-20,CUST-1135,Clothing,T-Shirt,West,Ahmedabad,2,54.66,0.0,109.32,63.97,45.35,UPI,Small Business
ORD-01732,2025-12-20,CUST-0479,Furniture,Table,West,Pune,6,316.09,0.05,1801.71,1374.98,426.73,Bank Transfer,Corporate
ORD-04884,2025-12-20,CUST-0381,Clothing,Backpack,Central,Indore,7,68.38,0.15,406.86,349.68,57.18,Cash,Consumer
ORD-00506,2025-12-20,CUST-0373,Office Supplies,Stapler,West,Mumbai,5,49.36,0.05,234.46,182.79,51.67,UPI,Small Business
ORD-02860,2025-12-20,CUST-0945,Office Supplies,Notebook,South,Hyderabad,7,43.83,0.0,306.81,246.3,60.51,Bank Transfer,Corporate
ORD-00112,2025-12-20,CUST-1008,Furniture,Office Chair,North,Chandigarh,4,252.47,0.0,1009.88,817.23,192.65,Credit Card,Corporate
ORD-00644,2025-12-20,CUST-0992,Home & Kitchen,Toaster,East,Kolkata,5,92.05,0.05,437.24,330.47,106.77,UPI,Consumer
ORD-01590,2025-12-20,CUST-0509,Home & Kitchen,Blender,West,Ahmedabad,1,90.34,0.1,81.31,66.44,14.87,Credit Card,Consumer
ORD-01768,2025-12-20,CUST-0568,Electronics,Monitor,North,Chandigarh,8,524.78,0.05,3988.33,3299.61,688.72,UPI,Small Business
ORD-04547,2025-12-20,CUST-0173,Office Supplies,Notebook,East,Bhubaneswar,3,34.16,0.15,87.11,61.87,25.24,UPI,Consumer
ORD-03107,2025-12-20,CUST-0314,Home & Kitchen,Cookware Set,West,Ahmedabad,2,124.55,0.05,236.64,189.66,46.98,Bank Transfer,Consumer
ORD-02692,2025-12-20,CUST-0468,Electronics,Smartphone,South,Bengaluru,6,599.76,0.0,3598.56,2804.52,794.04,Credit Card,Consumer
ORD-02164,2025-12-21,CUST-1037,Clothing,Backpack,Central,Nagpur,2,66.1,0.0,132.2,91.8,40.4,Debit Card,Small Business
ORD-04727,2025-12-21,CUST-1174,Furniture,Table,West,Mumbai,3,285.12,0.15,727.06,444.47,282.59,UPI,Consumer
ORD-03787,2025-12-21,CUST-0417,Home & Kitchen,Cookware Set,South,Bengaluru,5,101.48,0.15,431.29,266.78,164.51,Cash,Corporate
ORD-04657,2025-12-21,CUST-0792,Electronics,Headphones,North,Jaipur,7,588.17,0.1,3705.47,2772.05,933.42,Credit Card,Consumer
ORD-04965,2025-12-21,CUST-1020,Office Supplies,Calculator,Central,Indore,5,35.38,0.15,150.36,124.88,25.48,Credit Card,Consumer
ORD-00427,2025-12-21,CUST-1059,Furniture,Desk,East,Guwahati,1,296.3,0.05,281.48,195.36,86.12,Bank Transfer,Consumer
ORD-03676,2025-12-21,CUST-0396,Furniture,Table,Central,Nagpur,5,213.3,0.05,1013.18,675.48,337.7,UPI,Small Business
ORD-01970,2025-12-21,CUST-0907,Furniture,Cabinet,North,Delhi,2,213.48,0.15,362.92,295.44,67.48,Credit Card,Consumer
ORD-01572,2025-12-21,CUST-0115,Office Supplies,Calculator,East,Bhubaneswar,1,9.35,0.15,7.95,5.2,2.75,Debit Card,Consumer
ORD-00088,2025-12-21,CUST-0593,Clothing,T-Shirt,South,Bengaluru,4,47.76,0.2,152.83,122.01,30.82,Bank Transfer,Consumer
ORD-01118,2025-12-21,CUST-0479,Home & Kitchen,Blender,East,Guwahati,6,131.49,0.0,788.94,672.64,116.3,Debit Card,Consumer
ORD-03111,2025-12-21,CUST-0101,Clothing,Jeans,North,Chandigarh,7,62.86,0.05,418.02,304.08,113.94,Credit Card,Small Business
ORD-02083,2025-12-22,CUST-0870,Electronics,Monitor,North,Delhi,3,576.13,0.0,1728.39,1204.24,524.15,Debit Card,Consumer
ORD-04471,2025-12-22,CUST-0716,Home & Kitchen,Blender,South,Bengaluru,1,87.15,0.1,78.44,54.67,23.77,Cash,Consumer
ORD-01339,2025-12-22,CUST-0140,Electronics,Monitor,West,Mumbai,6,477.78,0.0,2866.68,1780.61,1086.07,Cash,Small Business
ORD-01485,2025-12-22,CUST-0455,Home & Kitchen,Blender,East,Bhubaneswar,8,139.88,0.05,1063.09,650.15,412.94,Debit Card,Corporate
ORD-02218,2025-12-22,CUST-0896,Office Supplies,Stapler,South,Chennai,3,38.0,0.05,108.3,88.51,19.79,Bank Transfer,Consumer
ORD-00787,2025-12-22,CUST-0170,Electronics,Headphones,West,Mumbai,8,637.04,0.1,4586.69,3691.65,895.04,Cash,Consumer
ORD-03250,2025-12-22,CUST-0035,Electronics,Headphones,Central,Indore,4,562.79,0.05,2138.6,1291.75,846.85,Debit Card,Small Business
ORD-04936,2025-12-22,CUST-0812,Clothing,T-Shirt,West,Mumbai,8,60.38,0.1,434.74,325.76,108.98,Debit Card,Corporate
ORD-02072,2025-12-22,CUST-0468,Office Supplies,Pen Set,West,Mumbai,3,29.52,0.0,88.56,52.15,36.41,Credit Card,Consumer
ORD-03893,2025-12-22,CUST-0931,Clothing,Jacket,West,Ahmedabad,6,49.53,0.05,282.32,217.36,64.96,Bank Transfer,Consumer
ORD-00904,2025-12-22,CUST-0897,Clothing,Jeans,North,Jaipur,8,85.2,0.05,647.52,432.02,215.5,Credit Card,Consumer
ORD-03131,2025-12-22,CUST-0740,Electronics,Keyboard,South,Bengaluru,6,616.68,0.1,3330.07,2222.14,1107.93,Credit Card,Corporate
ORD-00380,2025-12-22,CUST-0653,Electronics,Smartphone,Central,Indore,6,530.36,0.05,3023.05,2343.49,679.56,Credit Card,Small Business
ORD-02682,2025-12-22,CUST-0268,Furniture,Office Chair,South,Bengaluru,7,306.37,0.0,2144.59,1504.72,639.87,UPI,Small Business
ORD-01895,2025-12-23,CUST-0965,Home & Kitchen,Cookware Set,North,Jaipur,2,147.43,0.05,280.12,239.13,40.99,Cash,Consumer
ORD-00664,2025-12-23,CUST-0329,Clothing,Backpack,East,Guwahati,7,70.08,0.0,490.56,313.13,177.43,Cash,Consumer
ORD-00038,2025-12-23,CUST-1123,Clothing,T-Shirt,West,Pune,1,72.74,0.05,69.1,51.22,17.88,UPI,Consumer
ORD-03394,2025-12-23,CUST-0663,Clothing,Jeans,West,Pune,5,51.35,0.05,243.91,190.22,53.69,Bank Transfer,Small Business
ORD-00898,2025-12-23,CUST-0767,Electronics,Smartphone,North,Jaipur,4,281.99,0.05,1071.56,781.22,290.34,Debit Card,Small Business
ORD-02095,2025-12-23,CUST-0063,Furniture,Office Chair,Central,Bhopal,7,243.36,0.0,1703.52,1351.82,351.7,Bank Transfer,Small Business
ORD-04144,2025-12-23,CUST-0906,Clothing,Jacket,North,Jaipur,1,20.27,0.05,19.26,13.7,5.56,Credit Card,Small Business
ORD-01969,2025-12-23,CUST-0674,Clothing,Backpack,East,Bhubaneswar,6,58.69,0.1,316.93,184.89,132.04,Debit Card,Consumer
ORD-01926,2025-12-23,CUST-1174,Furniture,Cabinet,Central,Nagpur,1,311.84,0.15,265.06,189.56,75.5,Credit Card,Consumer
ORD-04238,2025-12-23,CUST-0537,Electronics,Keyboard,North,Delhi,5,463.14,0.2,1852.56,1153.6,698.96,Debit Card,Corporate
ORD-00900,2025-12-23,CUST-0493,Office Supplies,Stapler,West,Pune,1,40.86,0.15,34.73,20.9,13.83,Credit Card,Consumer
ORD-00491,2025-12-23,CUST-0197,Furniture,Table,West,Pune,8,340.17,0.05,2585.29,2099.98,485.31,Bank Transfer,Consumer
ORD-03208,2025-12-23,CUST-1122,Clothing,Backpack,North,Jaipur,4,61.86,0.1,222.7,178.09,44.61,Credit Card,Small Business
ORD-00316,2025-12-23,CUST-0485,Office Supplies,Notebook,South,Chennai,8,53.46,0.1,384.91,309.79,75.12,Credit Card,Corporate
ORD-03207,2025-12-23,CUST-0052,Clothing,Jacket,North,Delhi,5,52.77,0.05,250.66,180.71,69.95,UPI,Small Business
ORD-01481,2025-12-23,CUST-1135,Furniture,Office Chair,South,Hyderabad,6,269.67,0.0,1618.02,1183.1,434.92,UPI,Consumer
ORD-01001,2025-12-23,CUST-0286,Home & Kitchen,Vacuum Cleaner,West,Ahmedabad,3,117.84,0.0,353.52,238.17,115.35,UPI,Consumer
ORD-01303,2025-12-23,CUST-0456,Furniture,Desk,South,Chennai,1,163.29,0.15,138.8,92.24,46.56,Bank Transfer,Consumer
ORD-02224,2025-12-23,CUST-0666,Clothing,Backpack,North,Chandigarh,3,73.46,0.05,209.36,168.96,40.4,Cash,Consumer
ORD-01061,2025-12-23,CUST-0133,Office Supplies,Pen Set,East,Guwahati,7,54.61,0.1,344.04,201.4,142.64,UPI,Consumer
ORD-00335,2025-12-24,CUST-0904,Electronics,Smartphone,East,Bhubaneswar,8,258.5,0.1,1861.2,1249.52,611.68,Credit Card,Consumer
ORD-04423,2025-12-24,CUST-0610,Office Supplies,Pen Set,East,Bhubaneswar,5,32.51,0.1,146.29,99.7,46.59,Credit Card,Consumer
ORD-01903,2025-12-24,CUST-0582,Clothing,Jacket,South,Hyderabad,2,46.1,0.0,92.2,77.17,15.03,Bank Transfer,Consumer
ORD-02391,2025-12-24,CUST-0507,Furniture,Table,Central,Indore,5,263.79,0.1,1187.06,972.15,214.91,Debit Card,Consumer
ORD-01356,2025-12-24,CUST-1157,Clothing,Sneakers,Central,Bhopal,1,58.23,0.1,52.41,38.49,13.92,Credit Card,Small Business
ORD-03810,2025-12-24,CUST-0752,Clothing,Jacket,East,Guwahati,5,46.48,0.15,197.54,145.97,51.57,Bank Transfer,Consumer
ORD-03332,2025-12-24,CUST-0839,Furniture,Table,North,Chandigarh,2,295.43,0.05,561.32,471.55,89.77,UPI,Small Business
ORD-01125,2025-12-24,CUST-0511,Home & Kitchen,Vacuum Cleaner,South,Chennai,7,91.42,0.0,639.94,503.28,136.66,Credit Card,Consumer
ORD-02051,2025-12-24,CUST-0791,Electronics,Laptop,Central,Indore,3,333.95,0.15,851.57,619.93,231.64,UPI,Consumer
ORD-01598,2025-12-24,CUST-0557,Electronics,Headphones,West,Pune,7,597.18,0.0,4180.26,3149.29,1030.97,Credit Card,Consumer
ORD-00359,2025-12-24,CUST-0819,Electronics,Headphones,East,Kolkata,5,486.28,0.1,2188.26,1697.91,490.35,UPI,Consumer
ORD-02298,2025-12-24,CUST-0010,Furniture,Cabinet,North,Delhi,7,215.3,0.15,1281.04,1079.68,201.36,Credit Card,Consumer
ORD-03520,2025-12-24,CUST-0883,Clothing,Sneakers,East,Guwahati,8,61.26,0.0,490.08,395.81,94.27,Credit Card,Corporate
ORD-04738,2025-12-25,CUST-1195,Clothing,Jeans,Central,Bhopal,3,29.21,0.0,87.63,73.81,13.82,Cash,Consumer
ORD-01612,2025-12-25,CUST-0596,Furniture,Table,Central,Indore,1,287.43,0.0,287.43,242.3,45.13,UPI,Corporate
ORD-00985,2025-12-25,CUST-0733,Electronics,Keyboard,East,Bhubaneswar,6,638.54,0.0,3831.24,2536.33,1294.91,Debit Card,Small Business
ORD-03276,2025-12-25,CUST-0439,Home & Kitchen,Cookware Set,West,Mumbai,7,115.03,0.1,724.69,437.98,286.71,UPI,Consumer
ORD-03442,2025-12-25,CUST-0683,Furniture,Bookshelf,South,Chennai,7,340.94,0.0,2386.58,1560.28,826.3,Debit Card,Consumer
ORD-01899,2025-12-25,CUST-0135,Home & Kitchen,Coffee Maker,South,Hyderabad,7,90.96,0.15,541.21,415.35,125.86,Bank Transfer,Consumer
ORD-03963,2025-12-25,CUST-0093,Electronics,Headphones,Central,Bhopal,7,313.29,0.15,1864.08,1122.42,741.66,UPI,Consumer
ORD-02010,2025-12-25,CUST-0164,Furniture,Bookshelf,Central,Indore,4,245.0,0.05,931.0,618.82,312.18,UPI,Consumer
ORD-00390,2025-12-25,CUST-0674,Home & Kitchen,Vacuum Cleaner,West,Mumbai,8,53.81,0.05,408.96,299.8,109.16,Bank Transfer,Consumer
ORD-00569,2025-12-25,CUST-0928,Clothing,Jacket,East,Bhubaneswar,5,29.5,0.05,140.12,84.1,56.02,Credit Card,Consumer
ORD-00346,2025-12-25,CUST-1118,Office Supplies,Printer Paper,North,Jaipur,5,29.16,0.1,131.22,90.73,40.49,UPI,Corporate
ORD-01678,2025-12-25,CUST-1015,Clothing,Jacket,West,Mumbai,2,68.39,0.05,129.94,89.05,40.89,Credit Card,Consumer
ORD-03865,2025-12-25,CUST-0835,Home & Kitchen,Cookware Set,West,Ahmedabad,4,108.79,0.05,413.4,270.4,143.0,Credit Card,Consumer
ORD-01510,2025-12-26,CUST-0828,Clothing,T-Shirt,South,Bengaluru,1,39.51,0.1,35.56,20.86,14.7,Bank Transfer,Consumer
ORD-01961,2025-12-26,CUST-0030,Home & Kitchen,Blender,South,Hyderabad,3,81.53,0.1,220.13,180.07,40.06,Debit Card,Corporate
ORD-01067,2025-12-26,CUST-0988,Electronics,Keyboard,West,Pune,2,299.33,0.0,598.66,505.63,93.03,UPI,Consumer
ORD-02543,2025-12-26,CUST-0943,Electronics,Headphones,Central,Indore,3,422.86,0.15,1078.29,701.51,376.78,Debit Card,Consumer
ORD-04841,2025-12-26,CUST-0191,Electronics,Keyboard,Central,Bhopal,7,639.27,0.15,3803.66,2211.06,1592.6,UPI,Consumer
ORD-04641,2025-12-26,CUST-0043,Electronics,Smartphone,South,Hyderabad,8,292.2,0.0,2337.6,1403.47,934.13,UPI,Consumer
ORD-01448,2025-12-26,CUST-0696,Clothing,Backpack,West,Pune,8,57.51,0.15,391.07,243.2,147.87,Debit Card,Consumer
ORD-01675,2025-12-26,CUST-0715,Furniture,Cabinet,West,Pune,6,253.05,0.05,1442.39,1207.15,235.24,Cash,Small Business
ORD-04441,2025-12-26,CUST-0925,Furniture,Table,East,Guwahati,4,353.44,0.1,1272.38,1085.88,186.5,UPI,Corporate
ORD-03902,2025-12-26,CUST-0168,Home & Kitchen,Toaster,Central,Nagpur,2,96.21,0.2,153.94,113.16,40.78,Debit Card,Corporate
ORD-02874,2025-12-26,CUST-0198,Home & Kitchen,Toaster,North,Jaipur,8,120.18,0.1,865.3,604.44,260.86,Bank Transfer,Small Business
ORD-01672,2025-12-26,CUST-0430,Furniture,Desk,West,Ahmedabad,6,191.15,0.2,917.52,581.15,336.37,Cash,Corporate
ORD-03028,2025-12-27,CUST-1121,Furniture,Table,North,Jaipur,2,367.26,0.05,697.79,435.87,261.92,Credit Card,Consumer
ORD-02721,2025-12-27,CUST-0577,Office Supplies,Printer Paper,West,Ahmedabad,6,34.05,0.05,194.08,126.27,67.81,Cash,Consumer
ORD-01761,2025-12-27,CUST-0805,Electronics,Monitor,West,Mumbai,7,595.47,0.1,3751.46,3192.0,559.46,Credit Card,Corporate
ORD-04973,2025-12-27,CUST-0118,Clothing,Backpack,East,Bhubaneswar,5,51.28,0.0,256.4,181.69,74.71,Debit Card,Consumer
ORD-00212,2025-12-27,CUST-1151,Electronics,Keyboard,West,Pune,5,509.43,0.05,2419.79,2008.05,411.74,UPI,Consumer
ORD-03986,2025-12-27,CUST-0509,Furniture,Desk,Central,Bhopal,3,380.24,0.1,1026.65,641.71,384.94,Debit Card,Small Business
ORD-04958,2025-12-27,CUST-1178,Office Supplies,Stapler,West,Pune,2,50.85,0.1,91.53,69.12,22.41,Debit Card,Consumer
ORD-02757,2025-12-27,CUST-0450,Electronics,Headphones,South,Hyderabad,3,501.26,0.05,1428.59,859.99,568.6,UPI,Consumer
ORD-00663,2025-12-27,CUST-0795,Electronics,Monitor,West,Pune,2,421.64,0.1,758.95,448.44,310.51,Debit Card,Consumer
ORD-03328,2025-12-27,CUST-0461,Office Supplies,Stapler,East,Kolkata,2,41.99,0.0,83.98,54.88,29.1,UPI,Consumer
ORD-02466,2025-12-27,CUST-0573,Home & Kitchen,Coffee Maker,East,Guwahati,3,97.88,0.1,264.28,164.29,99.99,Credit Card,Consumer
ORD-01069,2025-12-27,CUST-0718,Office Supplies,Printer Paper,Central,Bhopal,1,43.05,0.0,43.05,34.2,8.85,Credit Card,Small Business
ORD-03817,2025-12-27,CUST-0112,Home & Kitchen,Cookware Set,North,Chandigarh,1,137.08,0.1,123.37,83.99,39.38,Credit Card,Consumer
ORD-03587,2025-12-27,CUST-0168,Clothing,Backpack,North,Jaipur,4,76.46,0.15,259.96,211.33,48.63,UPI,Consumer
ORD-04915,2025-12-27,CUST-1195,Electronics,Monitor,West,Ahmedabad,6,421.55,0.15,2149.91,1743.91,406.0,UPI,Consumer
ORD-01017,2025-12-27,CUST-0549,Furniture,Office Chair,Central,Bhopal,8,218.66,0.0,1749.28,1330.89,418.39,Debit Card,Consumer
ORD-00947,2025-12-27,CUST-0753,Home & Kitchen,Coffee Maker,East,Guwahati,5,129.02,0.1,580.59,337.61,242.98,Bank Transfer,Corporate
ORD-04674,2025-12-27,CUST-0464,Clothing,Backpack,Central,Indore,4,74.82,0.0,299.28,206.01,93.27,Bank Transfer,Consumer
ORD-04746,2025-12-27,CUST-0481,Clothing,T-Shirt,South,Hyderabad,4,63.64,0.15,216.38,143.99,72.39,UPI,Corporate
ORD-00566,2025-12-28,CUST-0356,Electronics,Laptop,Central,Nagpur,3,593.16,0.05,1690.51,1345.84,344.67,Credit Card,Corporate
ORD-04964,2025-12-28,CUST-0132,Electronics,Headphones,West,Pune,2,429.15,0.1,772.47,503.06,269.41,UPI,Consumer
ORD-02084,2025-12-28,CUST-0274,Electronics,Smartphone,East,Guwahati,8,412.1,0.1,2967.12,2314.53,652.59,Credit Card,Consumer
ORD-00147,2025-12-28,CUST-1050,Office Supplies,Notebook,West,Mumbai,7,36.07,0.15,214.62,177.61,37.01,Credit Card,Corporate
ORD-02033,2025-12-28,CUST-0486,Electronics,Keyboard,East,Kolkata,6,674.13,0.15,3438.06,2812.68,625.38,Cash,Small Business
ORD-00217,2025-12-28,CUST-0749,Office Supplies,Printer Paper,East,Guwahati,1,22.62,0.1,20.36,14.49,5.87,UPI,Corporate
ORD-03965,2025-12-28,CUST-0284,Office Supplies,Pen Set,Central,Nagpur,4,43.01,0.2,137.63,87.18,50.45,UPI,Corporate
ORD-00872,2025-12-28,CUST-1200,Office Supplies,Pen Set,North,Delhi,3,56.23,0.0,168.69,141.67,27.02,Credit Card,Corporate
ORD-02428,2025-12-28,CUST-0879,Home & Kitchen,Blender,Central,Indore,7,90.25,0.15,536.99,342.42,194.57,Bank Transfer,Small Business
ORD-03546,2025-12-28,CUST-0280,Office Supplies,Printer Paper,South,Chennai,1,33.81,0.1,30.43,18.78,11.65,Credit Card,Corporate
ORD-00522,2025-12-28,CUST-0839,Furniture,Bookshelf,Central,Indore,4,293.96,0.05,1117.05,663.89,453.16,Debit Card,Small Business
ORD-00581,2025-12-28,CUST-0396,Office Supplies,Pen Set,West,Pune,6,40.14,0.05,228.8,151.93,76.87,UPI,Corporate
ORD-04278,2025-12-28,CUST-0892,Home & Kitchen,Vacuum Cleaner,East,Kolkata,8,131.36,0.0,1050.88,833.36,217.52,Credit Card,Corporate
ORD-01015,2025-12-28,CUST-0359,Office Supplies,Calculator,East,Kolkata,8,12.24,0.05,93.02,76.8,16.22,Credit Card,Consumer
ORD-04805,2025-12-28,CUST-1083,Office Supplies,Printer Paper,East,Bhubaneswar,1,49.28,0.05,46.82,34.58,12.24,Debit Card,Consumer
ORD-02735,2025-12-29,CUST-0462,Furniture,Bookshelf,East,Bhubaneswar,4,317.97,0.0,1271.88,859.97,411.91,Bank Transfer,Small Business
ORD-01145,2025-12-29,CUST-0185,Furniture,Bookshelf,West,Pune,5,184.46,0.1,830.07,628.25,201.82,Debit Card,Consumer
ORD-01924,2025-12-29,CUST-0064,Electronics,Headphones,East,Bhubaneswar,2,272.62,0.0,545.24,419.54,125.7,Credit Card,Small Business
ORD-01872,2025-12-29,CUST-0782,Electronics,Laptop,South,Hyderabad,2,447.67,0.15,761.04,474.45,286.59,Credit Card,Small Business
ORD-04149,2025-12-29,CUST-0791,Office Supplies,Notebook,East,Kolkata,7,28.64,0.05,190.46,141.42,49.04,Bank Transfer,Small Business
ORD-01279,2025-12-29,CUST-1080,Electronics,Laptop,North,Jaipur,4,605.02,0.15,2057.07,1251.6,805.47,Credit Card,Corporate
ORD-02073,2025-12-29,CUST-0073,Office Supplies,Printer Paper,North,Chandigarh,1,38.75,0.1,34.88,24.31,10.57,UPI,Consumer
ORD-03808,2025-12-29,CUST-0079,Electronics,Keyboard,East,Guwahati,3,439.54,0.0,1318.62,854.04,464.58,UPI,Corporate
ORD-01697,2025-12-29,CUST-0110,Clothing,Sneakers,West,Mumbai,4,59.7,0.15,202.98,145.71,57.27,UPI,Consumer
ORD-03020,2025-12-29,CUST-0619,Clothing,Sneakers,East,Guwahati,7,52.52,0.1,330.88,268.92,61.96,Debit Card,Small Business
ORD-03236,2025-12-29,CUST-0586,Clothing,Jacket,Central,Bhopal,3,49.73,0.05,141.73,107.71,34.02,UPI,Corporate
ORD-00388,2025-12-29,CUST-0012,Electronics,Laptop,West,Pune,3,443.76,0.1,1198.15,809.43,388.72,Debit Card,Consumer
ORD-04328,2025-12-30,CUST-0645,Clothing,Jeans,East,Kolkata,1,59.36,0.0,59.36,46.95,12.41,Debit Card,Small Business
ORD-00582,2025-12-30,CUST-0214,Electronics,Headphones,South,Hyderabad,2,519.72,0.1,935.5,709.8,225.7,Bank Transfer,Corporate
ORD-01947,2025-12-30,CUST-0200,Office Supplies,Printer Paper,East,Kolkata,3,17.53,0.15,44.7,32.76,11.94,UPI,Corporate
ORD-03563,2025-12-30,CUST-0639,Electronics,Keyboard,South,Bengaluru,5,497.01,0.1,2236.54,1470.23,766.31,Debit Card,Small Business
ORD-00179,2025-12-30,CUST-0473,Electronics,Smartphone,South,Bengaluru,5,410.03,0.0,2050.15,1694.14,356.01,UPI,Corporate
ORD-03022,2025-12-30,CUST-0909,Furniture,Cabinet,Central,Nagpur,2,246.04,0.05,467.48,341.31,126.17,Credit Card,Corporate
ORD-04411,2025-12-30,CUST-0687,Office Supplies,Pen Set,West,Mumbai,5,36.86,0.05,175.08,147.77,27.31,UPI,Consumer
ORD-02171,2025-12-30,CUST-0650,Electronics,Monitor,South,Hyderabad,8,690.27,0.0,5522.16,3825.99,1696.17,UPI,Consumer
ORD-04938,2025-12-30,CUST-0304,Office Supplies,Notebook,Central,Indore,5,28.08,0.15,119.34,102.09,17.25,Credit Card,Consumer
ORD-04439,2025-12-30,CUST-0028,Electronics,Headphones,Central,Indore,5,437.15,0.0,2185.75,1672.81,512.94,UPI,Corporate
ORD-00476,2025-12-30,CUST-0634,Office Supplies,Printer Paper,West,Pune,7,29.65,0.0,207.55,123.45,84.1,Credit Card,Corporate
ORD-02071,2025-12-30,CUST-0404,Office Supplies,Printer Paper,South,Bengaluru,7,46.57,0.0,325.99,232.62,93.37,Cash,Small Business
ORD-03941,2025-12-30,CUST-0234,Electronics,Keyboard,Central,Nagpur,8,458.84,0.0,3670.72,2944.51,726.21,UPI,Consumer
ORD-01850,2025-12-30,CUST-0010,Office Supplies,Pen Set,South,Hyderabad,6,36.42,0.1,196.67,138.78,57.89,Bank Transfer,Consumer
ORD-04542,2025-12-31,CUST-0629,Electronics,Laptop,Central,Bhopal,5,543.41,0.1,2445.34,1448.61,996.73,UPI,Corporate
ORD-02542,2025-12-31,CUST-1200,Clothing,Jeans,North,Jaipur,7,70.67,0.1,445.22,340.61,104.61,Bank Transfer,Corporate
ORD-02609,2025-12-31,CUST-1047,Furniture,Desk,East,Guwahati,8,303.96,0.0,2431.68,1621.77,809.91,Debit Card,Consumer
ORD-04690,2025-12-31,CUST-0929,Electronics,Monitor,West,Pune,8,489.63,0.2,3133.63,2475.9,657.73,UPI,Small Business
ORD-00465,2025-12-31,CUST-0073,Electronics,Smartphone,Central,Indore,1,397.1,0.15,337.54,226.76,110.78,Bank Transfer,Consumer
ORD-04001,2025-12-31,CUST-0080,Electronics,Smartphone,Central,Bhopal,3,628.91,0.0,1886.73,1608.46,278.27,UPI,Consumer
ORD-00500,2025-12-31,CUST-0580,Electronics,Keyboard,West,Ahmedabad,4,554.78,0.0,2219.12,1390.35,828.77,Debit Card,Small Business
ORD-01499,2025-12-31,CUST-1106,Electronics,Headphones,Central,Bhopal,8,443.79,0.0,3550.32,2193.23,1357.09,Debit Card,Consumer
ORD-02488,2025-12-31,CUST-0271,Electronics,Keyboard,Central,Bhopal,6,367.38,0.0,2204.28,1338.31,865.97,UPI,Small Business
ORD-02057,2025-12-31,CUST-1156,Office Supplies,Calculator,East,Kolkata,4,31.08,0.05,118.1,69.99,48.11,Bank Transfer,Small Business
ORD-00676,2025-12-31,CUST-0698,Electronics,Smartphone,East,Kolkata,1,363.22,0.2,290.58,228.44,62.14,Bank Transfer,Consumer
ORD-01734,2025-12-31,CUST-1152,Home & Kitchen,Blender,South,Chennai,8,125.18,0.15,851.22,552.61,298.61,Debit Card,Corporate
ORD-01237,2025-12-31,CUST-0129,Clothing,Backpack,Central,Nagpur,4,78.75,0.1,283.5,194.2,89.3,Debit Card,Small Business
ORD-02747,2025-12-31,CUST-0934,Furniture,Cabinet,South,Chennai,2,286.41,0.05,544.18,333.86,210.32,UPI,Small Business
ORD-01786,2025-12-31,CUST-0800,Electronics,Monitor,Central,Bhopal,7,428.28,0.0,2997.96,2099.72,898.24,UPI,Consumer
ORD-03162,2025-12-31,CUST-0333,Office Supplies,Notebook,South,Hyderabad,1,27.59,0.2,22.07,13.62,8.45,Bank Transfer,Corporate
ORD-01516,2025-12-31,CUST-0700,Office Supplies,Stapler,Central,Indore,5,39.62,0.0,198.1,132.46,65.64,Cash,Consumer
ORD-04445,2025-12-31,CUST-0944,Home & Kitchen,Cookware Set,Central,Nagpur,5,130.61,0.15,555.09,332.76,222.33,UPI,Consumer
ORD-01289,2025-12-31,CUST-0816,Office Supplies,Calculator,South,Bengaluru,8,38.41,0.05,291.92,201.53,90.39,Debit Card,Small Business
ORD-03813,2025-12-31,CUST-0349,Home & Kitchen,Cookware Set,South,Hyderabad,6,146.85,0.2,704.88,523.65,181.23,UPI,Consumer
ORD-01338,2025-12-31,CUST-0090,Home & Kitchen,Coffee Maker,West,Ahmedabad,4,85.64,0.1,308.3,215.08,93.22,UPI,Small Business
